-- --------------------------------------------------------
-- 호스트:                          k7d208.p.ssafy.io
-- 서버 버전:                        8.0.31 - MySQL Community Server - GPL
-- 서버 OS:                        Linux
-- HeidiSQL 버전:                  12.0.0.6468
-- --------------------------------------------------------

/*!40101 SET @OLD_CHARACTER_SET_CLIENT=@@CHARACTER_SET_CLIENT */;
/*!40101 SET NAMES utf8 */;
/*!50503 SET NAMES utf8mb4 */;
/*!40103 SET @OLD_TIME_ZONE=@@TIME_ZONE */;
/*!40103 SET TIME_ZONE='+00:00' */;
/*!40014 SET @OLD_FOREIGN_KEY_CHECKS=@@FOREIGN_KEY_CHECKS, FOREIGN_KEY_CHECKS=0 */;
/*!40101 SET @OLD_SQL_MODE=@@SQL_MODE, SQL_MODE='NO_AUTO_VALUE_ON_ZERO' */;
/*!40111 SET @OLD_SQL_NOTES=@@SQL_NOTES, SQL_NOTES=0 */;


-- ddokbun 데이터베이스 구조 내보내기
CREATE DATABASE IF NOT EXISTS `ddokbun` /*!40100 DEFAULT CHARACTER SET utf8mb4 COLLATE utf8mb4_unicode_ci */ /*!80016 DEFAULT ENCRYPTION='N' */;
USE `ddokbun`;

-- 테이블 ddokbun.alarm_log 구조 내보내기
CREATE TABLE IF NOT EXISTS `alarm_log` (
  `alarm_log_seq` bigint NOT NULL AUTO_INCREMENT,
  `body` varchar(255) COLLATE utf8mb4_unicode_ci DEFAULT NULL,
  `title` varchar(255) COLLATE utf8mb4_unicode_ci DEFAULT NULL,
  `user_seq` bigint NOT NULL,
  `time` varchar(255) COLLATE utf8mb4_unicode_ci DEFAULT NULL,
  PRIMARY KEY (`alarm_log_seq`)
) ENGINE=InnoDB AUTO_INCREMENT=2 DEFAULT CHARSET=utf8mb4 COLLATE=utf8mb4_unicode_ci;

-- 테이블 데이터 ddokbun.alarm_log:~23 rows (대략적) 내보내기
REPLACE INTO `alarm_log` (`alarm_log_seq`, `body`, `title`, `user_seq`, `time`) VALUES
	(1, '즐거운 원숭이 님 물을 공급할 물통에 물이 부족합니다. 물을 채워주세요.', '물통 물 부족', 145, '2022-11-17 14:53:50');

-- 테이블 ddokbun.BATCH_JOB_EXECUTION 구조 내보내기
CREATE TABLE IF NOT EXISTS `BATCH_JOB_EXECUTION` (
  `JOB_EXECUTION_ID` bigint NOT NULL,
  `VERSION` bigint DEFAULT NULL,
  `JOB_INSTANCE_ID` bigint NOT NULL,
  `CREATE_TIME` datetime(6) NOT NULL,
  `START_TIME` datetime(6) DEFAULT NULL,
  `END_TIME` datetime(6) DEFAULT NULL,
  `STATUS` varchar(10) COLLATE utf8mb4_unicode_ci DEFAULT NULL,
  `EXIT_CODE` varchar(2500) COLLATE utf8mb4_unicode_ci DEFAULT NULL,
  `EXIT_MESSAGE` varchar(2500) COLLATE utf8mb4_unicode_ci DEFAULT NULL,
  `LAST_UPDATED` datetime(6) DEFAULT NULL,
  `JOB_CONFIGURATION_LOCATION` varchar(2500) COLLATE utf8mb4_unicode_ci DEFAULT NULL,
  PRIMARY KEY (`JOB_EXECUTION_ID`),
  KEY `JOB_INST_EXEC_FK` (`JOB_INSTANCE_ID`),
  CONSTRAINT `JOB_INST_EXEC_FK` FOREIGN KEY (`JOB_INSTANCE_ID`) REFERENCES `BATCH_JOB_INSTANCE` (`JOB_INSTANCE_ID`)
) ENGINE=InnoDB DEFAULT CHARSET=utf8mb4 COLLATE=utf8mb4_unicode_ci;

-- 테이블 데이터 ddokbun.BATCH_JOB_EXECUTION:~48 rows (대략적) 내보내기
REPLACE INTO `BATCH_JOB_EXECUTION` (`JOB_EXECUTION_ID`, `VERSION`, `JOB_INSTANCE_ID`, `CREATE_TIME`, `START_TIME`, `END_TIME`, `STATUS`, `EXIT_CODE`, `EXIT_MESSAGE`, `LAST_UPDATED`, `JOB_CONFIGURATION_LOCATION`) VALUES
	(1, 2, 1, '2022-11-06 17:08:04.537000', '2022-11-06 17:08:04.896000', '2022-11-06 17:08:06.658000', 'FAILED', 'FAILED', 'java.lang.IllegalArgumentException: org.hibernate.QueryException: could not resolve property: is_auto of: com.harryporter.ddokbun.domain.plant.entity.Pot [SELECT p FROM com.harryporter.ddokbun.domain.plant.entity.Pot p WHERE p.is_auto = \'Y\' AND p.waterSupply  < :now ]\r\n	at org.hibernate.internal.ExceptionConverterImpl.convert(ExceptionConverterImpl.java:138)\r\n	at org.hibernate.internal.ExceptionConverterImpl.convert(ExceptionConverterImpl.java:181)\r\n	at org.hibernate.internal.ExceptionConverterImpl.convert(ExceptionConverterImpl.java:188)\r\n	at org.hibernate.internal.AbstractSharedSessionContract.createQuery(AbstractSharedSessionContract.java:757)\r\n	at org.hibernate.internal.AbstractSharedSessionContract.createQuery(AbstractSharedSessionContract.java:114)\r\n	at java.base/jdk.internal.reflect.NativeMethodAccessorImpl.invoke0(Native Method)\r\n	at java.base/jdk.internal.reflect.NativeMethodAccessorImpl.invoke(NativeMethodAccessorImpl.java:62)\r\n	at java.base/jdk.internal.reflect.DelegatingMethodAccessorImpl.invoke(DelegatingMethodAccessorImpl.java:43)\r\n	at java.base/java.lang.reflect.Method.invoke(Method.java:566)\r\n	at org.springframework.orm.jpa.ExtendedEntityManagerCreator$ExtendedEntityManagerInvocationHandler.invoke(ExtendedEntityManagerCreator.java:362)\r\n	at com.sun.proxy.$Proxy150.createQuery(Unknown Source)\r\n	at org.springframework.batch.item.database.JpaPagingItemReader.createQuery(JpaPagingItemReader.java:112)\r\n	at org.springframework.batch.item.database.JpaPagingItemReader.doReadPage(JpaPagingItemReader.java:199)\r\n	at org.springframework.batch.item.database.AbstractPagingItemReader.doRead(AbstractPagingItemReader.java:110)\r\n	at org.springframework.batch.item.support.AbstractItemCountingItemStreamItemReader.read(AbstractItemCountingItemStreamItemReader.java:93)\r\n	at org.springframework.batch.item.support.AbstractItemCountingItemStreamItemReader$$FastClassBySpringCGLIB$$ebb633d0.invoke(<generated>)\r\n	at org.springframework.cglib.proxy.MethodProxy.invoke(MethodProxy.java:218)\r\n	at org.springframework.aop.framework.CglibAopProxy$CglibMethodInvocation.invokeJoinpoint(CglibAopProxy.java:793)\r\n	at org.springframework.aop.framework.ReflectiveMethodInvocation.proceed(ReflectiveMethodInvocation.java:163)\r\n	at org.springframework.aop.framework.CglibAopProxy$CglibMethodInvocation.proceed(CglibAopProxy.java:763)\r\n	at org.springframework.aop.support.DelegatingIntroductionInterceptor.doProceed(DelegatingIntroductionInterceptor.java:137)\r\n	at org.springframework.aop.su', '2022-11-06 17:08:06.674000', NULL),
	(2, 2, 1, '2022-11-06 17:10:05.535000', '2022-11-06 17:10:05.952000', '2022-11-06 17:10:07.705000', 'FAILED', 'FAILED', 'org.hibernate.QueryException: Named parameter not bound : now\r\n	at org.hibernate.query.internal.QueryParameterBindingsImpl.verifyParametersBound(QueryParameterBindingsImpl.java:211)\r\n	at org.hibernate.query.internal.AbstractProducedQuery.beforeQuery(AbstractProducedQuery.java:1511)\r\n	at org.hibernate.query.internal.AbstractProducedQuery.list(AbstractProducedQuery.java:1615)\r\n	at org.hibernate.query.Query.getResultList(Query.java:165)\r\n	at org.springframework.batch.item.database.JpaPagingItemReader.doReadPage(JpaPagingItemReader.java:221)\r\n	at org.springframework.batch.item.database.AbstractPagingItemReader.doRead(AbstractPagingItemReader.java:110)\r\n	at org.springframework.batch.item.support.AbstractItemCountingItemStreamItemReader.read(AbstractItemCountingItemStreamItemReader.java:93)\r\n	at org.springframework.batch.item.support.AbstractItemCountingItemStreamItemReader$$FastClassBySpringCGLIB$$ebb633d0.invoke(<generated>)\r\n	at org.springframework.cglib.proxy.MethodProxy.invoke(MethodProxy.java:218)\r\n	at org.springframework.aop.framework.CglibAopProxy$CglibMethodInvocation.invokeJoinpoint(CglibAopProxy.java:793)\r\n	at org.springframework.aop.framework.ReflectiveMethodInvocation.proceed(ReflectiveMethodInvocation.java:163)\r\n	at org.springframework.aop.framework.CglibAopProxy$CglibMethodInvocation.proceed(CglibAopProxy.java:763)\r\n	at org.springframework.aop.support.DelegatingIntroductionInterceptor.doProceed(DelegatingIntroductionInterceptor.java:137)\r\n	at org.springframework.aop.support.DelegatingIntroductionInterceptor.invoke(DelegatingIntroductionInterceptor.java:124)\r\n	at org.springframework.aop.framework.ReflectiveMethodInvocation.proceed(ReflectiveMethodInvocation.java:186)\r\n	at org.springframework.aop.framework.CglibAopProxy$CglibMethodInvocation.proceed(CglibAopProxy.java:763)\r\n	at org.springframework.aop.framework.CglibAopProxy$DynamicAdvisedInterceptor.intercept(CglibAopProxy.java:708)\r\n	at org.springframework.batch.item.database.JpaPagingItemReader$$EnhancerBySpringCGLIB$$8435c69d.read(<generated>)\r\n	at org.springframework.batch.core.step.item.SimpleChunkProvider.doRead(SimpleChunkProvider.java:99)\r\n	at org.springframework.batch.core.step.item.SimpleChunkProvider.read(SimpleChunkProvider.java:180)\r\n	at org.springframework.batch.core.step.item.SimpleChunkProvider$1.doInIteration(SimpleChunkProvider.java:126)\r\n	at org.springframework.batch.repeat.support.RepeatTemplate.getNextResult(RepeatTemplate.java:375)\r\n	at org.springframework.batch.repeat.support', '2022-11-06 17:10:07.736000', NULL),
	(3, 2, 1, '2022-11-06 17:12:01.423000', '2022-11-06 17:12:01.673000', '2022-11-06 17:12:03.448000', 'COMPLETED', 'COMPLETED', '', '2022-11-06 17:12:03.476000', NULL),
	(4, 2, 2, '2022-11-07 09:00:00.045000', '2022-11-07 09:00:00.123000', '2022-11-07 09:00:00.419000', 'COMPLETED', 'COMPLETED', '', '2022-11-07 09:00:00.420000', NULL),
	(5, 2, 3, '2022-11-08 09:00:00.047000', '2022-11-08 09:00:00.118000', '2022-11-08 09:00:00.413000', 'COMPLETED', 'COMPLETED', '', '2022-11-08 09:00:00.414000', NULL),
	(6, 2, 4, '2022-11-09 09:00:00.031000', '2022-11-09 09:00:00.098000', '2022-11-09 09:00:00.304000', 'COMPLETED', 'COMPLETED', '', '2022-11-09 09:00:00.305000', NULL),
	(7, 2, 5, '2022-11-10 09:00:00.100000', '2022-11-10 09:00:00.216000', '2022-11-10 09:00:00.459000', 'COMPLETED', 'COMPLETED', '', '2022-11-10 09:00:00.460000', NULL),
	(8, 2, 6, '2022-11-10 09:00:00.491000', '2022-11-10 09:00:00.510000', '2022-11-10 09:00:00.651000', 'COMPLETED', 'COMPLETED', '', '2022-11-10 09:00:00.652000', NULL),
	(9, 2, 7, '2022-11-11 12:40:19.028000', '2022-11-11 12:40:19.310000', '2022-11-11 12:40:56.390000', 'FAILED', 'FAILED', '', '2022-11-11 12:40:56.403000', NULL),
	(10, 2, 7, '2022-11-11 12:48:04.417000', '2022-11-11 12:48:04.683000', '2022-11-11 12:50:06.298000', 'FAILED', 'FAILED', '', '2022-11-11 12:50:06.309000', NULL),
	(11, 2, 7, '2022-11-11 12:51:44.858000', '2022-11-11 12:51:45.148000', '2022-11-11 12:51:45.443000', 'FAILED', 'FAILED', 'All steps already completed or no steps configured for this job.', '2022-11-11 12:51:45.456000', NULL),
	(12, 2, 7, '2022-11-11 12:54:44.841000', '2022-11-11 12:54:45.106000', '2022-11-11 12:54:46.147000', 'FAILED', 'FAILED', '', '2022-11-11 12:54:46.159000', NULL),
	(13, 2, 7, '2022-11-11 12:59:26.724000', '2022-11-11 12:59:27.285000', '2022-11-11 12:59:36.293000', 'FAILED', 'FAILED', '', '2022-11-11 12:59:36.307000', NULL),
	(14, 2, 7, '2022-11-11 13:02:55.705000', '2022-11-11 13:02:56.311000', '2022-11-11 13:03:09.090000', 'FAILED', 'FAILED', '', '2022-11-11 13:03:09.105000', NULL),
	(15, 2, 7, '2022-11-11 13:29:40.885000', '2022-11-11 13:29:41.457000', '2022-11-11 13:32:25.028000', 'COMPLETED', 'COMPLETED', '', '2022-11-11 13:32:25.042000', NULL),
	(16, 2, 8, '2022-11-11 13:34:50.277000', '2022-11-11 13:34:50.573000', '2022-11-11 13:35:28.117000', 'COMPLETED', 'COMPLETED', '', '2022-11-11 13:35:28.130000', NULL),
	(17, 2, 9, '2022-11-11 13:36:43.888000', '2022-11-11 13:36:44.473000', '2022-11-11 13:37:32.106000', 'COMPLETED', 'COMPLETED', '', '2022-11-11 13:37:32.119000', NULL),
	(18, 2, 10, '2022-11-11 13:38:08.775000', '2022-11-11 13:38:09.012000', '2022-11-11 13:38:32.605000', 'COMPLETED', 'COMPLETED', '', '2022-11-11 13:38:32.617000', NULL),
	(19, 2, 11, '2022-11-11 13:46:50.208000', '2022-11-11 13:46:50.429000', '2022-11-11 13:48:27.608000', 'COMPLETED', 'COMPLETED', '', '2022-11-11 13:48:27.621000', NULL),
	(20, 2, 12, '2022-11-11 13:49:36.370000', '2022-11-11 13:49:36.661000', '2022-11-11 13:51:48.218000', 'COMPLETED', 'COMPLETED', '', '2022-11-11 13:51:48.230000', NULL),
	(21, 2, 13, '2022-11-11 13:53:47.383000', '2022-11-11 13:53:48.021000', '2022-11-11 13:56:31.297000', 'COMPLETED', 'COMPLETED', '', '2022-11-11 13:56:31.312000', NULL),
	(22, 2, 14, '2022-11-11 13:58:16.116000', '2022-11-11 13:58:16.342000', '2022-11-11 13:59:16.810000', 'COMPLETED', 'COMPLETED', '', '2022-11-11 13:59:16.822000', NULL),
	(23, 2, 15, '2022-11-11 14:02:00.257000', '2022-11-11 14:02:00.574000', '2022-11-11 14:02:01.534000', 'COMPLETED', 'COMPLETED', '', '2022-11-11 14:02:01.546000', NULL),
	(24, 2, 16, '2022-11-11 14:02:52.741000', '2022-11-11 14:02:53.023000', '2022-11-11 14:02:53.985000', 'COMPLETED', 'COMPLETED', '', '2022-11-11 14:02:53.997000', NULL),
	(25, 2, 17, '2022-11-11 14:03:46.148000', '2022-11-11 14:03:46.421000', '2022-11-11 14:06:36.705000', 'COMPLETED', 'COMPLETED', '', '2022-11-11 14:06:36.717000', NULL),
	(26, 2, 18, '2022-11-11 14:08:16.449000', '2022-11-11 14:08:16.685000', '2022-11-11 14:11:31.470000', 'COMPLETED', 'COMPLETED', '', '2022-11-11 14:11:31.484000', NULL),
	(27, 2, 19, '2022-11-11 14:15:01.591000', '2022-11-11 14:15:01.873000', '2022-11-11 14:17:42.172000', 'COMPLETED', 'COMPLETED', '', '2022-11-11 14:17:42.182000', NULL),
	(28, 2, 20, '2022-11-11 14:20:27.107000', '2022-11-11 14:20:27.331000', '2022-11-11 14:20:36.348000', 'COMPLETED', 'COMPLETED', '', '2022-11-11 14:20:36.360000', NULL),
	(29, 2, 21, '2022-11-11 14:29:57.877000', '2022-11-11 14:29:58.113000', '2022-11-11 14:30:06.660000', 'COMPLETED', 'COMPLETED', '', '2022-11-11 14:30:06.674000', NULL),
	(30, 2, 22, '2022-11-11 14:40:52.131000', '2022-11-11 14:40:52.415000', '2022-11-11 14:40:53.521000', 'COMPLETED', 'COMPLETED', '', '2022-11-11 14:40:53.535000', NULL),
	(31, 2, 23, '2022-11-11 14:41:58.796000', '2022-11-11 14:41:59.009000', '2022-11-11 14:42:05.500000', 'COMPLETED', 'COMPLETED', '', '2022-11-11 14:42:05.513000', NULL),
	(32, 2, 24, '2022-11-11 14:44:45.891000', '2022-11-11 14:44:46.131000', '2022-11-11 14:45:55.572000', 'COMPLETED', 'COMPLETED', '', '2022-11-11 14:45:55.585000', NULL),
	(33, 2, 25, '2022-11-11 14:47:16.035000', '2022-11-11 14:47:16.257000', '2022-11-11 14:47:21.474000', 'COMPLETED', 'COMPLETED', '', '2022-11-11 14:47:21.487000', NULL),
	(34, 1, 26, '2022-11-11 14:57:10.791000', '2022-11-11 14:57:11.046000', NULL, 'STARTED', 'UNKNOWN', '', '2022-11-11 14:57:11.058000', NULL),
	(35, 2, 27, '2022-11-11 16:06:57.848000', '2022-11-11 16:06:58.083000', '2022-11-11 16:07:01.487000', 'COMPLETED', 'COMPLETED', '', '2022-11-11 16:07:01.499000', NULL),
	(36, 2, 28, '2022-11-11 16:22:57.981000', '2022-11-11 16:22:58.233000', '2022-11-11 16:23:01.549000', 'FAILED', 'FAILED', 'org.springframework.orm.jpa.JpaSystemException: could not execute statement; nested exception is org.hibernate.exception.GenericJDBCException: could not execute statement\r\n	at org.springframework.orm.jpa.vendor.HibernateJpaDialect.convertHibernateAccessException(HibernateJpaDialect.java:331)\r\n	at org.springframework.orm.jpa.vendor.HibernateJpaDialect.translateExceptionIfPossible(HibernateJpaDialect.java:233)\r\n	at org.springframework.orm.jpa.AbstractEntityManagerFactoryBean.translateExceptionIfPossible(AbstractEntityManagerFactoryBean.java:551)\r\n	at org.springframework.dao.support.ChainedPersistenceExceptionTranslator.translateExceptionIfPossible(ChainedPersistenceExceptionTranslator.java:61)\r\n	at org.springframework.dao.support.DataAccessUtils.translateIfNecessary(DataAccessUtils.java:242)\r\n	at org.springframework.dao.support.PersistenceExceptionTranslationInterceptor.invoke(PersistenceExceptionTranslationInterceptor.java:152)\r\n	at org.springframework.aop.framework.ReflectiveMethodInvocation.proceed(ReflectiveMethodInvocation.java:186)\r\n	at org.springframework.data.jpa.repository.support.CrudMethodMetadataPostProcessor$CrudMethodMetadataPopulatingMethodInterceptor.invoke(CrudMethodMetadataPostProcessor.java:174)\r\n	at org.springframework.aop.framework.ReflectiveMethodInvocation.proceed(ReflectiveMethodInvocation.java:186)\r\n	at org.springframework.aop.interceptor.ExposeInvocationInterceptor.invoke(ExposeInvocationInterceptor.java:97)\r\n	at org.springframework.aop.framework.ReflectiveMethodInvocation.proceed(ReflectiveMethodInvocation.java:186)\r\n	at org.springframework.aop.framework.JdkDynamicAopProxy.invoke(JdkDynamicAopProxy.java:215)\r\n	at com.sun.proxy.$Proxy172.save(Unknown Source)\r\n	at com.harryporter.ddokbun.domain.alarm.service.AlarmService.sendAlarmToUser(AlarmService.java:72)\r\n	at com.harryporter.ddokbun.domain.alarm.service.AlarmService$$FastClassBySpringCGLIB$$97742e28.invoke(<generated>)\r\n	at org.springframework.cglib.proxy.MethodProxy.invoke(MethodProxy.java:218)\r\n	at org.springframework.aop.framework.CglibAopProxy$CglibMethodInvocation.invokeJoinpoint(CglibAopProxy.java:793)\r\n	at org.springframework.aop.framework.ReflectiveMethodInvocation.proceed(ReflectiveMethodInvocation.java:163)\r\n	at org.springframework.aop.framework.CglibAopProxy$CglibMethodInvocation.proceed(CglibAopProxy.java:763)\r\n	at org.springframework.transaction.interceptor.TransactionInterceptor$1.proceedWithInvocation(TransactionInterceptor.java:123)\r\n	at org.springframework.transa', '2022-11-11 16:23:01.560000', NULL),
	(37, 2, 29, '2022-11-11 16:24:37.215000', '2022-11-11 16:24:37.411000', '2022-11-11 16:24:40.751000', 'FAILED', 'FAILED', 'org.springframework.orm.jpa.JpaSystemException: could not execute statement; nested exception is org.hibernate.exception.GenericJDBCException: could not execute statement\r\n	at org.springframework.orm.jpa.vendor.HibernateJpaDialect.convertHibernateAccessException(HibernateJpaDialect.java:331)\r\n	at org.springframework.orm.jpa.vendor.HibernateJpaDialect.translateExceptionIfPossible(HibernateJpaDialect.java:233)\r\n	at org.springframework.orm.jpa.AbstractEntityManagerFactoryBean.translateExceptionIfPossible(AbstractEntityManagerFactoryBean.java:551)\r\n	at org.springframework.dao.support.ChainedPersistenceExceptionTranslator.translateExceptionIfPossible(ChainedPersistenceExceptionTranslator.java:61)\r\n	at org.springframework.dao.support.DataAccessUtils.translateIfNecessary(DataAccessUtils.java:242)\r\n	at org.springframework.dao.support.PersistenceExceptionTranslationInterceptor.invoke(PersistenceExceptionTranslationInterceptor.java:152)\r\n	at org.springframework.aop.framework.ReflectiveMethodInvocation.proceed(ReflectiveMethodInvocation.java:186)\r\n	at org.springframework.data.jpa.repository.support.CrudMethodMetadataPostProcessor$CrudMethodMetadataPopulatingMethodInterceptor.invoke(CrudMethodMetadataPostProcessor.java:174)\r\n	at org.springframework.aop.framework.ReflectiveMethodInvocation.proceed(ReflectiveMethodInvocation.java:186)\r\n	at org.springframework.aop.interceptor.ExposeInvocationInterceptor.invoke(ExposeInvocationInterceptor.java:97)\r\n	at org.springframework.aop.framework.ReflectiveMethodInvocation.proceed(ReflectiveMethodInvocation.java:186)\r\n	at org.springframework.aop.framework.JdkDynamicAopProxy.invoke(JdkDynamicAopProxy.java:215)\r\n	at com.sun.proxy.$Proxy172.save(Unknown Source)\r\n	at com.harryporter.ddokbun.domain.alarm.service.AlarmService.sendAlarmToUser(AlarmService.java:72)\r\n	at com.harryporter.ddokbun.domain.alarm.service.AlarmService$$FastClassBySpringCGLIB$$97742e28.invoke(<generated>)\r\n	at org.springframework.cglib.proxy.MethodProxy.invoke(MethodProxy.java:218)\r\n	at org.springframework.aop.framework.CglibAopProxy$CglibMethodInvocation.invokeJoinpoint(CglibAopProxy.java:793)\r\n	at org.springframework.aop.framework.ReflectiveMethodInvocation.proceed(ReflectiveMethodInvocation.java:163)\r\n	at org.springframework.aop.framework.CglibAopProxy$CglibMethodInvocation.proceed(CglibAopProxy.java:763)\r\n	at org.springframework.transaction.interceptor.TransactionInterceptor$1.proceedWithInvocation(TransactionInterceptor.java:123)\r\n	at org.springframework.transa', '2022-11-11 16:24:40.762000', NULL),
	(38, 2, 30, '2022-11-12 09:00:00.020000', '2022-11-12 09:00:00.102000', '2022-11-12 09:00:02.299000', 'COMPLETED', 'COMPLETED', '', '2022-11-12 09:00:02.299000', NULL),
	(39, 2, 31, '2022-11-12 09:00:02.326000', '2022-11-12 09:00:02.344000', '2022-11-12 09:00:02.436000', 'COMPLETED', 'COMPLETED', '', '2022-11-12 09:00:02.437000', NULL),
	(40, 2, 32, '2022-11-14 09:00:00.051000', '2022-11-14 09:00:00.152000', '2022-11-14 09:00:02.104000', 'COMPLETED', 'COMPLETED', '', '2022-11-14 09:00:02.105000', NULL),
	(41, 2, 33, '2022-11-14 09:00:02.134000', '2022-11-14 09:00:02.161000', '2022-11-14 09:00:03.288000', 'COMPLETED', 'COMPLETED', '', '2022-11-14 09:00:03.289000', NULL),
	(42, 2, 34, '2022-11-14 09:00:03.316000', '2022-11-14 09:00:03.331000', '2022-11-14 09:00:03.436000', 'COMPLETED', 'COMPLETED', '', '2022-11-14 09:00:03.437000', NULL),
	(43, 2, 35, '2022-11-15 14:55:54.424000', '2022-11-15 14:55:55.004000', '2022-11-15 14:56:04.788000', 'COMPLETED', 'COMPLETED', '', '2022-11-15 14:56:04.806000', NULL),
	(44, 2, 36, '2022-11-15 14:56:05.231000', '2022-11-15 14:56:05.483000', '2022-11-15 14:56:07.100000', 'COMPLETED', 'COMPLETED', '', '2022-11-15 14:56:07.134000', NULL),
	(45, 2, 37, '2022-11-15 14:56:08.243000', '2022-11-15 14:56:08.514000', '2022-11-15 14:56:10.247000', 'COMPLETED', 'COMPLETED', '', '2022-11-15 14:56:10.270000', NULL),
	(46, 2, 38, '2022-11-15 09:00:00.123000', '2022-11-15 09:00:00.206000', '2022-11-15 09:00:02.312000', 'COMPLETED', 'COMPLETED', '', '2022-11-15 09:00:02.313000', NULL),
	(47, 2, 39, '2022-11-16 14:51:29.279000', '2022-11-16 14:51:29.437000', '2022-11-16 14:51:30.146000', 'COMPLETED', 'COMPLETED', '', '2022-11-16 14:51:30.159000', NULL),
	(48, 2, 40, '2022-11-16 14:51:30.387000', '2022-11-16 14:51:30.519000', '2022-11-16 14:51:31.994000', 'COMPLETED', 'COMPLETED', '', '2022-11-16 14:51:32.008000', NULL),
	(49, 2, 41, '2022-11-16 14:51:32.233000', '2022-11-16 14:51:32.369000', '2022-11-16 14:51:33.173000', 'COMPLETED', 'COMPLETED', '', '2022-11-16 14:51:33.187000', NULL),
	(50, 2, 42, '2022-11-16 17:21:10.803000', '2022-11-16 17:21:11.042000', '2022-11-16 17:21:15.763000', 'COMPLETED', 'COMPLETED', '', '2022-11-16 17:21:15.775000', NULL),
	(51, 1, 43, '2022-11-16 17:24:13.977000', '2022-11-16 17:24:14.203000', NULL, 'STARTED', 'UNKNOWN', '', '2022-11-16 17:24:14.215000', NULL),
	(52, 2, 44, '2022-11-16 09:00:00.072000', '2022-11-16 09:00:00.133000', '2022-11-16 09:00:00.776000', 'COMPLETED', 'COMPLETED', '', '2022-11-16 09:00:00.777000', NULL),
	(53, 2, 45, '2022-11-17 14:53:47.793000', '2022-11-17 14:53:47.935000', '2022-11-17 14:53:48.807000', 'COMPLETED', 'COMPLETED', '', '2022-11-17 14:53:48.820000', NULL),
	(54, 2, 46, '2022-11-17 14:53:49.065000', '2022-11-17 14:53:49.222000', '2022-11-17 14:53:51.089000', 'COMPLETED', 'COMPLETED', '', '2022-11-17 14:53:51.101000', NULL),
	(55, 2, 47, '2022-11-17 14:53:51.334000', '2022-11-17 14:53:51.469000', '2022-11-17 14:53:52.270000', 'COMPLETED', 'COMPLETED', '', '2022-11-17 14:53:52.282000', NULL);

-- 테이블 ddokbun.BATCH_JOB_EXECUTION_CONTEXT 구조 내보내기
CREATE TABLE IF NOT EXISTS `BATCH_JOB_EXECUTION_CONTEXT` (
  `JOB_EXECUTION_ID` bigint NOT NULL,
  `SHORT_CONTEXT` varchar(2500) COLLATE utf8mb4_unicode_ci NOT NULL,
  `SERIALIZED_CONTEXT` text COLLATE utf8mb4_unicode_ci,
  PRIMARY KEY (`JOB_EXECUTION_ID`),
  CONSTRAINT `JOB_EXEC_CTX_FK` FOREIGN KEY (`JOB_EXECUTION_ID`) REFERENCES `BATCH_JOB_EXECUTION` (`JOB_EXECUTION_ID`)
) ENGINE=InnoDB DEFAULT CHARSET=utf8mb4 COLLATE=utf8mb4_unicode_ci;

-- 테이블 데이터 ddokbun.BATCH_JOB_EXECUTION_CONTEXT:~46 rows (대략적) 내보내기
REPLACE INTO `BATCH_JOB_EXECUTION_CONTEXT` (`JOB_EXECUTION_ID`, `SHORT_CONTEXT`, `SERIALIZED_CONTEXT`) VALUES
	(1, '{"@class":"java.util.HashMap"}', NULL),
	(2, '{"@class":"java.util.HashMap"}', NULL),
	(3, '{"@class":"java.util.HashMap"}', NULL),
	(4, '{"@class":"java.util.HashMap"}', NULL),
	(5, '{"@class":"java.util.HashMap"}', NULL),
	(6, '{"@class":"java.util.HashMap"}', NULL),
	(7, '{"@class":"java.util.HashMap"}', NULL),
	(8, '{"@class":"java.util.HashMap"}', NULL),
	(10, '{"@class":"java.util.HashMap"}', NULL),
	(11, '{"@class":"java.util.HashMap"}', NULL),
	(12, '{"@class":"java.util.HashMap"}', NULL),
	(13, '{"@class":"java.util.HashMap"}', NULL),
	(14, '{"@class":"java.util.HashMap"}', NULL),
	(15, '{"@class":"java.util.HashMap"}', NULL),
	(16, '{"@class":"java.util.HashMap"}', NULL),
	(17, '{"@class":"java.util.HashMap"}', NULL),
	(18, '{"@class":"java.util.HashMap"}', NULL),
	(19, '{"@class":"java.util.HashMap"}', NULL),
	(20, '{"@class":"java.util.HashMap"}', NULL),
	(21, '{"@class":"java.util.HashMap"}', NULL),
	(22, '{"@class":"java.util.HashMap"}', NULL),
	(23, '{"@class":"java.util.HashMap"}', NULL),
	(24, '{"@class":"java.util.HashMap"}', NULL),
	(25, '{"@class":"java.util.HashMap"}', NULL),
	(26, '{"@class":"java.util.HashMap"}', NULL),
	(27, '{"@class":"java.util.HashMap"}', NULL),
	(28, '{"@class":"java.util.HashMap"}', NULL),
	(29, '{"@class":"java.util.HashMap"}', NULL),
	(30, '{"@class":"java.util.HashMap"}', NULL),
	(31, '{"@class":"java.util.HashMap"}', NULL),
	(32, '{"@class":"java.util.HashMap"}', NULL),
	(33, '{"@class":"java.util.HashMap"}', NULL),
	(34, '{"@class":"java.util.HashMap"}', NULL),
	(35, '{"@class":"java.util.HashMap"}', NULL),
	(36, '{"@class":"java.util.HashMap"}', NULL),
	(37, '{"@class":"java.util.HashMap"}', NULL),
	(38, '{"@class":"java.util.HashMap"}', NULL),
	(39, '{"@class":"java.util.HashMap"}', NULL),
	(40, '{"@class":"java.util.HashMap"}', NULL),
	(41, '{"@class":"java.util.HashMap"}', NULL),
	(42, '{"@class":"java.util.HashMap"}', NULL),
	(43, '{"@class":"java.util.HashMap"}', NULL),
	(44, '{"@class":"java.util.HashMap"}', NULL),
	(45, '{"@class":"java.util.HashMap"}', NULL),
	(46, '{"@class":"java.util.HashMap"}', NULL),
	(47, '{"@class":"java.util.HashMap"}', NULL),
	(48, '{"@class":"java.util.HashMap"}', NULL),
	(49, '{"@class":"java.util.HashMap"}', NULL),
	(50, '{"@class":"java.util.HashMap"}', NULL),
	(51, '{"@class":"java.util.HashMap"}', NULL),
	(52, '{"@class":"java.util.HashMap"}', NULL),
	(53, '{"@class":"java.util.HashMap"}', NULL),
	(54, '{"@class":"java.util.HashMap"}', NULL),
	(55, '{"@class":"java.util.HashMap"}', NULL);

-- 테이블 ddokbun.BATCH_JOB_EXECUTION_PARAMS 구조 내보내기
CREATE TABLE IF NOT EXISTS `BATCH_JOB_EXECUTION_PARAMS` (
  `JOB_EXECUTION_ID` bigint NOT NULL,
  `TYPE_CD` varchar(6) COLLATE utf8mb4_unicode_ci NOT NULL,
  `KEY_NAME` varchar(100) COLLATE utf8mb4_unicode_ci NOT NULL,
  `STRING_VAL` varchar(250) COLLATE utf8mb4_unicode_ci DEFAULT NULL,
  `DATE_VAL` datetime(6) DEFAULT NULL,
  `LONG_VAL` bigint DEFAULT NULL,
  `DOUBLE_VAL` double DEFAULT NULL,
  `IDENTIFYING` char(1) COLLATE utf8mb4_unicode_ci NOT NULL,
  KEY `JOB_EXEC_PARAMS_FK` (`JOB_EXECUTION_ID`),
  CONSTRAINT `JOB_EXEC_PARAMS_FK` FOREIGN KEY (`JOB_EXECUTION_ID`) REFERENCES `BATCH_JOB_EXECUTION` (`JOB_EXECUTION_ID`)
) ENGINE=InnoDB DEFAULT CHARSET=utf8mb4 COLLATE=utf8mb4_unicode_ci;

-- 테이블 데이터 ddokbun.BATCH_JOB_EXECUTION_PARAMS:~72 rows (대략적) 내보내기
REPLACE INTO `BATCH_JOB_EXECUTION_PARAMS` (`JOB_EXECUTION_ID`, `TYPE_CD`, `KEY_NAME`, `STRING_VAL`, `DATE_VAL`, `LONG_VAL`, `DOUBLE_VAL`, `IDENTIFYING`) VALUES
	(1, 'STRING', 'date', '2022-11-06', '1970-01-01 09:00:00.000000', 0, 0, 'Y'),
	(2, 'STRING', 'date', '2022-11-06', '1970-01-01 09:00:00.000000', 0, 0, 'Y'),
	(3, 'STRING', 'date', '2022-11-06', '1970-01-01 09:00:00.000000', 0, 0, 'Y'),
	(4, 'STRING', 'date', '2022-11-07', '1970-01-01 00:00:00.000000', 0, 0, 'Y'),
	(5, 'STRING', 'date', '2022-11-08', '1970-01-01 00:00:00.000000', 0, 0, 'Y'),
	(6, 'STRING', 'date', '2022-11-09', '1970-01-01 00:00:00.000000', 0, 0, 'Y'),
	(7, 'STRING', 'date', '2022-11-10', '1970-01-01 00:00:00.000000', 0, 0, 'Y'),
	(8, 'STRING', 'date', '2022-11-10', '1970-01-01 00:00:00.000000', 0, 0, 'Y'),
	(9, 'STRING', 'date', '2022-11-11', '1970-01-01 09:00:00.000000', 0, 0, 'Y'),
	(10, 'STRING', 'date', '2022-11-11', '1970-01-01 09:00:00.000000', 0, 0, 'Y'),
	(11, 'STRING', 'date', '2022-11-11', '1970-01-01 09:00:00.000000', 0, 0, 'Y'),
	(12, 'STRING', 'date', '2022-11-11', '1970-01-01 09:00:00.000000', 0, 0, 'Y'),
	(13, 'STRING', 'date', '2022-11-11', '1970-01-01 09:00:00.000000', 0, 0, 'Y'),
	(14, 'STRING', 'date', '2022-11-11', '1970-01-01 09:00:00.000000', 0, 0, 'Y'),
	(15, 'STRING', 'date', '2022-11-11', '1970-01-01 09:00:00.000000', 0, 0, 'Y'),
	(16, 'STRING', 'date', '2022-11-11', '1970-01-01 09:00:00.000000', 0, 0, 'Y'),
	(16, 'STRING', 'temp', '2022-11-11T13:34:50.018134300', '1970-01-01 09:00:00.000000', 0, 0, 'Y'),
	(17, 'STRING', 'date', '2022-11-11', '1970-01-01 09:00:00.000000', 0, 0, 'Y'),
	(17, 'STRING', 'temp', '2022-11-11T13:36:43.427630900', '1970-01-01 09:00:00.000000', 0, 0, 'Y'),
	(18, 'STRING', 'date', '2022-11-11', '1970-01-01 09:00:00.000000', 0, 0, 'Y'),
	(18, 'STRING', 'temp', '2022-11-11T13:38:08.544801300', '1970-01-01 09:00:00.000000', 0, 0, 'Y'),
	(19, 'STRING', 'date', '2022-11-11', '1970-01-01 09:00:00.000000', 0, 0, 'Y'),
	(19, 'STRING', 'temp', '2022-11-11T13:46:49.961088100', '1970-01-01 09:00:00.000000', 0, 0, 'Y'),
	(20, 'STRING', 'date', '2022-11-11', '1970-01-01 09:00:00.000000', 0, 0, 'Y'),
	(20, 'STRING', 'temp', '2022-11-11T13:49:36.141153', '1970-01-01 09:00:00.000000', 0, 0, 'Y'),
	(21, 'STRING', 'date', '2022-11-11', '1970-01-01 09:00:00.000000', 0, 0, 'Y'),
	(21, 'STRING', 'temp', '2022-11-11T13:53:46.937735100', '1970-01-01 09:00:00.000000', 0, 0, 'Y'),
	(22, 'STRING', 'date', '2022-11-11', '1970-01-01 09:00:00.000000', 0, 0, 'Y'),
	(22, 'STRING', 'temp', '2022-11-11T13:58:15.885919200', '1970-01-01 09:00:00.000000', 0, 0, 'Y'),
	(23, 'STRING', 'date', '2022-11-11', '1970-01-01 09:00:00.000000', 0, 0, 'Y'),
	(23, 'STRING', 'temp', '2022-11-11T14:02:00.037945600', '1970-01-01 09:00:00.000000', 0, 0, 'Y'),
	(24, 'STRING', 'date', '2022-11-11', '1970-01-01 09:00:00.000000', 0, 0, 'Y'),
	(24, 'STRING', 'temp', '2022-11-11T14:02:52.495567300', '1970-01-01 09:00:00.000000', 0, 0, 'Y'),
	(25, 'STRING', 'date', '2022-11-11', '1970-01-01 09:00:00.000000', 0, 0, 'Y'),
	(25, 'STRING', 'temp', '2022-11-11T14:03:45.873402200', '1970-01-01 09:00:00.000000', 0, 0, 'Y'),
	(26, 'STRING', 'date', '2022-11-11', '1970-01-01 09:00:00.000000', 0, 0, 'Y'),
	(26, 'STRING', 'temp', '2022-11-11T14:08:16.204459500', '1970-01-01 09:00:00.000000', 0, 0, 'Y'),
	(27, 'STRING', 'date', '2022-11-11', '1970-01-01 09:00:00.000000', 0, 0, 'Y'),
	(27, 'STRING', 'temp', '2022-11-11T14:15:01.380921500', '1970-01-01 09:00:00.000000', 0, 0, 'Y'),
	(28, 'STRING', 'date', '2022-11-11', '1970-01-01 09:00:00.000000', 0, 0, 'Y'),
	(28, 'STRING', 'temp', '2022-11-11T14:20:26.864665200', '1970-01-01 09:00:00.000000', 0, 0, 'Y'),
	(29, 'STRING', 'date', '2022-11-11', '1970-01-01 09:00:00.000000', 0, 0, 'Y'),
	(29, 'STRING', 'temp', '2022-11-11T14:29:57.630880200', '1970-01-01 09:00:00.000000', 0, 0, 'Y'),
	(30, 'STRING', 'date', '2022-11-11', '1970-01-01 09:00:00.000000', 0, 0, 'Y'),
	(30, 'STRING', 'temp', '2022-11-11T14:40:51.903201200', '1970-01-01 09:00:00.000000', 0, 0, 'Y'),
	(31, 'STRING', 'date', '2022-11-11', '1970-01-01 09:00:00.000000', 0, 0, 'Y'),
	(32, 'STRING', 'date', '2022-11-11', '1970-01-01 09:00:00.000000', 0, 0, 'Y'),
	(32, 'STRING', 'temp', '2022-11-11T14:44:45.658651500', '1970-01-01 09:00:00.000000', 0, 0, 'Y'),
	(33, 'STRING', 'date', '2022-11-11', '1970-01-01 09:00:00.000000', 0, 0, 'Y'),
	(33, 'STRING', 'temp', '2022-11-11T14:47:15.769624200', '1970-01-01 09:00:00.000000', 0, 0, 'Y'),
	(34, 'STRING', 'date', '2022-11-11', '1970-01-01 09:00:00.000000', 0, 0, 'Y'),
	(34, 'STRING', 'temp', '2022-11-11T14:57:10.544469', '1970-01-01 09:00:00.000000', 0, 0, 'Y'),
	(35, 'STRING', 'date', '2022-11-11', '1970-01-01 09:00:00.000000', 0, 0, 'Y'),
	(35, 'STRING', 'temp', '2022-11-11T16:06:57.643152400', '1970-01-01 09:00:00.000000', 0, 0, 'Y'),
	(36, 'STRING', 'date', '2022-11-11', '1970-01-01 09:00:00.000000', 0, 0, 'Y'),
	(36, 'STRING', 'temp', '2022-11-11T16:22:57.765862100', '1970-01-01 09:00:00.000000', 0, 0, 'Y'),
	(37, 'STRING', 'date', '2022-11-11', '1970-01-01 09:00:00.000000', 0, 0, 'Y'),
	(37, 'STRING', 'temp', '2022-11-11T16:24:37.008204600', '1970-01-01 09:00:00.000000', 0, 0, 'Y'),
	(38, 'STRING', 'date', '2022-11-12', '1970-01-01 00:00:00.000000', 0, 0, 'Y'),
	(39, 'STRING', 'date', '2022-11-12', '1970-01-01 00:00:00.000000', 0, 0, 'Y'),
	(40, 'STRING', 'date', '2022-11-14', '1970-01-01 00:00:00.000000', 0, 0, 'Y'),
	(40, 'STRING', 'temp', '2022-11-14T09:00:00.001383', '1970-01-01 00:00:00.000000', 0, 0, 'Y'),
	(41, 'STRING', 'date', '2022-11-14', '1970-01-01 00:00:00.000000', 0, 0, 'Y'),
	(42, 'STRING', 'date', '2022-11-14', '1970-01-01 00:00:00.000000', 0, 0, 'Y'),
	(43, 'STRING', 'date', '2022-11-15', '1970-01-01 09:00:00.000000', 0, 0, 'Y'),
	(43, 'STRING', 'temp', '2022-11-15T14:55:53.884979600', '1970-01-01 09:00:00.000000', 0, 0, 'Y'),
	(44, 'STRING', 'date', '2022-11-15', '1970-01-01 09:00:00.000000', 0, 0, 'Y'),
	(45, 'STRING', 'date', '2022-11-15', '1970-01-01 09:00:00.000000', 0, 0, 'Y'),
	(46, 'STRING', 'date', '2022-11-15', '1970-01-01 00:00:00.000000', 0, 0, 'Y'),
	(46, 'STRING', 'temp', '2022-11-15T09:00:00.102315', '1970-01-01 00:00:00.000000', 0, 0, 'Y'),
	(47, 'STRING', 'date', '2022-11-16', '1970-01-01 09:00:00.000000', 0, 0, 'Y'),
	(48, 'STRING', 'date', '2022-11-16', '1970-01-01 09:00:00.000000', 0, 0, 'Y'),
	(48, 'STRING', 'temp', '2022-11-16T14:51:30.226988500', '1970-01-01 09:00:00.000000', 0, 0, 'Y'),
	(49, 'STRING', 'date', '2022-11-16', '1970-01-01 09:00:00.000000', 0, 0, 'Y'),
	(50, 'STRING', 'date', '2022-11-16', '1970-01-01 09:00:00.000000', 0, 0, 'Y'),
	(50, 'STRING', 'temp', '2022-11-16T17:21:10.611545400', '1970-01-01 09:00:00.000000', 0, 0, 'Y'),
	(51, 'STRING', 'date', '2022-11-16', '1970-01-01 09:00:00.000000', 0, 0, 'Y'),
	(51, 'STRING', 'temp', '2022-11-16T17:24:13.751067800', '1970-01-01 09:00:00.000000', 0, 0, 'Y'),
	(52, 'STRING', 'date', '2022-11-16', '1970-01-01 00:00:00.000000', 0, 0, 'Y'),
	(52, 'STRING', 'temp', '2022-11-16T09:00:00.053241', '1970-01-01 00:00:00.000000', 0, 0, 'Y'),
	(53, 'STRING', 'date', '2022-11-17', '1970-01-01 09:00:00.000000', 0, 0, 'Y'),
	(54, 'STRING', 'date', '2022-11-17', '1970-01-01 09:00:00.000000', 0, 0, 'Y'),
	(54, 'STRING', 'temp', '2022-11-17T14:53:48.903747', '1970-01-01 09:00:00.000000', 0, 0, 'Y'),
	(55, 'STRING', 'date', '2022-11-17', '1970-01-01 09:00:00.000000', 0, 0, 'Y');

-- 테이블 ddokbun.BATCH_JOB_EXECUTION_SEQ 구조 내보내기
CREATE TABLE IF NOT EXISTS `BATCH_JOB_EXECUTION_SEQ` (
  `ID` bigint NOT NULL,
  `UNIQUE_KEY` char(1) COLLATE utf8mb4_unicode_ci NOT NULL,
  UNIQUE KEY `UNIQUE_KEY_UN` (`UNIQUE_KEY`)
) ENGINE=InnoDB DEFAULT CHARSET=utf8mb4 COLLATE=utf8mb4_unicode_ci;

-- 테이블 데이터 ddokbun.BATCH_JOB_EXECUTION_SEQ:~0 rows (대략적) 내보내기
REPLACE INTO `BATCH_JOB_EXECUTION_SEQ` (`ID`, `UNIQUE_KEY`) VALUES
	(55, '0');

-- 테이블 ddokbun.BATCH_JOB_INSTANCE 구조 내보내기
CREATE TABLE IF NOT EXISTS `BATCH_JOB_INSTANCE` (
  `JOB_INSTANCE_ID` bigint NOT NULL,
  `VERSION` bigint DEFAULT NULL,
  `JOB_NAME` varchar(100) COLLATE utf8mb4_unicode_ci NOT NULL,
  `JOB_KEY` varchar(32) COLLATE utf8mb4_unicode_ci NOT NULL,
  PRIMARY KEY (`JOB_INSTANCE_ID`),
  UNIQUE KEY `JOB_INST_UN` (`JOB_NAME`,`JOB_KEY`)
) ENGINE=InnoDB DEFAULT CHARSET=utf8mb4 COLLATE=utf8mb4_unicode_ci;

-- 테이블 데이터 ddokbun.BATCH_JOB_INSTANCE:~39 rows (대략적) 내보내기
REPLACE INTO `BATCH_JOB_INSTANCE` (`JOB_INSTANCE_ID`, `VERSION`, `JOB_NAME`, `JOB_KEY`) VALUES
	(1, 0, 'AutoWaterApplyJob', '32aece0a6ff0c081e0a6559a4f781754'),
	(2, 0, 'AutoWaterApplyJob', 'bc6087397b26c2fca386988e069dc335'),
	(3, 0, 'AutoWaterApplyJob', 'e17b6dd4a0e9a085d1fdbfe64da445fd'),
	(4, 0, 'AutoWaterApplyJob', '7383d29b79d12f9a3085684e30b45e64'),
	(5, 0, 'AutoWaterApplyJob', '03f65000bf5f4692d2379c61e2f625ed'),
	(6, 0, 'WaterApplyAlarmJob', '03f65000bf5f4692d2379c61e2f625ed'),
	(7, 0, 'AutoWaterApplyJob', 'c9f2ad42b5c2baf2de8feac41456e8d8'),
	(8, 0, 'AutoWaterApplyJob', 'b5f1997ac01c9ac2b4a94d5d63da455e'),
	(9, 0, 'AutoWaterApplyJob', '68536c847220b87d77fbaadbe82fae56'),
	(10, 0, 'AutoWaterApplyJob', '64fc8cfcd3c001aa724c8956f0c43a45'),
	(11, 0, 'AutoWaterApplyJob', '51283e502a039c278a5ecfad9f854cf6'),
	(12, 0, 'AutoWaterApplyJob', '4f8b5c6628a7a9537238ed29161149cd'),
	(13, 0, 'AutoWaterApplyJob', '93ab5fa2d4b29c8079ef358d15b18278'),
	(14, 0, 'AutoWaterApplyJob', 'e6e0b790452fcb4b32350063e8820b30'),
	(15, 0, 'AutoWaterApplyJob', '35ba4d77366b38e575fe093350b34101'),
	(16, 0, 'AutoWaterApplyJob', '65f48dceafd2aadef058f84e94ad265f'),
	(17, 0, 'AutoWaterApplyJob', '5f37433fb7d2c4af4404d357788d7b4b'),
	(18, 0, 'AutoWaterApplyJob', '1c1a25f93584edf56d699c0329fdf044'),
	(19, 0, 'AutoWaterApplyJob', '256e18163ba618566d8e2efe8e7ac582'),
	(20, 0, 'AutoWaterApplyJob', '7822c96af1027adf8c9bebdbab65c538'),
	(21, 0, 'AutoWaterApplyJob', 'e8f7b3b8e73ffe096c175df8e0888136'),
	(22, 0, 'AutoWaterApplyJob', 'd18544a4a4ec88a6d76678d50ece44c7'),
	(23, 0, 'WaterApplyAlarmJob', 'c9f2ad42b5c2baf2de8feac41456e8d8'),
	(24, 0, 'WaterApplyAlarmJob', 'd995a2ae03f1236064be68da88d81ad3'),
	(25, 0, 'WaterApplyAlarmJob', '6d61c0a9ba104383acfe0bbabb090541'),
	(26, 0, 'AutoWaterApplyJob', '7016766dce24410ee37eb03302b32d1e'),
	(27, 0, 'AutoWaterApplyJob', '67a9e6a78ba8fc3c1c3ed8bfce11c52c'),
	(28, 0, 'AutoWaterApplyJob', '32354bab69a25e55de47e27765c9a383'),
	(29, 0, 'AutoWaterApplyJob', '1bd193b708c70a5cf5e3663b9eeab71b'),
	(30, 0, 'WaterApplyAlarmJob', 'd0ba9aa7c816346e785200969ec65999'),
	(31, 0, 'AutoWaterApplyJob', 'd0ba9aa7c816346e785200969ec65999'),
	(32, 0, 'AutoWaterApplyJob', '3fb96a5e21ff0d93280fe1990cf0d339'),
	(33, 0, 'AutoWaterApplyJob', 'fa3729ba0e540d76c88ec108b5364e9a'),
	(34, 0, 'WaterApplyAlarmJob', 'fa3729ba0e540d76c88ec108b5364e9a'),
	(35, 0, 'AutoWaterApplyJob', 'ac2ac8a77bbc9bcf49268f72c8bb53b3'),
	(36, 0, 'AutoWaterApplyJob', '98d6e230ff9a75c419d35f4844dcf4a9'),
	(37, 0, 'WaterApplyAlarmJob', '98d6e230ff9a75c419d35f4844dcf4a9'),
	(38, 0, 'AutoWaterApplyJob', '8a9389425ad26466d3eb7cba9ed424ff'),
	(39, 0, 'WaterApplyAlarmJob', '63d4a8d7d01a97188f44a709ceba7def'),
	(40, 0, 'AutoWaterApplyJob', '865877b1855a9e87c338408b96bcbdbf'),
	(41, 0, 'AutoWaterApplyJob', '63d4a8d7d01a97188f44a709ceba7def'),
	(42, 0, 'AutoWaterApplyJob', '7436038992d343bf85e7ebd5ff07a1c2'),
	(43, 0, 'AutoWaterApplyJob', '2cb7427533da03e7795a7b0e5ce92841'),
	(44, 0, 'AutoWaterApplyJob', 'aceb9a56bb16be222ef356b977f38c8e'),
	(45, 0, 'AutoWaterApplyJob', '2ad9ee29aba8f819d31babe0cf6b3a93'),
	(46, 0, 'AutoWaterApplyJob', 'f83e65d7f856c5e87cc121dbb2ed967f'),
	(47, 0, 'WaterApplyAlarmJob', '2ad9ee29aba8f819d31babe0cf6b3a93');

-- 테이블 ddokbun.BATCH_JOB_SEQ 구조 내보내기
CREATE TABLE IF NOT EXISTS `BATCH_JOB_SEQ` (
  `ID` bigint NOT NULL,
  `UNIQUE_KEY` char(1) COLLATE utf8mb4_unicode_ci NOT NULL,
  UNIQUE KEY `UNIQUE_KEY_UN` (`UNIQUE_KEY`)
) ENGINE=InnoDB DEFAULT CHARSET=utf8mb4 COLLATE=utf8mb4_unicode_ci;

-- 테이블 데이터 ddokbun.BATCH_JOB_SEQ:~0 rows (대략적) 내보내기
REPLACE INTO `BATCH_JOB_SEQ` (`ID`, `UNIQUE_KEY`) VALUES
	(47, '0');

-- 테이블 ddokbun.BATCH_STEP_EXECUTION 구조 내보내기
CREATE TABLE IF NOT EXISTS `BATCH_STEP_EXECUTION` (
  `STEP_EXECUTION_ID` bigint NOT NULL,
  `VERSION` bigint NOT NULL,
  `STEP_NAME` varchar(100) COLLATE utf8mb4_unicode_ci NOT NULL,
  `JOB_EXECUTION_ID` bigint NOT NULL,
  `START_TIME` datetime(6) NOT NULL,
  `END_TIME` datetime(6) DEFAULT NULL,
  `STATUS` varchar(10) COLLATE utf8mb4_unicode_ci DEFAULT NULL,
  `COMMIT_COUNT` bigint DEFAULT NULL,
  `READ_COUNT` bigint DEFAULT NULL,
  `FILTER_COUNT` bigint DEFAULT NULL,
  `WRITE_COUNT` bigint DEFAULT NULL,
  `READ_SKIP_COUNT` bigint DEFAULT NULL,
  `WRITE_SKIP_COUNT` bigint DEFAULT NULL,
  `PROCESS_SKIP_COUNT` bigint DEFAULT NULL,
  `ROLLBACK_COUNT` bigint DEFAULT NULL,
  `EXIT_CODE` varchar(2500) COLLATE utf8mb4_unicode_ci DEFAULT NULL,
  `EXIT_MESSAGE` varchar(2500) COLLATE utf8mb4_unicode_ci DEFAULT NULL,
  `LAST_UPDATED` datetime(6) DEFAULT NULL,
  PRIMARY KEY (`STEP_EXECUTION_ID`),
  KEY `JOB_EXEC_STEP_FK` (`JOB_EXECUTION_ID`),
  CONSTRAINT `JOB_EXEC_STEP_FK` FOREIGN KEY (`JOB_EXECUTION_ID`) REFERENCES `BATCH_JOB_EXECUTION` (`JOB_EXECUTION_ID`)
) ENGINE=InnoDB DEFAULT CHARSET=utf8mb4 COLLATE=utf8mb4_unicode_ci;

-- 테이블 데이터 ddokbun.BATCH_STEP_EXECUTION:~46 rows (대략적) 내보내기
REPLACE INTO `BATCH_STEP_EXECUTION` (`STEP_EXECUTION_ID`, `VERSION`, `STEP_NAME`, `JOB_EXECUTION_ID`, `START_TIME`, `END_TIME`, `STATUS`, `COMMIT_COUNT`, `READ_COUNT`, `FILTER_COUNT`, `WRITE_COUNT`, `READ_SKIP_COUNT`, `WRITE_SKIP_COUNT`, `PROCESS_SKIP_COUNT`, `ROLLBACK_COUNT`, `EXIT_CODE`, `EXIT_MESSAGE`, `LAST_UPDATED`) VALUES
	(1, 2, 'Step', 1, '2022-11-06 17:08:05.705000', '2022-11-06 17:08:06.459000', 'FAILED', 0, 0, 0, 0, 0, 0, 0, 1, 'FAILED', 'java.lang.IllegalArgumentException: org.hibernate.QueryException: could not resolve property: is_auto of: com.harryporter.ddokbun.domain.plant.entity.Pot [SELECT p FROM com.harryporter.ddokbun.domain.plant.entity.Pot p WHERE p.is_auto = \'Y\' AND p.waterSupply  < :now ]\r\n	at org.hibernate.internal.ExceptionConverterImpl.convert(ExceptionConverterImpl.java:138)\r\n	at org.hibernate.internal.ExceptionConverterImpl.convert(ExceptionConverterImpl.java:181)\r\n	at org.hibernate.internal.ExceptionConverterImpl.convert(ExceptionConverterImpl.java:188)\r\n	at org.hibernate.internal.AbstractSharedSessionContract.createQuery(AbstractSharedSessionContract.java:757)\r\n	at org.hibernate.internal.AbstractSharedSessionContract.createQuery(AbstractSharedSessionContract.java:114)\r\n	at java.base/jdk.internal.reflect.NativeMethodAccessorImpl.invoke0(Native Method)\r\n	at java.base/jdk.internal.reflect.NativeMethodAccessorImpl.invoke(NativeMethodAccessorImpl.java:62)\r\n	at java.base/jdk.internal.reflect.DelegatingMethodAccessorImpl.invoke(DelegatingMethodAccessorImpl.java:43)\r\n	at java.base/java.lang.reflect.Method.invoke(Method.java:566)\r\n	at org.springframework.orm.jpa.ExtendedEntityManagerCreator$ExtendedEntityManagerInvocationHandler.invoke(ExtendedEntityManagerCreator.java:362)\r\n	at com.sun.proxy.$Proxy150.createQuery(Unknown Source)\r\n	at org.springframework.batch.item.database.JpaPagingItemReader.createQuery(JpaPagingItemReader.java:112)\r\n	at org.springframework.batch.item.database.JpaPagingItemReader.doReadPage(JpaPagingItemReader.java:199)\r\n	at org.springframework.batch.item.database.AbstractPagingItemReader.doRead(AbstractPagingItemReader.java:110)\r\n	at org.springframework.batch.item.support.AbstractItemCountingItemStreamItemReader.read(AbstractItemCountingItemStreamItemReader.java:93)\r\n	at org.springframework.batch.item.support.AbstractItemCountingItemStreamItemReader$$FastClassBySpringCGLIB$$ebb633d0.invoke(<generated>)\r\n	at org.springframework.cglib.proxy.MethodProxy.invoke(MethodProxy.java:218)\r\n	at org.springframework.aop.framework.CglibAopProxy$CglibMethodInvocation.invokeJoinpoint(CglibAopProxy.java:793)\r\n	at org.springframework.aop.framework.ReflectiveMethodInvocation.proceed(ReflectiveMethodInvocation.java:163)\r\n	at org.springframework.aop.framework.CglibAopProxy$CglibMethodInvocation.proceed(CglibAopProxy.java:763)\r\n	at org.springframework.aop.support.DelegatingIntroductionInterceptor.doProceed(DelegatingIntroductionInterceptor.java:137)\r\n	at org.springframework.aop.su', '2022-11-06 17:08:06.474000'),
	(2, 2, 'Step', 2, '2022-11-06 17:10:06.801000', '2022-11-06 17:10:07.480000', 'FAILED', 0, 0, 0, 0, 0, 0, 0, 1, 'FAILED', 'org.hibernate.QueryException: Named parameter not bound : now\r\n	at org.hibernate.query.internal.QueryParameterBindingsImpl.verifyParametersBound(QueryParameterBindingsImpl.java:211)\r\n	at org.hibernate.query.internal.AbstractProducedQuery.beforeQuery(AbstractProducedQuery.java:1511)\r\n	at org.hibernate.query.internal.AbstractProducedQuery.list(AbstractProducedQuery.java:1615)\r\n	at org.hibernate.query.Query.getResultList(Query.java:165)\r\n	at org.springframework.batch.item.database.JpaPagingItemReader.doReadPage(JpaPagingItemReader.java:221)\r\n	at org.springframework.batch.item.database.AbstractPagingItemReader.doRead(AbstractPagingItemReader.java:110)\r\n	at org.springframework.batch.item.support.AbstractItemCountingItemStreamItemReader.read(AbstractItemCountingItemStreamItemReader.java:93)\r\n	at org.springframework.batch.item.support.AbstractItemCountingItemStreamItemReader$$FastClassBySpringCGLIB$$ebb633d0.invoke(<generated>)\r\n	at org.springframework.cglib.proxy.MethodProxy.invoke(MethodProxy.java:218)\r\n	at org.springframework.aop.framework.CglibAopProxy$CglibMethodInvocation.invokeJoinpoint(CglibAopProxy.java:793)\r\n	at org.springframework.aop.framework.ReflectiveMethodInvocation.proceed(ReflectiveMethodInvocation.java:163)\r\n	at org.springframework.aop.framework.CglibAopProxy$CglibMethodInvocation.proceed(CglibAopProxy.java:763)\r\n	at org.springframework.aop.support.DelegatingIntroductionInterceptor.doProceed(DelegatingIntroductionInterceptor.java:137)\r\n	at org.springframework.aop.support.DelegatingIntroductionInterceptor.invoke(DelegatingIntroductionInterceptor.java:124)\r\n	at org.springframework.aop.framework.ReflectiveMethodInvocation.proceed(ReflectiveMethodInvocation.java:186)\r\n	at org.springframework.aop.framework.CglibAopProxy$CglibMethodInvocation.proceed(CglibAopProxy.java:763)\r\n	at org.springframework.aop.framework.CglibAopProxy$DynamicAdvisedInterceptor.intercept(CglibAopProxy.java:708)\r\n	at org.springframework.batch.item.database.JpaPagingItemReader$$EnhancerBySpringCGLIB$$8435c69d.read(<generated>)\r\n	at org.springframework.batch.core.step.item.SimpleChunkProvider.doRead(SimpleChunkProvider.java:99)\r\n	at org.springframework.batch.core.step.item.SimpleChunkProvider.read(SimpleChunkProvider.java:180)\r\n	at org.springframework.batch.core.step.item.SimpleChunkProvider$1.doInIteration(SimpleChunkProvider.java:126)\r\n	at org.springframework.batch.repeat.support.RepeatTemplate.getNextResult(RepeatTemplate.java:375)\r\n	at org.springframework.batch.repeat.support', '2022-11-06 17:10:07.498000'),
	(3, 3, 'Step', 3, '2022-11-06 17:12:02.472000', '2022-11-06 17:12:03.246000', 'COMPLETED', 1, 5, 0, 5, 0, 0, 0, 0, 'COMPLETED', '', '2022-11-06 17:12:03.265000'),
	(4, 3, 'Step', 4, '2022-11-07 09:00:00.209000', '2022-11-07 09:00:00.398000', 'COMPLETED', 1, 4, 0, 4, 0, 0, 0, 0, 'COMPLETED', '', '2022-11-07 09:00:00.400000'),
	(5, 3, 'Step', 5, '2022-11-08 09:00:00.203000', '2022-11-08 09:00:00.396000', 'COMPLETED', 1, 4, 0, 4, 0, 0, 0, 0, 'COMPLETED', '', '2022-11-08 09:00:00.397000'),
	(6, 3, 'Step', 6, '2022-11-09 09:00:00.194000', '2022-11-09 09:00:00.286000', 'COMPLETED', 1, 0, 0, 0, 0, 0, 0, 0, 'COMPLETED', '', '2022-11-09 09:00:00.288000'),
	(7, 3, 'AutoWaterApplyStep', 7, '2022-11-10 09:00:00.329000', '2022-11-10 09:00:00.439000', 'COMPLETED', 1, 0, 0, 0, 0, 0, 0, 0, 'COMPLETED', '', '2022-11-10 09:00:00.445000'),
	(8, 3, 'WaterApplyAlarmStep', 8, '2022-11-10 09:00:00.556000', '2022-11-10 09:00:00.606000', 'COMPLETED', 1, 0, 0, 0, 0, 0, 0, 0, 'COMPLETED', '', '2022-11-10 09:00:00.607000'),
	(10, 3, 'AutoWaterApplyStep', 10, '2022-11-11 12:48:05.096000', '2022-11-11 12:50:06.184000', 'FAILED', 1, 1, 0, 1, 0, 0, 0, 0, 'COMPLETED', '', '2022-11-11 12:50:06.196000'),
	(11, 3, 'AutoWaterApplyStep', 12, '2022-11-11 12:54:45.544000', '2022-11-11 12:54:46.023000', 'FAILED', 1, 0, 0, 0, 0, 0, 0, 0, 'COMPLETED', '', '2022-11-11 12:54:46.035000'),
	(12, 3, 'AutoWaterApplyStep', 13, '2022-11-11 12:59:28.231000', '2022-11-11 12:59:36.111000', 'FAILED', 1, 0, 0, 0, 0, 0, 0, 0, 'COMPLETED', '', '2022-11-11 12:59:36.128000'),
	(13, 3, 'AutoWaterApplyStep', 14, '2022-11-11 13:02:57.400000', '2022-11-11 13:03:08.870000', 'FAILED', 1, 0, 0, 0, 0, 0, 0, 0, 'COMPLETED', '', '2022-11-11 13:03:08.888000'),
	(14, 3, 'AutoWaterApplyStep', 15, '2022-11-11 13:29:42.411000', '2022-11-11 13:32:24.817000', 'COMPLETED', 1, 0, 0, 0, 0, 0, 0, 0, 'COMPLETED', '', '2022-11-11 13:32:24.835000'),
	(15, 3, 'AutoWaterApplyStep', 16, '2022-11-11 13:34:51.051000', '2022-11-11 13:35:27.978000', 'COMPLETED', 1, 1, 0, 1, 0, 0, 0, 0, 'COMPLETED', '', '2022-11-11 13:35:27.993000'),
	(16, 3, 'AutoWaterApplyStep', 17, '2022-11-11 13:36:45.382000', '2022-11-11 13:37:28.469000', 'COMPLETED', 1, 1, 0, 1, 0, 0, 0, 0, 'COMPLETED', '', '2022-11-11 13:37:28.483000'),
	(17, 3, 'AutoWaterApplyStep', 18, '2022-11-11 13:38:09.442000', '2022-11-11 13:38:32.487000', 'COMPLETED', 1, 1, 0, 1, 0, 0, 0, 0, 'COMPLETED', '', '2022-11-11 13:38:32.500000'),
	(18, 3, 'AutoWaterApplyStep', 19, '2022-11-11 13:46:50.824000', '2022-11-11 13:48:27.477000', 'COMPLETED', 1, 1, 0, 1, 0, 0, 0, 0, 'COMPLETED', '', '2022-11-11 13:48:27.490000'),
	(19, 3, 'AutoWaterApplyStep', 20, '2022-11-11 13:49:37.063000', '2022-11-11 13:51:48.102000', 'COMPLETED', 1, 1, 0, 1, 0, 0, 0, 0, 'COMPLETED', '', '2022-11-11 13:51:48.114000'),
	(20, 3, 'AutoWaterApplyStep', 21, '2022-11-11 13:53:48.930000', '2022-11-11 13:56:31.103000', 'COMPLETED', 1, 1, 0, 1, 0, 0, 0, 0, 'COMPLETED', '', '2022-11-11 13:56:31.123000'),
	(21, 3, 'AutoWaterApplyStep', 22, '2022-11-11 13:58:16.734000', '2022-11-11 13:59:16.696000', 'COMPLETED', 1, 1, 0, 1, 0, 0, 0, 0, 'COMPLETED', '', '2022-11-11 13:59:16.709000'),
	(22, 3, 'AutoWaterApplyStep', 23, '2022-11-11 14:02:00.986000', '2022-11-11 14:02:01.422000', 'COMPLETED', 1, 0, 0, 0, 0, 0, 0, 0, 'COMPLETED', '', '2022-11-11 14:02:01.434000'),
	(23, 3, 'AutoWaterApplyStep', 24, '2022-11-11 14:02:53.421000', '2022-11-11 14:02:53.869000', 'COMPLETED', 1, 0, 0, 0, 0, 0, 0, 0, 'COMPLETED', '', '2022-11-11 14:02:53.883000'),
	(24, 3, 'AutoWaterApplyStep', 25, '2022-11-11 14:03:46.825000', '2022-11-11 14:06:36.573000', 'COMPLETED', 1, 2, 0, 2, 0, 0, 0, 0, 'COMPLETED', '', '2022-11-11 14:06:36.588000'),
	(25, 3, 'AutoWaterApplyStep', 26, '2022-11-11 14:08:17.108000', '2022-11-11 14:11:31.330000', 'COMPLETED', 1, 2, 0, 2, 0, 0, 0, 0, 'COMPLETED', '', '2022-11-11 14:11:31.344000'),
	(26, 3, 'AutoWaterApplyStep', 27, '2022-11-11 14:15:02.263000', '2022-11-11 14:17:42.069000', 'COMPLETED', 1, 2, 0, 2, 0, 0, 0, 0, 'COMPLETED', '', '2022-11-11 14:17:42.080000'),
	(27, 3, 'AutoWaterApplyStep', 28, '2022-11-11 14:20:27.737000', '2022-11-11 14:20:36.227000', 'COMPLETED', 1, 2, 0, 2, 0, 0, 0, 0, 'COMPLETED', '', '2022-11-11 14:20:36.240000'),
	(28, 3, 'AutoWaterApplyStep', 29, '2022-11-11 14:29:58.518000', '2022-11-11 14:30:06.535000', 'COMPLETED', 1, 2, 0, 2, 0, 0, 0, 0, 'COMPLETED', '', '2022-11-11 14:30:06.550000'),
	(29, 3, 'AutoWaterApplyStep', 30, '2022-11-11 14:40:52.814000', '2022-11-11 14:40:53.399000', 'COMPLETED', 1, 1, 0, 1, 0, 0, 0, 0, 'COMPLETED', '', '2022-11-11 14:40:53.412000'),
	(30, 3, 'WaterApplyAlarmStep', 31, '2022-11-11 14:41:59.398000', '2022-11-11 14:42:05.380000', 'COMPLETED', 1, 0, 0, 0, 0, 0, 0, 0, 'COMPLETED', '', '2022-11-11 14:42:05.393000'),
	(31, 3, 'WaterApplyAlarmStep', 32, '2022-11-11 14:44:46.535000', '2022-11-11 14:45:55.418000', 'COMPLETED', 1, 1, 0, 1, 0, 0, 0, 0, 'COMPLETED', '', '2022-11-11 14:45:55.434000'),
	(32, 3, 'WaterApplyAlarmStep', 33, '2022-11-11 14:47:16.673000', '2022-11-11 14:47:21.344000', 'COMPLETED', 1, 1, 0, 1, 0, 0, 0, 0, 'COMPLETED', '', '2022-11-11 14:47:21.359000'),
	(33, 1, 'WaterLevelAlarmStep', 34, '2022-11-11 14:57:11.426000', NULL, 'STARTED', 0, 0, 0, 0, 0, 0, 0, 0, 'EXECUTING', '', '2022-11-11 14:57:11.440000'),
	(34, 3, 'WaterLevelAlarmStep', 35, '2022-11-11 16:06:58.458000', '2022-11-11 16:07:01.367000', 'COMPLETED', 1, 1, 0, 1, 0, 0, 0, 0, 'COMPLETED', '', '2022-11-11 16:07:01.380000'),
	(35, 2, 'WaterLevelAlarmStep', 36, '2022-11-11 16:22:58.615000', '2022-11-11 16:23:01.425000', 'FAILED', 0, 1, 0, 0, 0, 0, 0, 1, 'FAILED', 'org.springframework.orm.jpa.JpaSystemException: could not execute statement; nested exception is org.hibernate.exception.GenericJDBCException: could not execute statement\r\n	at org.springframework.orm.jpa.vendor.HibernateJpaDialect.convertHibernateAccessException(HibernateJpaDialect.java:331)\r\n	at org.springframework.orm.jpa.vendor.HibernateJpaDialect.translateExceptionIfPossible(HibernateJpaDialect.java:233)\r\n	at org.springframework.orm.jpa.AbstractEntityManagerFactoryBean.translateExceptionIfPossible(AbstractEntityManagerFactoryBean.java:551)\r\n	at org.springframework.dao.support.ChainedPersistenceExceptionTranslator.translateExceptionIfPossible(ChainedPersistenceExceptionTranslator.java:61)\r\n	at org.springframework.dao.support.DataAccessUtils.translateIfNecessary(DataAccessUtils.java:242)\r\n	at org.springframework.dao.support.PersistenceExceptionTranslationInterceptor.invoke(PersistenceExceptionTranslationInterceptor.java:152)\r\n	at org.springframework.aop.framework.ReflectiveMethodInvocation.proceed(ReflectiveMethodInvocation.java:186)\r\n	at org.springframework.data.jpa.repository.support.CrudMethodMetadataPostProcessor$CrudMethodMetadataPopulatingMethodInterceptor.invoke(CrudMethodMetadataPostProcessor.java:174)\r\n	at org.springframework.aop.framework.ReflectiveMethodInvocation.proceed(ReflectiveMethodInvocation.java:186)\r\n	at org.springframework.aop.interceptor.ExposeInvocationInterceptor.invoke(ExposeInvocationInterceptor.java:97)\r\n	at org.springframework.aop.framework.ReflectiveMethodInvocation.proceed(ReflectiveMethodInvocation.java:186)\r\n	at org.springframework.aop.framework.JdkDynamicAopProxy.invoke(JdkDynamicAopProxy.java:215)\r\n	at com.sun.proxy.$Proxy172.save(Unknown Source)\r\n	at com.harryporter.ddokbun.domain.alarm.service.AlarmService.sendAlarmToUser(AlarmService.java:72)\r\n	at com.harryporter.ddokbun.domain.alarm.service.AlarmService$$FastClassBySpringCGLIB$$97742e28.invoke(<generated>)\r\n	at org.springframework.cglib.proxy.MethodProxy.invoke(MethodProxy.java:218)\r\n	at org.springframework.aop.framework.CglibAopProxy$CglibMethodInvocation.invokeJoinpoint(CglibAopProxy.java:793)\r\n	at org.springframework.aop.framework.ReflectiveMethodInvocation.proceed(ReflectiveMethodInvocation.java:163)\r\n	at org.springframework.aop.framework.CglibAopProxy$CglibMethodInvocation.proceed(CglibAopProxy.java:763)\r\n	at org.springframework.transaction.interceptor.TransactionInterceptor$1.proceedWithInvocation(TransactionInterceptor.java:123)\r\n	at org.springframework.transa', '2022-11-11 16:23:01.437000'),
	(36, 2, 'WaterLevelAlarmStep', 37, '2022-11-11 16:24:37.831000', '2022-11-11 16:24:40.633000', 'FAILED', 0, 1, 0, 0, 0, 0, 0, 1, 'FAILED', 'org.springframework.orm.jpa.JpaSystemException: could not execute statement; nested exception is org.hibernate.exception.GenericJDBCException: could not execute statement\r\n	at org.springframework.orm.jpa.vendor.HibernateJpaDialect.convertHibernateAccessException(HibernateJpaDialect.java:331)\r\n	at org.springframework.orm.jpa.vendor.HibernateJpaDialect.translateExceptionIfPossible(HibernateJpaDialect.java:233)\r\n	at org.springframework.orm.jpa.AbstractEntityManagerFactoryBean.translateExceptionIfPossible(AbstractEntityManagerFactoryBean.java:551)\r\n	at org.springframework.dao.support.ChainedPersistenceExceptionTranslator.translateExceptionIfPossible(ChainedPersistenceExceptionTranslator.java:61)\r\n	at org.springframework.dao.support.DataAccessUtils.translateIfNecessary(DataAccessUtils.java:242)\r\n	at org.springframework.dao.support.PersistenceExceptionTranslationInterceptor.invoke(PersistenceExceptionTranslationInterceptor.java:152)\r\n	at org.springframework.aop.framework.ReflectiveMethodInvocation.proceed(ReflectiveMethodInvocation.java:186)\r\n	at org.springframework.data.jpa.repository.support.CrudMethodMetadataPostProcessor$CrudMethodMetadataPopulatingMethodInterceptor.invoke(CrudMethodMetadataPostProcessor.java:174)\r\n	at org.springframework.aop.framework.ReflectiveMethodInvocation.proceed(ReflectiveMethodInvocation.java:186)\r\n	at org.springframework.aop.interceptor.ExposeInvocationInterceptor.invoke(ExposeInvocationInterceptor.java:97)\r\n	at org.springframework.aop.framework.ReflectiveMethodInvocation.proceed(ReflectiveMethodInvocation.java:186)\r\n	at org.springframework.aop.framework.JdkDynamicAopProxy.invoke(JdkDynamicAopProxy.java:215)\r\n	at com.sun.proxy.$Proxy172.save(Unknown Source)\r\n	at com.harryporter.ddokbun.domain.alarm.service.AlarmService.sendAlarmToUser(AlarmService.java:72)\r\n	at com.harryporter.ddokbun.domain.alarm.service.AlarmService$$FastClassBySpringCGLIB$$97742e28.invoke(<generated>)\r\n	at org.springframework.cglib.proxy.MethodProxy.invoke(MethodProxy.java:218)\r\n	at org.springframework.aop.framework.CglibAopProxy$CglibMethodInvocation.invokeJoinpoint(CglibAopProxy.java:793)\r\n	at org.springframework.aop.framework.ReflectiveMethodInvocation.proceed(ReflectiveMethodInvocation.java:163)\r\n	at org.springframework.aop.framework.CglibAopProxy$CglibMethodInvocation.proceed(CglibAopProxy.java:763)\r\n	at org.springframework.transaction.interceptor.TransactionInterceptor$1.proceedWithInvocation(TransactionInterceptor.java:123)\r\n	at org.springframework.transa', '2022-11-11 16:24:40.646000'),
	(37, 3, 'WaterApplyAlarmStep', 38, '2022-11-12 09:00:00.208000', '2022-11-12 09:00:02.284000', 'COMPLETED', 1, 1, 0, 1, 0, 0, 0, 0, 'COMPLETED', '', '2022-11-12 09:00:02.286000'),
	(38, 3, 'AutoWaterApplyStep', 39, '2022-11-12 09:00:02.379000', '2022-11-12 09:00:02.423000', 'COMPLETED', 1, 2, 0, 2, 0, 0, 0, 0, 'COMPLETED', '', '2022-11-12 09:00:02.424000'),
	(39, 3, 'WaterLevelAlarmStep', 40, '2022-11-14 09:00:00.262000', '2022-11-14 09:00:02.088000', 'COMPLETED', 1, 1, 0, 1, 0, 0, 0, 0, 'COMPLETED', '', '2022-11-14 09:00:02.090000'),
	(40, 3, 'AutoWaterApplyStep', 41, '2022-11-14 09:00:02.202000', '2022-11-14 09:00:03.276000', 'COMPLETED', 1, 2, 0, 2, 0, 0, 0, 0, 'COMPLETED', '', '2022-11-14 09:00:03.277000'),
	(41, 3, 'WaterApplyAlarmStep', 42, '2022-11-14 09:00:03.369000', '2022-11-14 09:00:03.422000', 'COMPLETED', 1, 0, 0, 0, 0, 0, 0, 0, 'COMPLETED', '', '2022-11-14 09:00:03.423000'),
	(42, 3, 'WaterLevelAlarmStep', 43, '2022-11-15 14:55:56.554000', '2022-11-15 14:56:04.484000', 'COMPLETED', 1, 1, 0, 1, 0, 0, 0, 0, 'COMPLETED', '', '2022-11-15 14:56:04.510000'),
	(43, 3, 'AutoWaterApplyStep', 44, '2022-11-15 14:56:06.137000', '2022-11-15 14:56:06.867000', 'COMPLETED', 1, 1, 0, 1, 0, 0, 0, 0, 'COMPLETED', '', '2022-11-15 14:56:06.879000'),
	(44, 3, 'WaterApplyAlarmStep', 45, '2022-11-15 14:56:09.267000', '2022-11-15 14:56:10.003000', 'COMPLETED', 1, 0, 0, 0, 0, 0, 0, 0, 'COMPLETED', '', '2022-11-15 14:56:10.030000'),
	(45, 3, 'WaterLevelAlarmStep', 46, '2022-11-15 09:00:00.299000', '2022-11-15 09:00:02.288000', 'COMPLETED', 1, 1, 0, 1, 0, 0, 0, 0, 'COMPLETED', '', '2022-11-15 09:00:02.291000'),
	(46, 3, 'WaterApplyAlarmStep', 47, '2022-11-16 14:51:29.754000', '2022-11-16 14:51:30.040000', 'COMPLETED', 1, 0, 0, 0, 0, 0, 0, 0, 'COMPLETED', '', '2022-11-16 14:51:30.050000'),
	(47, 3, 'WaterLevelAlarmStep', 48, '2022-11-16 14:51:30.808000', '2022-11-16 14:51:31.881000', 'COMPLETED', 1, 1, 0, 1, 0, 0, 0, 0, 'COMPLETED', '', '2022-11-16 14:51:31.894000'),
	(48, 3, 'AutoWaterApplyStep', 49, '2022-11-16 14:51:32.712000', '2022-11-16 14:51:33.053000', 'COMPLETED', 1, 1, 0, 1, 0, 0, 0, 0, 'COMPLETED', '', '2022-11-16 14:51:33.066000'),
	(49, 3, 'WaterLevelAlarmStep', 50, '2022-11-16 17:21:11.410000', '2022-11-16 17:21:15.653000', 'COMPLETED', 1, 6, 0, 6, 0, 0, 0, 0, 'COMPLETED', '', '2022-11-16 17:21:15.664000'),
	(50, 1, 'WaterLevelAlarmStep', 51, '2022-11-16 17:24:14.630000', NULL, 'STARTED', 0, 0, 0, 0, 0, 0, 0, 0, 'EXECUTING', '', '2022-11-16 17:24:14.642000'),
	(51, 3, 'WaterLevelAlarmStep', 52, '2022-11-16 09:00:00.222000', '2022-11-16 09:00:00.759000', 'COMPLETED', 1, 1, 0, 1, 0, 0, 0, 0, 'COMPLETED', '', '2022-11-16 09:00:00.760000'),
	(52, 3, 'AutoWaterApplyStep', 53, '2022-11-17 14:53:48.276000', '2022-11-17 14:53:48.678000', 'COMPLETED', 1, 1, 0, 1, 0, 0, 0, 0, 'COMPLETED', '', '2022-11-17 14:53:48.690000'),
	(53, 3, 'WaterLevelAlarmStep', 54, '2022-11-17 14:53:49.571000', '2022-11-17 14:53:50.970000', 'COMPLETED', 1, 1, 0, 1, 0, 0, 0, 0, 'COMPLETED', '', '2022-11-17 14:53:50.983000'),
	(54, 3, 'WaterApplyAlarmStep', 55, '2022-11-17 14:53:51.811000', '2022-11-17 14:53:52.142000', 'COMPLETED', 1, 0, 0, 0, 0, 0, 0, 0, 'COMPLETED', '', '2022-11-17 14:53:52.158000');

-- 테이블 ddokbun.BATCH_STEP_EXECUTION_CONTEXT 구조 내보내기
CREATE TABLE IF NOT EXISTS `BATCH_STEP_EXECUTION_CONTEXT` (
  `STEP_EXECUTION_ID` bigint NOT NULL,
  `SHORT_CONTEXT` varchar(2500) COLLATE utf8mb4_unicode_ci NOT NULL,
  `SERIALIZED_CONTEXT` text COLLATE utf8mb4_unicode_ci,
  PRIMARY KEY (`STEP_EXECUTION_ID`),
  CONSTRAINT `STEP_EXEC_CTX_FK` FOREIGN KEY (`STEP_EXECUTION_ID`) REFERENCES `BATCH_STEP_EXECUTION` (`STEP_EXECUTION_ID`)
) ENGINE=InnoDB DEFAULT CHARSET=utf8mb4 COLLATE=utf8mb4_unicode_ci;

-- 테이블 데이터 ddokbun.BATCH_STEP_EXECUTION_CONTEXT:~45 rows (대략적) 내보내기
REPLACE INTO `BATCH_STEP_EXECUTION_CONTEXT` (`STEP_EXECUTION_ID`, `SHORT_CONTEXT`, `SERIALIZED_CONTEXT`) VALUES
	(1, '{"@class":"java.util.HashMap","batch.taskletType":"org.springframework.batch.core.step.item.ChunkOrientedTasklet","JpaPagingItemReader.read.count":0,"batch.stepType":"org.springframework.batch.core.step.tasklet.TaskletStep"}', NULL),
	(2, '{"@class":"java.util.HashMap","batch.taskletType":"org.springframework.batch.core.step.item.ChunkOrientedTasklet","JpaPagingItemReader.read.count":0,"batch.stepType":"org.springframework.batch.core.step.tasklet.TaskletStep"}', NULL),
	(3, '{"@class":"java.util.HashMap","batch.taskletType":"org.springframework.batch.core.step.item.ChunkOrientedTasklet","JpaPagingItemReader.read.count":6,"batch.stepType":"org.springframework.batch.core.step.tasklet.TaskletStep"}', NULL),
	(4, '{"@class":"java.util.HashMap","batch.taskletType":"org.springframework.batch.core.step.item.ChunkOrientedTasklet","JpaPagingItemReader.read.count":5,"batch.stepType":"org.springframework.batch.core.step.tasklet.TaskletStep"}', NULL),
	(5, '{"@class":"java.util.HashMap","batch.taskletType":"org.springframework.batch.core.step.item.ChunkOrientedTasklet","JpaPagingItemReader.read.count":5,"batch.stepType":"org.springframework.batch.core.step.tasklet.TaskletStep"}', NULL),
	(6, '{"@class":"java.util.HashMap","batch.taskletType":"org.springframework.batch.core.step.item.ChunkOrientedTasklet","JpaPagingItemReader.read.count":1,"batch.stepType":"org.springframework.batch.core.step.tasklet.TaskletStep"}', NULL),
	(7, '{"@class":"java.util.HashMap","batch.taskletType":"org.springframework.batch.core.step.item.ChunkOrientedTasklet","AutoPotReader.read.count":1,"batch.stepType":"org.springframework.batch.core.step.tasklet.TaskletStep"}', NULL),
	(8, '{"@class":"java.util.HashMap","batch.taskletType":"org.springframework.batch.core.step.item.ChunkOrientedTasklet","ManualPotReader.read.count":1,"batch.stepType":"org.springframework.batch.core.step.tasklet.TaskletStep"}', NULL),
	(10, '{"@class":"java.util.HashMap","batch.taskletType":"org.springframework.batch.core.step.item.ChunkOrientedTasklet","AutoPotReader.read.count":2,"batch.stepType":"org.springframework.batch.core.step.tasklet.TaskletStep"}', NULL),
	(11, '{"@class":"java.util.HashMap","batch.taskletType":"org.springframework.batch.core.step.item.ChunkOrientedTasklet","AutoPotReader.read.count":3,"batch.stepType":"org.springframework.batch.core.step.tasklet.TaskletStep"}', NULL),
	(12, '{"@class":"java.util.HashMap","batch.taskletType":"org.springframework.batch.core.step.item.ChunkOrientedTasklet","AutoPotReader.read.count":4,"batch.stepType":"org.springframework.batch.core.step.tasklet.TaskletStep"}', NULL),
	(13, '{"@class":"java.util.HashMap","batch.taskletType":"org.springframework.batch.core.step.item.ChunkOrientedTasklet","AutoPotReader.read.count":5,"batch.stepType":"org.springframework.batch.core.step.tasklet.TaskletStep"}', NULL),
	(14, '{"@class":"java.util.HashMap","batch.taskletType":"org.springframework.batch.core.step.item.ChunkOrientedTasklet","AutoPotReader.read.count":6,"batch.stepType":"org.springframework.batch.core.step.tasklet.TaskletStep"}', NULL),
	(15, '{"@class":"java.util.HashMap","batch.taskletType":"org.springframework.batch.core.step.item.ChunkOrientedTasklet","AutoPotReader.read.count":2,"batch.stepType":"org.springframework.batch.core.step.tasklet.TaskletStep"}', NULL),
	(16, '{"@class":"java.util.HashMap","batch.taskletType":"org.springframework.batch.core.step.item.ChunkOrientedTasklet","AutoPotReader.read.count":2,"batch.stepType":"org.springframework.batch.core.step.tasklet.TaskletStep"}', NULL),
	(17, '{"@class":"java.util.HashMap","batch.taskletType":"org.springframework.batch.core.step.item.ChunkOrientedTasklet","AutoPotReader.read.count":2,"batch.stepType":"org.springframework.batch.core.step.tasklet.TaskletStep"}', NULL),
	(18, '{"@class":"java.util.HashMap","batch.taskletType":"org.springframework.batch.core.step.item.ChunkOrientedTasklet","AutoPotReader.read.count":2,"batch.stepType":"org.springframework.batch.core.step.tasklet.TaskletStep"}', NULL),
	(19, '{"@class":"java.util.HashMap","batch.taskletType":"org.springframework.batch.core.step.item.ChunkOrientedTasklet","AutoPotReader.read.count":2,"batch.stepType":"org.springframework.batch.core.step.tasklet.TaskletStep"}', NULL),
	(20, '{"@class":"java.util.HashMap","batch.taskletType":"org.springframework.batch.core.step.item.ChunkOrientedTasklet","AutoPotReader.read.count":2,"batch.stepType":"org.springframework.batch.core.step.tasklet.TaskletStep"}', NULL),
	(21, '{"@class":"java.util.HashMap","batch.taskletType":"org.springframework.batch.core.step.item.ChunkOrientedTasklet","AutoPotReader.read.count":2,"batch.stepType":"org.springframework.batch.core.step.tasklet.TaskletStep"}', NULL),
	(22, '{"@class":"java.util.HashMap","batch.taskletType":"org.springframework.batch.core.step.item.ChunkOrientedTasklet","AutoPotReader.read.count":1,"batch.stepType":"org.springframework.batch.core.step.tasklet.TaskletStep"}', NULL),
	(23, '{"@class":"java.util.HashMap","batch.taskletType":"org.springframework.batch.core.step.item.ChunkOrientedTasklet","AutoPotReader.read.count":1,"batch.stepType":"org.springframework.batch.core.step.tasklet.TaskletStep"}', NULL),
	(24, '{"@class":"java.util.HashMap","batch.taskletType":"org.springframework.batch.core.step.item.ChunkOrientedTasklet","AutoPotReader.read.count":3,"batch.stepType":"org.springframework.batch.core.step.tasklet.TaskletStep"}', NULL),
	(25, '{"@class":"java.util.HashMap","batch.taskletType":"org.springframework.batch.core.step.item.ChunkOrientedTasklet","AutoPotReader.read.count":3,"batch.stepType":"org.springframework.batch.core.step.tasklet.TaskletStep"}', NULL),
	(26, '{"@class":"java.util.HashMap","batch.taskletType":"org.springframework.batch.core.step.item.ChunkOrientedTasklet","AutoPotReader.read.count":3,"batch.stepType":"org.springframework.batch.core.step.tasklet.TaskletStep"}', NULL),
	(27, '{"@class":"java.util.HashMap","batch.taskletType":"org.springframework.batch.core.step.item.ChunkOrientedTasklet","AutoPotReader.read.count":3,"batch.stepType":"org.springframework.batch.core.step.tasklet.TaskletStep"}', NULL),
	(28, '{"@class":"java.util.HashMap","batch.taskletType":"org.springframework.batch.core.step.item.ChunkOrientedTasklet","AutoPotReader.read.count":3,"batch.stepType":"org.springframework.batch.core.step.tasklet.TaskletStep"}', NULL),
	(29, '{"@class":"java.util.HashMap","batch.taskletType":"org.springframework.batch.core.step.item.ChunkOrientedTasklet","AutoPotReader.read.count":2,"batch.stepType":"org.springframework.batch.core.step.tasklet.TaskletStep"}', NULL),
	(30, '{"@class":"java.util.HashMap","batch.taskletType":"org.springframework.batch.core.step.item.ChunkOrientedTasklet","ManualPotReader.read.count":1,"batch.stepType":"org.springframework.batch.core.step.tasklet.TaskletStep"}', NULL),
	(31, '{"@class":"java.util.HashMap","batch.taskletType":"org.springframework.batch.core.step.item.ChunkOrientedTasklet","ManualPotReader.read.count":2,"batch.stepType":"org.springframework.batch.core.step.tasklet.TaskletStep"}', NULL),
	(32, '{"@class":"java.util.HashMap","batch.taskletType":"org.springframework.batch.core.step.item.ChunkOrientedTasklet","ManualPotReader.read.count":2,"batch.stepType":"org.springframework.batch.core.step.tasklet.TaskletStep"}', NULL),
	(33, '{"@class":"java.util.HashMap","batch.taskletType":"org.springframework.batch.core.step.item.ChunkOrientedTasklet","WaterLevelAlarmReader.read.count":0,"batch.stepType":"org.springframework.batch.core.step.tasklet.TaskletStep"}', NULL),
	(34, '{"@class":"java.util.HashMap","batch.taskletType":"org.springframework.batch.core.step.item.ChunkOrientedTasklet","WaterLevelAlarmReader.read.count":2,"batch.stepType":"org.springframework.batch.core.step.tasklet.TaskletStep"}', NULL),
	(35, '{"@class":"java.util.HashMap","batch.taskletType":"org.springframework.batch.core.step.item.ChunkOrientedTasklet","WaterLevelAlarmReader.read.count":0,"batch.stepType":"org.springframework.batch.core.step.tasklet.TaskletStep"}', NULL),
	(36, '{"@class":"java.util.HashMap","batch.taskletType":"org.springframework.batch.core.step.item.ChunkOrientedTasklet","WaterLevelAlarmReader.read.count":0,"batch.stepType":"org.springframework.batch.core.step.tasklet.TaskletStep"}', NULL),
	(37, '{"@class":"java.util.HashMap","batch.taskletType":"org.springframework.batch.core.step.item.ChunkOrientedTasklet","ManualPotReader.read.count":2,"batch.stepType":"org.springframework.batch.core.step.tasklet.TaskletStep"}', NULL),
	(38, '{"@class":"java.util.HashMap","batch.taskletType":"org.springframework.batch.core.step.item.ChunkOrientedTasklet","AutoPotReader.read.count":3,"batch.stepType":"org.springframework.batch.core.step.tasklet.TaskletStep"}', NULL),
	(39, '{"@class":"java.util.HashMap","batch.taskletType":"org.springframework.batch.core.step.item.ChunkOrientedTasklet","WaterLevelAlarmReader.read.count":2,"batch.stepType":"org.springframework.batch.core.step.tasklet.TaskletStep"}', NULL),
	(40, '{"@class":"java.util.HashMap","batch.taskletType":"org.springframework.batch.core.step.item.ChunkOrientedTasklet","AutoPotReader.read.count":3,"batch.stepType":"org.springframework.batch.core.step.tasklet.TaskletStep"}', NULL),
	(41, '{"@class":"java.util.HashMap","batch.taskletType":"org.springframework.batch.core.step.item.ChunkOrientedTasklet","ManualPotReader.read.count":1,"batch.stepType":"org.springframework.batch.core.step.tasklet.TaskletStep"}', NULL),
	(42, '{"@class":"java.util.HashMap","batch.taskletType":"org.springframework.batch.core.step.item.ChunkOrientedTasklet","WaterLevelAlarmReader.read.count":2,"batch.stepType":"org.springframework.batch.core.step.tasklet.TaskletStep"}', NULL),
	(43, '{"@class":"java.util.HashMap","batch.taskletType":"org.springframework.batch.core.step.item.ChunkOrientedTasklet","AutoPotReader.read.count":2,"batch.stepType":"org.springframework.batch.core.step.tasklet.TaskletStep"}', NULL),
	(44, '{"@class":"java.util.HashMap","batch.taskletType":"org.springframework.batch.core.step.item.ChunkOrientedTasklet","ManualPotReader.read.count":1,"batch.stepType":"org.springframework.batch.core.step.tasklet.TaskletStep"}', NULL),
	(45, '{"@class":"java.util.HashMap","batch.taskletType":"org.springframework.batch.core.step.item.ChunkOrientedTasklet","WaterLevelAlarmReader.read.count":2,"batch.stepType":"org.springframework.batch.core.step.tasklet.TaskletStep"}', NULL),
	(46, '{"@class":"java.util.HashMap","batch.taskletType":"org.springframework.batch.core.step.item.ChunkOrientedTasklet","ManualPotReader.read.count":1,"batch.stepType":"org.springframework.batch.core.step.tasklet.TaskletStep"}', NULL),
	(47, '{"@class":"java.util.HashMap","batch.taskletType":"org.springframework.batch.core.step.item.ChunkOrientedTasklet","WaterLevelAlarmReader.read.count":2,"batch.stepType":"org.springframework.batch.core.step.tasklet.TaskletStep"}', NULL),
	(48, '{"@class":"java.util.HashMap","batch.taskletType":"org.springframework.batch.core.step.item.ChunkOrientedTasklet","AutoPotReader.read.count":2,"batch.stepType":"org.springframework.batch.core.step.tasklet.TaskletStep"}', NULL),
	(49, '{"@class":"java.util.HashMap","batch.taskletType":"org.springframework.batch.core.step.item.ChunkOrientedTasklet","WaterLevelAlarmReader.read.count":7,"batch.stepType":"org.springframework.batch.core.step.tasklet.TaskletStep"}', NULL),
	(50, '{"@class":"java.util.HashMap","batch.taskletType":"org.springframework.batch.core.step.item.ChunkOrientedTasklet","WaterLevelAlarmReader.read.count":0,"batch.stepType":"org.springframework.batch.core.step.tasklet.TaskletStep"}', NULL),
	(51, '{"@class":"java.util.HashMap","batch.taskletType":"org.springframework.batch.core.step.item.ChunkOrientedTasklet","WaterLevelAlarmReader.read.count":2,"batch.stepType":"org.springframework.batch.core.step.tasklet.TaskletStep"}', NULL),
	(52, '{"@class":"java.util.HashMap","batch.taskletType":"org.springframework.batch.core.step.item.ChunkOrientedTasklet","AutoPotReader.read.count":2,"batch.stepType":"org.springframework.batch.core.step.tasklet.TaskletStep"}', NULL),
	(53, '{"@class":"java.util.HashMap","batch.taskletType":"org.springframework.batch.core.step.item.ChunkOrientedTasklet","WaterLevelAlarmReader.read.count":2,"batch.stepType":"org.springframework.batch.core.step.tasklet.TaskletStep"}', NULL),
	(54, '{"@class":"java.util.HashMap","batch.taskletType":"org.springframework.batch.core.step.item.ChunkOrientedTasklet","ManualPotReader.read.count":1,"batch.stepType":"org.springframework.batch.core.step.tasklet.TaskletStep"}', NULL);

-- 테이블 ddokbun.BATCH_STEP_EXECUTION_SEQ 구조 내보내기
CREATE TABLE IF NOT EXISTS `BATCH_STEP_EXECUTION_SEQ` (
  `ID` bigint NOT NULL,
  `UNIQUE_KEY` char(1) COLLATE utf8mb4_unicode_ci NOT NULL,
  UNIQUE KEY `UNIQUE_KEY_UN` (`UNIQUE_KEY`)
) ENGINE=InnoDB DEFAULT CHARSET=utf8mb4 COLLATE=utf8mb4_unicode_ci;

-- 테이블 데이터 ddokbun.BATCH_STEP_EXECUTION_SEQ:~0 rows (대략적) 내보내기
REPLACE INTO `BATCH_STEP_EXECUTION_SEQ` (`ID`, `UNIQUE_KEY`) VALUES
	(54, '0');

-- 테이블 ddokbun.cart 구조 내보내기
CREATE TABLE IF NOT EXISTS `cart` (
  `item_seq` int unsigned NOT NULL,
  `user_seq` int unsigned NOT NULL,
  `quantity` int DEFAULT NULL,
  PRIMARY KEY (`item_seq`,`user_seq`),
  KEY `FK3kmyl32hnabvysh50rm3w27xh` (`user_seq`),
  CONSTRAINT `FK3kmyl32hnabvysh50rm3w27xh` FOREIGN KEY (`user_seq`) REFERENCES `user` (`user_seq`),
  CONSTRAINT `FKsxmr4sr3rh612hfpvvtjv34ld` FOREIGN KEY (`item_seq`) REFERENCES `item` (`item_seq`)
) ENGINE=InnoDB DEFAULT CHARSET=utf8mb4 COLLATE=utf8mb4_unicode_ci;

-- 테이블 데이터 ddokbun.cart:~12 rows (대략적) 내보내기
REPLACE INTO `cart` (`item_seq`, `user_seq`, `quantity`) VALUES
	(388, 145, 1),
	(389, 30, 1),
	(394, 143, 3),
	(394, 145, 1),
	(397, 30, 1),
	(397, 143, 2),
	(399, 30, 1),
	(405, 518, 1),
	(410, 514, 1),
	(412, 1, 2),
	(414, 517, 1),
	(422, 0, 1),
	(422, 30, 1),
	(423, 0, 1),
	(425, 518, 1),
	(496, 1, 2);

-- 테이블 ddokbun.consume_log 구조 내보내기
CREATE TABLE IF NOT EXISTS `consume_log` (
  `consume_log_seq` int NOT NULL AUTO_INCREMENT,
  `content` varchar(500) COLLATE utf8mb4_unicode_ci DEFAULT NULL,
  PRIMARY KEY (`consume_log_seq`)
) ENGINE=InnoDB AUTO_INCREMENT=1835 DEFAULT CHARSET=utf8mb4 COLLATE=utf8mb4_unicode_ci;

-- 테이블 데이터 ddokbun.consume_log:~273 rows (대략적) 내보내기
REPLACE INTO `consume_log` (`consume_log_seq`, `content`) VALUES
	(1319, '저장완료 :: data : EnvDto{temperature=24.5, humid=38.0, light=3.0, soilHumid=5.0, waterLevel=1.0, motorState=0, potSid=\'0000000000\', simple=0, time=2022-11-17T05:00:01.597}'),
	(1320, '저장완료 :: data : EnvDto{temperature=24.5, humid=38.0, light=3.0, soilHumid=5.0, waterLevel=1.0, motorState=0, potSid=\'0000000000\', simple=1, time=2022-11-17T05:02:30.084}'),
	(1321, '저장완료 :: data : EnvDto{temperature=24.5, humid=37.0, light=3.0, soilHumid=5.0, waterLevel=1.0, motorState=0, potSid=\'0000000000\', simple=1, time=2022-11-17T05:04:09.430}'),
	(1322, '저장완료 :: data : EnvDto{temperature=24.5, humid=38.0, light=3.0, soilHumid=5.0, waterLevel=1.0, motorState=0, potSid=\'0000000000\', simple=1, time=2022-11-17T05:04:19.491}'),
	(1323, '저장완료 :: data : EnvDto{temperature=24.5, humid=38.0, light=3.0, soilHumid=5.0, waterLevel=1.0, motorState=0, potSid=\'0000000000\', simple=1, time=2022-11-17T05:04:29.583}'),
	(1324, '저장완료 :: data : EnvDto{temperature=24.5, humid=38.0, light=3.0, soilHumid=5.0, waterLevel=1.0, motorState=0, potSid=\'0000000000\', simple=1, time=2022-11-17T05:04:39.650}'),
	(1325, '저장완료 :: data : EnvDto{temperature=24.5, humid=38.0, light=3.0, soilHumid=5.0, waterLevel=1.0, motorState=0, potSid=\'0000000000\', simple=1, time=2022-11-17T05:04:49.716}'),
	(1326, '저장완료 :: data : EnvDto{temperature=24.5, humid=38.0, light=3.0, soilHumid=5.0, waterLevel=1.0, motorState=0, potSid=\'0000000000\', simple=1, time=2022-11-17T05:04:59.803}'),
	(1327, '저장완료 :: data : EnvDto{temperature=24.5, humid=37.0, light=3.0, soilHumid=5.0, waterLevel=1.0, motorState=0, potSid=\'0000000000\', simple=1, time=2022-11-17T05:05:09.862}'),
	(1328, '저장완료 :: data : EnvDto{temperature=24.5, humid=37.0, light=3.0, soilHumid=5.0, waterLevel=1.0, motorState=0, potSid=\'0000000000\', simple=1, time=2022-11-17T05:05:19.929}'),
	(1329, '저장완료 :: data : EnvDto{temperature=24.5, humid=37.0, light=3.0, soilHumid=5.0, waterLevel=1.0, motorState=0, potSid=\'0000000000\', simple=1, time=2022-11-17T05:05:30.011}'),
	(1330, '저장완료 :: data : EnvDto{temperature=24.5, humid=37.0, light=3.0, soilHumid=5.0, waterLevel=1.0, motorState=0, potSid=\'0000000000\', simple=1, time=2022-11-17T05:05:40.083}'),
	(1331, '저장완료 :: data : EnvDto{temperature=24.5, humid=37.0, light=3.0, soilHumid=5.0, waterLevel=1.0, motorState=0, potSid=\'0000000000\', simple=1, time=2022-11-17T05:05:49.656}'),
	(1332, '저장완료 :: data : EnvDto{temperature=24.5, humid=37.0, light=3.0, soilHumid=5.0, waterLevel=1.0, motorState=0, potSid=\'0000000000\', simple=1, time=2022-11-17T05:05:59.723}'),
	(1333, '저장완료 :: data : EnvDto{temperature=24.5, humid=37.0, light=3.0, soilHumid=5.0, waterLevel=1.0, motorState=0, potSid=\'0000000000\', simple=1, time=2022-11-17T05:06:09.764}'),
	(1334, '저장완료 :: data : EnvDto{temperature=24.5, humid=37.0, light=3.0, soilHumid=5.0, waterLevel=1.0, motorState=0, potSid=\'0000000000\', simple=1, time=2022-11-17T05:06:19.854}'),
	(1335, '저장완료 :: data : EnvDto{temperature=24.5, humid=37.0, light=3.0, soilHumid=5.0, waterLevel=1.0, motorState=0, potSid=\'0000000000\', simple=1, time=2022-11-17T05:06:29.923}'),
	(1336, '저장완료 :: data : EnvDto{temperature=24.5, humid=38.0, light=3.0, soilHumid=5.0, waterLevel=1.0, motorState=0, potSid=\'0000000000\', simple=1, time=2022-11-17T05:06:39.994}'),
	(1337, '저장완료 :: data : EnvDto{temperature=24.5, humid=38.0, light=3.0, soilHumid=5.0, waterLevel=1.0, motorState=0, potSid=\'0000000000\', simple=1, time=2022-11-17T05:06:50.058}'),
	(1338, '저장완료 :: data : EnvDto{temperature=24.5, humid=38.0, light=3.0, soilHumid=5.0, waterLevel=1.0, motorState=0, potSid=\'0000000000\', simple=1, time=2022-11-17T05:07:00.139}'),
	(1339, '저장완료 :: data : EnvDto{temperature=24.5, humid=38.0, light=3.0, soilHumid=5.0, waterLevel=1.0, motorState=0, potSid=\'0000000000\', simple=1, time=2022-11-17T05:07:10.180}'),
	(1340, '저장완료 :: data : EnvDto{temperature=24.5, humid=38.0, light=3.0, soilHumid=5.0, waterLevel=1.0, motorState=0, potSid=\'0000000000\', simple=1, time=2022-11-17T05:07:20.267}'),
	(1341, '저장완료 :: data : EnvDto{temperature=24.5, humid=37.0, light=3.0, soilHumid=5.0, waterLevel=1.0, motorState=0, potSid=\'0000000000\', simple=1, time=2022-11-17T05:07:30.136}'),
	(1342, '저장완료 :: data : EnvDto{temperature=24.5, humid=37.0, light=3.0, soilHumid=5.0, waterLevel=1.0, motorState=0, potSid=\'0000000000\', simple=1, time=2022-11-17T05:07:39.888}'),
	(1343, '저장완료 :: data : EnvDto{temperature=24.5, humid=37.0, light=3.0, soilHumid=5.0, waterLevel=1.0, motorState=0, potSid=\'0000000000\', simple=1, time=2022-11-17T05:07:49.958}'),
	(1344, '저장완료 :: data : EnvDto{temperature=24.5, humid=37.0, light=3.0, soilHumid=5.0, waterLevel=1.0, motorState=0, potSid=\'0000000000\', simple=1, time=2022-11-17T05:08:00.042}'),
	(1345, '저장완료 :: data : EnvDto{temperature=24.5, humid=37.0, light=3.0, soilHumid=5.0, waterLevel=1.0, motorState=0, potSid=\'0000000000\', simple=1, time=2022-11-17T05:08:10.125}'),
	(1346, '저장완료 :: data : EnvDto{temperature=24.5, humid=37.0, light=3.0, soilHumid=5.0, waterLevel=1.0, motorState=0, potSid=\'0000000000\', simple=1, time=2022-11-17T05:08:20.182}'),
	(1347, '저장완료 :: data : EnvDto{temperature=24.5, humid=37.0, light=3.0, soilHumid=5.0, waterLevel=1.0, motorState=0, potSid=\'0000000000\', simple=1, time=2022-11-17T05:08:30.236}'),
	(1348, '저장완료 :: data : EnvDto{temperature=24.5, humid=37.0, light=3.0, soilHumid=5.0, waterLevel=1.0, motorState=0, potSid=\'0000000000\', simple=1, time=2022-11-17T05:08:40.490}'),
	(1349, '저장완료 :: data : EnvDto{temperature=24.5, humid=37.0, light=3.0, soilHumid=5.0, waterLevel=1.0, motorState=0, potSid=\'0000000000\', simple=1, time=2022-11-17T05:08:50.418}'),
	(1350, '저장완료 :: data : EnvDto{temperature=24.5, humid=37.0, light=3.0, soilHumid=5.0, waterLevel=1.0, motorState=0, potSid=\'0000000000\', simple=1, time=2022-11-17T05:09:00.465}'),
	(1351, '저장완료 :: data : EnvDto{temperature=24.5, humid=37.0, light=3.0, soilHumid=5.0, waterLevel=1.0, motorState=0, potSid=\'0000000000\', simple=1, time=2022-11-17T05:09:10.030}'),
	(1352, '저장완료 :: data : EnvDto{temperature=24.5, humid=37.0, light=3.0, soilHumid=5.0, waterLevel=1.0, motorState=0, potSid=\'0000000000\', simple=1, time=2022-11-17T05:09:20.115}'),
	(1353, '저장완료 :: data : EnvDto{temperature=24.5, humid=37.0, light=3.0, soilHumid=5.0, waterLevel=1.0, motorState=0, potSid=\'0000000000\', simple=1, time=2022-11-17T05:09:30.176}'),
	(1354, '저장완료 :: data : EnvDto{temperature=24.5, humid=37.0, light=3.0, soilHumid=5.0, waterLevel=1.0, motorState=0, potSid=\'0000000000\', simple=1, time=2022-11-17T05:09:40.240}'),
	(1355, '저장완료 :: data : EnvDto{temperature=24.5, humid=37.0, light=3.0, soilHumid=5.0, waterLevel=1.0, motorState=0, potSid=\'0000000000\', simple=1, time=2022-11-17T05:09:50.308}'),
	(1356, '저장완료 :: data : EnvDto{temperature=24.5, humid=37.0, light=3.0, soilHumid=5.0, waterLevel=1.0, motorState=0, potSid=\'0000000000\', simple=1, time=2022-11-17T05:10:00.394}'),
	(1357, '저장완료 :: data : EnvDto{temperature=24.5, humid=37.0, light=3.0, soilHumid=5.0, waterLevel=1.0, motorState=0, potSid=\'0000000000\', simple=1, time=2022-11-17T05:10:10.449}'),
	(1358, '저장완료 :: data : EnvDto{temperature=24.5, humid=37.0, light=3.0, soilHumid=5.0, waterLevel=1.0, motorState=0, potSid=\'0000000000\', simple=1, time=2022-11-17T05:10:20.537}'),
	(1359, '저장완료 :: data : EnvDto{temperature=24.5, humid=37.0, light=3.0, soilHumid=5.0, waterLevel=1.0, motorState=0, potSid=\'0000000000\', simple=1, time=2022-11-17T05:10:30.591}'),
	(1360, '저장완료 :: data : EnvDto{temperature=24.5, humid=37.0, light=3.0, soilHumid=5.0, waterLevel=1.0, motorState=0, potSid=\'0000000000\', simple=1, time=2022-11-17T05:10:40.663}'),
	(1361, '저장완료 :: data : EnvDto{temperature=24.5, humid=37.0, light=3.0, soilHumid=5.0, waterLevel=1.0, motorState=0, potSid=\'0000000000\', simple=1, time=2022-11-17T05:10:50.229}'),
	(1362, '저장완료 :: data : EnvDto{temperature=24.5, humid=37.0, light=3.0, soilHumid=5.0, waterLevel=1.0, motorState=0, potSid=\'0000000000\', simple=1, time=2022-11-17T05:11:00.296}'),
	(1363, '저장완료 :: data : EnvDto{temperature=24.5, humid=37.0, light=3.0, soilHumid=5.0, waterLevel=1.0, motorState=0, potSid=\'0000000000\', simple=1, time=2022-11-17T05:11:10.369}'),
	(1364, '저장완료 :: data : EnvDto{temperature=24.5, humid=37.0, light=3.0, soilHumid=5.0, waterLevel=1.0, motorState=0, potSid=\'0000000000\', simple=1, time=2022-11-17T05:11:20.437}'),
	(1365, '저장완료 :: data : EnvDto{temperature=24.5, humid=37.0, light=3.0, soilHumid=5.0, waterLevel=1.0, motorState=0, potSid=\'0000000000\', simple=1, time=2022-11-17T05:11:30.507}'),
	(1366, '저장완료 :: data : EnvDto{temperature=24.5, humid=38.0, light=3.0, soilHumid=5.0, waterLevel=1.0, motorState=0, potSid=\'0000000000\', simple=1, time=2022-11-17T05:11:40.570}'),
	(1367, '저장완료 :: data : EnvDto{temperature=24.5, humid=38.0, light=3.0, soilHumid=5.0, waterLevel=1.0, motorState=0, potSid=\'0000000000\', simple=1, time=2022-11-17T05:11:50.705}'),
	(1368, '저장완료 :: data : EnvDto{temperature=24.5, humid=38.0, light=3.0, soilHumid=5.0, waterLevel=1.0, motorState=0, potSid=\'0000000000\', simple=1, time=2022-11-17T05:12:00.694}'),
	(1369, '저장완료 :: data : EnvDto{temperature=24.5, humid=38.0, light=3.0, soilHumid=5.0, waterLevel=1.0, motorState=0, potSid=\'0000000000\', simple=1, time=2022-11-17T05:12:10.786}'),
	(1370, '저장완료 :: data : EnvDto{temperature=24.5, humid=37.0, light=3.0, soilHumid=5.0, waterLevel=1.0, motorState=0, potSid=\'0000000000\', simple=1, time=2022-11-17T05:12:20.853}'),
	(1371, '저장완료 :: data : EnvDto{temperature=24.5, humid=37.0, light=3.0, soilHumid=5.0, waterLevel=1.0, motorState=0, potSid=\'0000000000\', simple=1, time=2022-11-17T05:12:30.429}'),
	(1372, '저장완료 :: data : EnvDto{temperature=24.5, humid=37.0, light=3.0, soilHumid=5.0, waterLevel=1.0, motorState=0, potSid=\'0000000000\', simple=1, time=2022-11-17T05:12:40.465}'),
	(1373, '저장완료 :: data : EnvDto{temperature=24.5, humid=37.0, light=3.0, soilHumid=5.0, waterLevel=1.0, motorState=0, potSid=\'0000000000\', simple=1, time=2022-11-17T05:12:50.565}'),
	(1374, '저장완료 :: data : EnvDto{temperature=24.5, humid=37.0, light=3.0, soilHumid=5.0, waterLevel=1.0, motorState=0, potSid=\'0000000000\', simple=1, time=2022-11-17T05:13:00.673}'),
	(1375, '저장완료 :: data : EnvDto{temperature=24.5, humid=37.0, light=3.0, soilHumid=5.0, waterLevel=1.0, motorState=0, potSid=\'0000000000\', simple=1, time=2022-11-17T05:13:10.711}'),
	(1376, '저장완료 :: data : EnvDto{temperature=24.5, humid=37.0, light=3.0, soilHumid=5.0, waterLevel=1.0, motorState=0, potSid=\'0000000000\', simple=1, time=2022-11-17T05:13:20.781}'),
	(1377, '저장완료 :: data : EnvDto{temperature=24.5, humid=37.0, light=3.0, soilHumid=5.0, waterLevel=1.0, motorState=0, potSid=\'0000000000\', simple=1, time=2022-11-17T05:13:30.842}'),
	(1378, '저장완료 :: data : EnvDto{temperature=24.5, humid=37.0, light=3.0, soilHumid=5.0, waterLevel=1.0, motorState=0, potSid=\'0000000000\', simple=1, time=2022-11-17T05:13:40.903}'),
	(1379, '저장완료 :: data : EnvDto{temperature=24.5, humid=37.0, light=3.0, soilHumid=5.0, waterLevel=1.0, motorState=0, potSid=\'0000000000\', simple=1, time=2022-11-17T05:13:50.976}'),
	(1380, '저장완료 :: data : EnvDto{temperature=24.5, humid=37.0, light=3.0, soilHumid=5.0, waterLevel=1.0, motorState=0, potSid=\'0000000000\', simple=1, time=2022-11-17T05:14:00.550}'),
	(1381, '저장완료 :: data : EnvDto{temperature=24.5, humid=37.0, light=3.0, soilHumid=5.0, waterLevel=1.0, motorState=0, potSid=\'0000000000\', simple=1, time=2022-11-17T05:14:10.617}'),
	(1382, '저장완료 :: data : EnvDto{temperature=24.5, humid=37.0, light=3.0, soilHumid=5.0, waterLevel=1.0, motorState=0, potSid=\'0000000000\', simple=1, time=2022-11-17T05:14:20.672}'),
	(1383, '저장완료 :: data : EnvDto{temperature=24.5, humid=37.0, light=3.0, soilHumid=5.0, waterLevel=1.0, motorState=0, potSid=\'0000000000\', simple=1, time=2022-11-17T05:14:30.768}'),
	(1384, '저장완료 :: data : EnvDto{temperature=24.5, humid=37.0, light=3.0, soilHumid=5.0, waterLevel=1.0, motorState=0, potSid=\'0000000000\', simple=1, time=2022-11-17T05:14:40.812}'),
	(1385, '저장완료 :: data : EnvDto{temperature=24.5, humid=37.0, light=3.0, soilHumid=5.0, waterLevel=1.0, motorState=0, potSid=\'0000000000\', simple=1, time=2022-11-17T05:14:50.907}'),
	(1386, '저장완료 :: data : EnvDto{temperature=24.5, humid=37.0, light=3.0, soilHumid=5.0, waterLevel=1.0, motorState=0, potSid=\'0000000000\', simple=1, time=2022-11-17T05:15:00.974}'),
	(1387, '저장완료 :: data : EnvDto{temperature=24.6, humid=37.0, light=3.0, soilHumid=5.0, waterLevel=1.0, motorState=0, potSid=\'0000000000\', simple=1, time=2022-11-17T05:15:11.042}'),
	(1388, '저장완료 :: data : EnvDto{temperature=24.8, humid=37.0, light=3.0, soilHumid=5.0, waterLevel=1.0, motorState=0, potSid=\'0000000000\', simple=1, time=2022-11-17T05:15:21.111}'),
	(1389, '저장완료 :: data : EnvDto{temperature=24.8, humid=37.0, light=3.0, soilHumid=5.0, waterLevel=1.0, motorState=0, potSid=\'0000000000\', simple=1, time=2022-11-17T05:15:31.187}'),
	(1390, '저장완료 :: data : EnvDto{temperature=24.8, humid=37.0, light=3.0, soilHumid=5.0, waterLevel=1.0, motorState=0, potSid=\'0000000000\', simple=1, time=2022-11-17T05:15:40.748}'),
	(1391, '저장완료 :: data : EnvDto{temperature=24.8, humid=37.0, light=3.0, soilHumid=5.0, waterLevel=1.0, motorState=0, potSid=\'0000000000\', simple=1, time=2022-11-17T05:15:50.792}'),
	(1392, '저장완료 :: data : EnvDto{temperature=24.8, humid=37.0, light=3.0, soilHumid=5.0, waterLevel=1.0, motorState=0, potSid=\'0000000000\', simple=1, time=2022-11-17T05:16:00.870}'),
	(1393, '저장완료 :: data : EnvDto{temperature=24.8, humid=37.0, light=3.0, soilHumid=5.0, waterLevel=1.0, motorState=0, potSid=\'0000000000\', simple=1, time=2022-11-17T05:16:10.953}'),
	(1394, '저장완료 :: data : EnvDto{temperature=24.8, humid=37.0, light=3.0, soilHumid=5.0, waterLevel=1.0, motorState=0, potSid=\'0000000000\', simple=1, time=2022-11-17T05:16:21.001}'),
	(1395, '저장완료 :: data : EnvDto{temperature=24.8, humid=37.0, light=3.0, soilHumid=5.0, waterLevel=1.0, motorState=0, potSid=\'0000000000\', simple=1, time=2022-11-17T05:16:31.095}'),
	(1396, '저장완료 :: data : EnvDto{temperature=24.8, humid=37.0, light=3.0, soilHumid=5.0, waterLevel=1.0, motorState=0, potSid=\'0000000000\', simple=1, time=2022-11-17T05:16:41.164}'),
	(1397, '저장완료 :: data : EnvDto{temperature=24.8, humid=37.0, light=3.0, soilHumid=5.0, waterLevel=1.0, motorState=0, potSid=\'0000000000\', simple=1, time=2022-11-17T05:16:51.233}'),
	(1398, '저장완료 :: data : EnvDto{temperature=24.8, humid=38.0, light=3.0, soilHumid=5.0, waterLevel=1.0, motorState=0, potSid=\'0000000000\', simple=1, time=2022-11-17T05:17:01.280}'),
	(1399, '저장완료 :: data : EnvDto{temperature=24.8, humid=38.0, light=3.0, soilHumid=5.0, waterLevel=1.0, motorState=0, potSid=\'0000000000\', simple=1, time=2022-11-17T05:17:11.371}'),
	(1400, '저장완료 :: data : EnvDto{temperature=24.8, humid=37.0, light=3.0, soilHumid=5.0, waterLevel=1.0, motorState=0, potSid=\'0000000000\', simple=1, time=2022-11-17T05:17:20.942}'),
	(1401, '저장완료 :: data : EnvDto{temperature=24.8, humid=37.0, light=3.0, soilHumid=5.0, waterLevel=1.0, motorState=0, potSid=\'0000000000\', simple=1, time=2022-11-17T05:17:31.006}'),
	(1402, '저장완료 :: data : EnvDto{temperature=24.8, humid=37.0, light=3.0, soilHumid=5.0, waterLevel=1.0, motorState=0, potSid=\'0000000000\', simple=1, time=2022-11-17T05:17:41.073}'),
	(1403, '저장완료 :: data : EnvDto{temperature=24.8, humid=37.0, light=3.0, soilHumid=5.0, waterLevel=1.0, motorState=0, potSid=\'0000000000\', simple=1, time=2022-11-17T05:17:51.339}'),
	(1404, '저장완료 :: data : EnvDto{temperature=24.8, humid=37.0, light=3.0, soilHumid=5.0, waterLevel=1.0, motorState=0, potSid=\'0000000000\', simple=1, time=2022-11-17T05:18:01.196}'),
	(1405, '저장완료 :: data : EnvDto{temperature=24.8, humid=37.0, light=3.0, soilHumid=5.0, waterLevel=1.0, motorState=0, potSid=\'0000000000\', simple=1, time=2022-11-17T05:18:11.269}'),
	(1406, '저장완료 :: data : EnvDto{temperature=24.8, humid=37.0, light=3.0, soilHumid=5.0, waterLevel=1.0, motorState=0, potSid=\'0000000000\', simple=1, time=2022-11-17T05:18:21.355}'),
	(1407, '저장완료 :: data : EnvDto{temperature=24.8, humid=37.0, light=3.0, soilHumid=5.0, waterLevel=1.0, motorState=0, potSid=\'0000000000\', simple=1, time=2022-11-17T05:18:31.415}'),
	(1408, '저장완료 :: data : EnvDto{temperature=24.8, humid=37.0, light=3.0, soilHumid=5.0, waterLevel=1.0, motorState=0, potSid=\'0000000000\', simple=1, time=2022-11-17T05:18:41.525}'),
	(1409, '저장완료 :: data : EnvDto{temperature=24.8, humid=37.0, light=3.0, soilHumid=5.0, waterLevel=1.0, motorState=0, potSid=\'0000000000\', simple=1, time=2022-11-17T05:18:51.599}'),
	(1410, '저장완료 :: data : EnvDto{temperature=24.8, humid=37.0, light=3.0, soilHumid=5.0, waterLevel=1.0, motorState=0, potSid=\'0000000000\', simple=1, time=2022-11-17T05:19:01.145}'),
	(1411, '저장완료 :: data : EnvDto{temperature=24.8, humid=37.0, light=3.0, soilHumid=5.0, waterLevel=1.0, motorState=0, potSid=\'0000000000\', simple=1, time=2022-11-17T05:19:11.228}'),
	(1412, '저장완료 :: data : EnvDto{temperature=24.8, humid=37.0, light=3.0, soilHumid=5.0, waterLevel=1.0, motorState=0, potSid=\'0000000000\', simple=1, time=2022-11-17T05:19:21.314}'),
	(1413, '저장완료 :: data : EnvDto{temperature=24.8, humid=37.0, light=3.0, soilHumid=5.0, waterLevel=1.0, motorState=0, potSid=\'0000000000\', simple=1, time=2022-11-17T05:19:31.372}'),
	(1414, '저장완료 :: data : EnvDto{temperature=24.8, humid=37.0, light=3.0, soilHumid=5.0, waterLevel=1.0, motorState=0, potSid=\'0000000000\', simple=1, time=2022-11-17T05:19:41.460}'),
	(1415, '저장완료 :: data : EnvDto{temperature=24.8, humid=37.0, light=3.0, soilHumid=5.0, waterLevel=1.0, motorState=0, potSid=\'0000000000\', simple=1, time=2022-11-17T05:19:51.533}'),
	(1416, '저장완료 :: data : EnvDto{temperature=24.8, humid=37.0, light=3.0, soilHumid=5.0, waterLevel=1.0, motorState=0, potSid=\'0000000000\', simple=1, time=2022-11-17T05:20:01.585}'),
	(1417, '저장완료 :: data : EnvDto{temperature=24.8, humid=37.0, light=3.0, soilHumid=5.0, waterLevel=1.0, motorState=0, potSid=\'0000000000\', simple=1, time=2022-11-17T05:20:11.665}'),
	(1418, '저장완료 :: data : EnvDto{temperature=24.8, humid=37.0, light=3.0, soilHumid=5.0, waterLevel=1.0, motorState=0, potSid=\'0000000000\', simple=1, time=2022-11-17T05:20:21.725}'),
	(1419, '저장완료 :: data : EnvDto{temperature=24.8, humid=37.0, light=3.0, soilHumid=5.0, waterLevel=1.0, motorState=0, potSid=\'0000000000\', simple=1, time=2022-11-17T05:20:31.289}'),
	(1420, '저장완료 :: data : EnvDto{temperature=24.8, humid=37.0, light=3.0, soilHumid=5.0, waterLevel=1.0, motorState=0, potSid=\'0000000000\', simple=1, time=2022-11-17T05:20:41.363}'),
	(1421, '저장완료 :: data : EnvDto{temperature=24.8, humid=37.0, light=3.0, soilHumid=5.0, waterLevel=1.0, motorState=0, potSid=\'0000000000\', simple=1, time=2022-11-17T05:20:51.432}'),
	(1422, '저장완료 :: data : EnvDto{temperature=24.8, humid=37.0, light=3.0, soilHumid=5.0, waterLevel=1.0, motorState=0, potSid=\'0000000000\', simple=1, time=2022-11-17T05:21:01.510}'),
	(1423, '저장완료 :: data : EnvDto{temperature=24.8, humid=37.0, light=3.0, soilHumid=5.0, waterLevel=1.0, motorState=0, potSid=\'0000000000\', simple=1, time=2022-11-17T05:21:11.577}'),
	(1424, '저장완료 :: data : EnvDto{temperature=24.8, humid=37.0, light=3.0, soilHumid=5.0, waterLevel=1.0, motorState=0, potSid=\'0000000000\', simple=1, time=2022-11-17T05:21:21.617}'),
	(1425, '저장완료 :: data : EnvDto{temperature=24.8, humid=37.0, light=3.0, soilHumid=5.0, waterLevel=1.0, motorState=0, potSid=\'0000000000\', simple=1, time=2022-11-17T05:21:31.694}'),
	(1426, '저장완료 :: data : EnvDto{temperature=24.8, humid=37.0, light=3.0, soilHumid=5.0, waterLevel=1.0, motorState=0, potSid=\'0000000000\', simple=1, time=2022-11-17T05:21:41.785}'),
	(1427, '저장완료 :: data : EnvDto{temperature=24.8, humid=37.0, light=3.0, soilHumid=5.0, waterLevel=1.0, motorState=0, potSid=\'0000000000\', simple=1, time=2022-11-17T05:21:51.848}'),
	(1428, '저장완료 :: data : EnvDto{temperature=24.8, humid=37.0, light=3.0, soilHumid=5.0, waterLevel=1.0, motorState=0, potSid=\'0000000000\', simple=1, time=2022-11-17T05:22:01.899}'),
	(1429, '저장완료 :: data : EnvDto{temperature=24.8, humid=37.0, light=3.0, soilHumid=5.0, waterLevel=1.0, motorState=0, potSid=\'0000000000\', simple=1, time=2022-11-17T05:22:11.469}'),
	(1430, '저장완료 :: data : EnvDto{temperature=24.8, humid=37.0, light=3.0, soilHumid=5.0, waterLevel=1.0, motorState=0, potSid=\'0000000000\', simple=1, time=2022-11-17T05:22:21.535}'),
	(1431, '저장완료 :: data : EnvDto{temperature=24.8, humid=36.0, light=3.0, soilHumid=5.0, waterLevel=1.0, motorState=0, potSid=\'0000000000\', simple=1, time=2022-11-17T05:22:31.639}'),
	(1432, '저장완료 :: data : EnvDto{temperature=24.8, humid=36.0, light=3.0, soilHumid=5.0, waterLevel=1.0, motorState=0, potSid=\'0000000000\', simple=1, time=2022-11-17T05:22:41.715}'),
	(1433, '저장완료 :: data : EnvDto{temperature=24.8, humid=36.0, light=3.0, soilHumid=5.0, waterLevel=1.0, motorState=0, potSid=\'0000000000\', simple=1, time=2022-11-17T05:22:51.769}'),
	(1434, '저장완료 :: data : EnvDto{temperature=24.8, humid=36.0, light=3.0, soilHumid=5.0, waterLevel=1.0, motorState=0, potSid=\'0000000000\', simple=1, time=2022-11-17T05:23:01.831}'),
	(1435, '저장완료 :: data : EnvDto{temperature=24.8, humid=36.0, light=3.0, soilHumid=5.0, waterLevel=1.0, motorState=0, potSid=\'0000000000\', simple=1, time=2022-11-17T05:23:11.882}'),
	(1436, '저장완료 :: data : EnvDto{temperature=24.8, humid=36.0, light=3.0, soilHumid=5.0, waterLevel=1.0, motorState=1, potSid=\'0000000000\', simple=1, time=2022-11-17T05:23:21.974}'),
	(1437, '저장완료 :: data : EnvDto{temperature=24.8, humid=36.0, light=3.0, soilHumid=5.0, waterLevel=1.0, motorState=1, potSid=\'0000000000\', simple=1, time=2022-11-17T05:23:32.067}'),
	(1438, '저장완료 :: data : EnvDto{temperature=24.8, humid=36.0, light=3.0, soilHumid=5.0, waterLevel=1.0, motorState=1, potSid=\'0000000000\', simple=1, time=2022-11-17T05:23:42.144}'),
	(1439, '저장완료 :: data : EnvDto{temperature=24.8, humid=36.0, light=3.0, soilHumid=5.0, waterLevel=1.0, motorState=0, potSid=\'0000000000\', simple=1, time=2022-11-17T05:23:51.725}'),
	(1440, '저장완료 :: data : EnvDto{temperature=24.8, humid=36.0, light=3.0, soilHumid=5.0, waterLevel=1.0, motorState=0, potSid=\'0000000000\', simple=1, time=2022-11-17T05:24:01.759}'),
	(1441, '저장완료 :: data : EnvDto{temperature=24.8, humid=36.0, light=3.0, soilHumid=5.0, waterLevel=1.0, motorState=0, potSid=\'0000000000\', simple=1, time=2022-11-17T05:24:11.851}'),
	(1442, '저장완료 :: data : EnvDto{temperature=24.8, humid=36.0, light=3.0, soilHumid=5.0, waterLevel=1.0, motorState=0, potSid=\'0000000000\', simple=1, time=2022-11-17T05:24:21.899}'),
	(1443, '저장완료 :: data : EnvDto{temperature=25.3, humid=36.0, light=3.0, soilHumid=5.0, waterLevel=1.0, motorState=0, potSid=\'0000000000\', simple=1, time=2022-11-17T05:30:01.539}'),
	(1445, '저장완료 :: data : EnvDto{temperature=25.3, humid=36.0, light=3.0, soilHumid=5.0, waterLevel=1.0, motorState=0, potSid=\'0000000000\', simple=0, time=2022-11-17T05:30:02.510}'),
	(1446, '저장완료 :: data : EnvDto{temperature=25.3, humid=36.0, light=3.0, soilHumid=5.0, waterLevel=1.0, motorState=0, potSid=\'0000000000\', simple=1, time=2022-11-17T05:33:05.479}'),
	(1447, '저장완료 :: data : EnvDto{temperature=25.3, humid=36.0, light=3.0, soilHumid=5.0, waterLevel=1.0, motorState=0, potSid=\'0000000000\', simple=1, time=2022-11-17T05:33:29.922}'),
	(1448, '저장완료 :: data : EnvDto{temperature=25.3, humid=36.0, light=3.0, soilHumid=5.0, waterLevel=1.0, motorState=0, potSid=\'0000000000\', simple=1, time=2022-11-17T05:33:39.988}'),
	(1449, '저장완료 :: data : EnvDto{temperature=25.3, humid=36.0, light=3.0, soilHumid=5.0, waterLevel=1.0, motorState=0, potSid=\'0000000000\', simple=1, time=2022-11-17T05:33:50.036}'),
	(1450, '저장완료 :: data : EnvDto{temperature=25.3, humid=36.0, light=3.0, soilHumid=5.0, waterLevel=1.0, motorState=0, potSid=\'0000000000\', simple=1, time=2022-11-17T05:34:00.104}'),
	(1451, '저장완료 :: data : EnvDto{temperature=25.3, humid=36.0, light=3.0, soilHumid=5.0, waterLevel=1.0, motorState=0, potSid=\'0000000000\', simple=1, time=2022-11-17T05:34:10.316}'),
	(1452, '저장완료 :: data : EnvDto{temperature=25.3, humid=36.0, light=3.0, soilHumid=5.0, waterLevel=1.0, motorState=0, potSid=\'0000000000\', simple=1, time=2022-11-17T05:34:20.249}'),
	(1453, '저장완료 :: data : EnvDto{temperature=25.3, humid=36.0, light=3.0, soilHumid=5.0, waterLevel=1.0, motorState=0, potSid=\'0000000000\', simple=1, time=2022-11-17T05:34:30.337}'),
	(1454, '저장완료 :: data : EnvDto{temperature=25.3, humid=36.0, light=3.0, soilHumid=5.0, waterLevel=1.0, motorState=0, potSid=\'0000000000\', simple=1, time=2022-11-17T05:34:40.406}'),
	(1455, '저장완료 :: data : EnvDto{temperature=25.3, humid=36.0, light=3.0, soilHumid=5.0, waterLevel=1.0, motorState=0, potSid=\'0000000000\', simple=1, time=2022-11-17T05:34:50.453}'),
	(1456, '저장완료 :: data : EnvDto{temperature=25.3, humid=36.0, light=3.0, soilHumid=5.0, waterLevel=1.0, motorState=0, potSid=\'0000000000\', simple=1, time=2022-11-17T05:35:00.521}'),
	(1457, '저장완료 :: data : EnvDto{temperature=25.3, humid=35.0, light=3.0, soilHumid=5.0, waterLevel=1.0, motorState=0, potSid=\'0000000000\', simple=1, time=2022-11-17T05:35:10.204}'),
	(1458, '저장완료 :: data : EnvDto{temperature=25.3, humid=35.0, light=3.0, soilHumid=5.0, waterLevel=1.0, motorState=0, potSid=\'0000000000\', simple=1, time=2022-11-17T05:35:20.196}'),
	(1459, '저장완료 :: data : EnvDto{temperature=25.3, humid=35.0, light=3.0, soilHumid=5.0, waterLevel=1.0, motorState=0, potSid=\'0000000000\', simple=1, time=2022-11-17T05:35:30.260}'),
	(1460, '저장완료 :: data : EnvDto{temperature=25.3, humid=35.0, light=3.0, soilHumid=5.0, waterLevel=1.0, motorState=0, potSid=\'0000000000\', simple=1, time=2022-11-17T05:35:40.313}'),
	(1461, '저장완료 :: data : EnvDto{temperature=25.3, humid=36.0, light=3.0, soilHumid=5.0, waterLevel=1.0, motorState=0, potSid=\'0000000000\', simple=1, time=2022-11-17T05:35:50.374}'),
	(1462, '저장완료 :: data : EnvDto{temperature=25.3, humid=36.0, light=3.0, soilHumid=5.0, waterLevel=1.0, motorState=0, potSid=\'0000000000\', simple=1, time=2022-11-17T05:36:00.461}'),
	(1463, '저장완료 :: data : EnvDto{temperature=25.3, humid=35.0, light=3.0, soilHumid=5.0, waterLevel=1.0, motorState=0, potSid=\'0000000000\', simple=1, time=2022-11-17T05:36:10.704}'),
	(1464, '저장완료 :: data : EnvDto{temperature=25.3, humid=36.0, light=3.0, soilHumid=5.0, waterLevel=1.0, motorState=0, potSid=\'0000000000\', simple=1, time=2022-11-17T05:36:20.602}'),
	(1465, '저장완료 :: data : EnvDto{temperature=25.3, humid=36.0, light=3.0, soilHumid=5.0, waterLevel=1.0, motorState=0, potSid=\'0000000000\', simple=1, time=2022-11-17T05:36:30.677}'),
	(1466, '저장완료 :: data : EnvDto{temperature=25.3, humid=35.0, light=3.0, soilHumid=5.0, waterLevel=1.0, motorState=0, potSid=\'0000000000\', simple=1, time=2022-11-17T05:36:40.749}'),
	(1467, '저장완료 :: data : EnvDto{temperature=25.3, humid=35.0, light=3.0, soilHumid=5.0, waterLevel=1.0, motorState=0, potSid=\'0000000000\', simple=1, time=2022-11-17T05:36:50.353}'),
	(1468, '저장완료 :: data : EnvDto{temperature=25.3, humid=35.0, light=3.0, soilHumid=5.0, waterLevel=1.0, motorState=0, potSid=\'0000000000\', simple=1, time=2022-11-17T05:37:00.361}'),
	(1469, '저장완료 :: data : EnvDto{temperature=25.3, humid=35.0, light=3.0, soilHumid=5.0, waterLevel=1.0, motorState=0, potSid=\'0000000000\', simple=1, time=2022-11-17T05:37:10.608}'),
	(1470, '저장완료 :: data : EnvDto{temperature=25.3, humid=35.0, light=3.0, soilHumid=5.0, waterLevel=1.0, motorState=0, potSid=\'0000000000\', simple=1, time=2022-11-17T05:37:20.503}'),
	(1471, '저장완료 :: data : EnvDto{temperature=25.3, humid=35.0, light=3.0, soilHumid=5.0, waterLevel=1.0, motorState=0, potSid=\'0000000000\', simple=1, time=2022-11-17T05:37:30.569}'),
	(1472, '저장완료 :: data : EnvDto{temperature=25.3, humid=35.0, light=3.0, soilHumid=5.0, waterLevel=1.0, motorState=0, potSid=\'0000000000\', simple=1, time=2022-11-17T05:38:00.638}'),
	(1473, '저장완료 :: data : EnvDto{temperature=25.3, humid=36.0, light=3.0, soilHumid=5.0, waterLevel=1.0, motorState=0, potSid=\'0000000000\', simple=1, time=2022-11-17T05:42:26.804}'),
	(1474, '저장완료 :: data : EnvDto{temperature=25.3, humid=36.0, light=3.0, soilHumid=5.0, waterLevel=1.0, motorState=0, potSid=\'0000000000\', simple=1, time=2022-11-17T05:42:36.886}'),
	(1475, '저장완료 :: data : EnvDto{temperature=25.3, humid=36.0, light=3.0, soilHumid=5.0, waterLevel=1.0, motorState=0, potSid=\'0000000000\', simple=1, time=2022-11-17T05:42:46.957}'),
	(1476, '저장완료 :: data : EnvDto{temperature=25.3, humid=36.0, light=3.0, soilHumid=5.0, waterLevel=1.0, motorState=0, potSid=\'0000000000\', simple=1, time=2022-11-17T05:42:57.017}'),
	(1477, '저장완료 :: data : EnvDto{temperature=25.3, humid=36.0, light=3.0, soilHumid=5.0, waterLevel=1.0, motorState=0, potSid=\'0000000000\', simple=1, time=2022-11-17T05:43:07.071}'),
	(1478, '저장완료 :: data : EnvDto{temperature=25.3, humid=36.0, light=3.0, soilHumid=5.0, waterLevel=1.0, motorState=0, potSid=\'0000000000\', simple=1, time=2022-11-17T05:43:17.182}'),
	(1479, '저장완료 :: data : EnvDto{temperature=25.3, humid=36.0, light=3.0, soilHumid=5.0, waterLevel=1.0, motorState=0, potSid=\'0000000000\', simple=1, time=2022-11-17T05:43:45.356}'),
	(1480, '저장완료 :: data : EnvDto{temperature=25.3, humid=36.0, light=3.0, soilHumid=5.0, waterLevel=1.0, motorState=0, potSid=\'0000000000\', simple=1, time=2022-11-17T05:44:09.252}'),
	(1481, '저장완료 :: data : EnvDto{temperature=25.3, humid=36.0, light=3.0, soilHumid=5.0, waterLevel=1.0, motorState=0, potSid=\'0000000000\', simple=1, time=2022-11-17T05:44:19.335}'),
	(1482, '저장완료 :: data : EnvDto{temperature=25.3, humid=36.0, light=3.0, soilHumid=5.0, waterLevel=1.0, motorState=0, potSid=\'0000000000\', simple=1, time=2022-11-17T05:44:29.416}'),
	(1483, '저장완료 :: data : EnvDto{temperature=25.3, humid=36.0, light=3.0, soilHumid=5.0, waterLevel=1.0, motorState=0, potSid=\'0000000000\', simple=1, time=2022-11-17T05:44:39.466}'),
	(1484, '저장완료 :: data : EnvDto{temperature=25.3, humid=36.0, light=3.0, soilHumid=5.0, waterLevel=1.0, motorState=0, potSid=\'0000000000\', simple=1, time=2022-11-17T05:44:49.813}'),
	(1485, '저장완료 :: data : EnvDto{temperature=25.3, humid=36.0, light=3.0, soilHumid=5.0, waterLevel=1.0, motorState=0, potSid=\'0000000000\', simple=1, time=2022-11-17T05:44:59.609}'),
	(1486, '저장완료 :: data : EnvDto{temperature=25.3, humid=36.0, light=3.0, soilHumid=5.0, waterLevel=1.0, motorState=0, potSid=\'0000000000\', simple=1, time=2022-11-17T05:45:09.668}'),
	(1487, '저장완료 :: data : EnvDto{temperature=25.3, humid=37.0, light=3.0, soilHumid=5.0, waterLevel=1.0, motorState=0, potSid=\'0000000000\', simple=1, time=2022-11-17T05:45:19.768}'),
	(1488, '저장완료 :: data : EnvDto{temperature=25.3, humid=37.0, light=3.0, soilHumid=5.0, waterLevel=1.0, motorState=0, potSid=\'0000000000\', simple=1, time=2022-11-17T05:45:29.806}'),
	(1489, '저장완료 :: data : EnvDto{temperature=25.3, humid=37.0, light=3.0, soilHumid=5.0, waterLevel=1.0, motorState=0, potSid=\'0000000000\', simple=1, time=2022-11-17T05:45:39.895}'),
	(1490, '저장완료 :: data : EnvDto{temperature=25.3, humid=37.0, light=3.0, soilHumid=5.0, waterLevel=1.0, motorState=0, potSid=\'0000000000\', simple=1, time=2022-11-17T05:45:49.576}'),
	(1491, '저장완료 :: data : EnvDto{temperature=25.3, humid=37.0, light=3.0, soilHumid=5.0, waterLevel=1.0, motorState=0, potSid=\'0000000000\', simple=1, time=2022-11-17T05:45:59.524}'),
	(1492, '저장완료 :: data : EnvDto{temperature=25.3, humid=37.0, light=3.0, soilHumid=5.0, waterLevel=1.0, motorState=0, potSid=\'0000000000\', simple=1, time=2022-11-17T05:46:09.583}'),
	(1493, '저장완료 :: data : EnvDto{temperature=25.3, humid=36.0, light=3.0, soilHumid=5.0, waterLevel=1.0, motorState=0, potSid=\'0000000000\', simple=1, time=2022-11-17T05:46:19.670}'),
	(1494, '저장완료 :: data : EnvDto{temperature=25.3, humid=36.0, light=1.0, soilHumid=5.0, waterLevel=1.0, motorState=0, potSid=\'0000000000\', simple=1, time=2022-11-17T05:46:29.753}'),
	(1495, '저장완료 :: data : EnvDto{temperature=25.3, humid=36.0, light=1.0, soilHumid=5.0, waterLevel=1.0, motorState=0, potSid=\'0000000000\', simple=1, time=2022-11-17T05:46:39.798}'),
	(1496, '저장완료 :: data : EnvDto{temperature=25.3, humid=36.0, light=3.0, soilHumid=5.0, waterLevel=1.0, motorState=0, potSid=\'0000000000\', simple=1, time=2022-11-17T05:46:50.083}'),
	(1497, '저장완료 :: data : EnvDto{temperature=25.8, humid=36.0, light=3.0, soilHumid=5.0, waterLevel=1.0, motorState=0, potSid=\'0000000000\', simple=1, time=2022-11-17T05:46:59.960}'),
	(1498, '저장완료 :: data : EnvDto{temperature=25.8, humid=36.0, light=3.0, soilHumid=5.0, waterLevel=1.0, motorState=1, potSid=\'0000000000\', simple=1, time=2022-11-17T05:47:10.053}'),
	(1499, '저장완료 :: data : EnvDto{temperature=25.8, humid=36.0, light=3.0, soilHumid=5.0, waterLevel=1.0, motorState=1, potSid=\'0000000000\', simple=1, time=2022-11-17T05:47:20.144}'),
	(1500, '저장완료 :: data : EnvDto{temperature=25.8, humid=36.0, light=3.0, soilHumid=5.0, waterLevel=1.0, motorState=0, potSid=\'0000000000\', simple=1, time=2022-11-17T05:47:29.720}'),
	(1501, '저장완료 :: data : EnvDto{temperature=25.8, humid=36.0, light=3.0, soilHumid=5.0, waterLevel=1.0, motorState=0, potSid=\'0000000000\', simple=1, time=2022-11-17T05:47:39.772}'),
	(1502, '저장완료 :: data : EnvDto{temperature=25.8, humid=36.0, light=3.0, soilHumid=5.0, waterLevel=1.0, motorState=0, potSid=\'0000000000\', simple=1, time=2022-11-17T05:47:49.999}'),
	(1503, '저장완료 :: data : EnvDto{temperature=25.8, humid=36.0, light=3.0, soilHumid=5.0, waterLevel=1.0, motorState=0, potSid=\'0000000000\', simple=1, time=2022-11-17T05:47:59.908}'),
	(1504, '저장완료 :: data : EnvDto{temperature=25.8, humid=35.0, light=3.0, soilHumid=5.0, waterLevel=1.0, motorState=0, potSid=\'0000000000\', simple=1, time=2022-11-17T05:48:09.996}'),
	(1505, '저장완료 :: data : EnvDto{temperature=25.8, humid=35.0, light=3.0, soilHumid=5.0, waterLevel=1.0, motorState=0, potSid=\'0000000000\', simple=1, time=2022-11-17T05:48:20.057}'),
	(1506, '저장완료 :: data : EnvDto{temperature=25.8, humid=36.0, light=3.0, soilHumid=5.0, waterLevel=1.0, motorState=0, potSid=\'0000000000\', simple=1, time=2022-11-17T05:48:30.120}'),
	(1507, '저장완료 :: data : EnvDto{temperature=25.6, humid=36.0, light=3.0, soilHumid=5.0, waterLevel=1.0, motorState=0, potSid=\'0000000000\', simple=1, time=2022-11-17T05:48:40.234}'),
	(1508, '저장완료 :: data : EnvDto{temperature=25.3, humid=36.0, light=3.0, soilHumid=5.0, waterLevel=1.0, motorState=0, potSid=\'0000000000\', simple=1, time=2022-11-17T05:48:50.390}'),
	(1509, '저장완료 :: data : EnvDto{temperature=25.3, humid=36.0, light=3.0, soilHumid=5.0, waterLevel=1.0, motorState=0, potSid=\'0000000000\', simple=1, time=2022-11-17T05:49:00.327}'),
	(1510, '저장완료 :: data : EnvDto{temperature=25.3, humid=36.0, light=3.0, soilHumid=5.0, waterLevel=1.0, motorState=0, potSid=\'0000000000\', simple=1, time=2022-11-17T05:49:09.877}'),
	(1511, '저장완료 :: data : EnvDto{temperature=25.3, humid=36.0, light=3.0, soilHumid=5.0, waterLevel=1.0, motorState=0, potSid=\'0000000000\', simple=1, time=2022-11-17T05:49:19.942}'),
	(1512, '저장완료 :: data : EnvDto{temperature=25.3, humid=37.0, light=3.0, soilHumid=5.0, waterLevel=1.0, motorState=0, potSid=\'0000000000\', simple=1, time=2022-11-17T05:49:30.039}'),
	(1513, '저장완료 :: data : EnvDto{temperature=25.3, humid=37.0, light=3.0, soilHumid=5.0, waterLevel=1.0, motorState=0, potSid=\'0000000000\', simple=1, time=2022-11-17T05:49:40.104}'),
	(1514, '저장완료 :: data : EnvDto{temperature=25.3, humid=37.0, light=3.0, soilHumid=5.0, waterLevel=1.0, motorState=0, potSid=\'0000000000\', simple=1, time=2022-11-17T05:49:50.360}'),
	(1515, '저장완료 :: data : EnvDto{temperature=25.3, humid=37.0, light=3.0, soilHumid=5.0, waterLevel=1.0, motorState=0, potSid=\'0000000000\', simple=1, time=2022-11-17T05:50:00.251}'),
	(1516, '저장완료 :: data : EnvDto{temperature=25.3, humid=37.0, light=3.0, soilHumid=5.0, waterLevel=1.0, motorState=0, potSid=\'0000000000\', simple=1, time=2022-11-17T05:50:10.330}'),
	(1517, '저장완료 :: data : EnvDto{temperature=25.3, humid=37.0, light=3.0, soilHumid=5.0, waterLevel=1.0, motorState=0, potSid=\'0000000000\', simple=1, time=2022-11-17T05:50:20.365}'),
	(1518, '저장완료 :: data : EnvDto{temperature=25.3, humid=37.0, light=3.0, soilHumid=5.0, waterLevel=1.0, motorState=0, potSid=\'0000000000\', simple=1, time=2022-11-17T05:50:30.457}'),
	(1519, '저장완료 :: data : EnvDto{temperature=25.3, humid=37.0, light=3.0, soilHumid=5.0, waterLevel=1.0, motorState=0, potSid=\'0000000000\', simple=1, time=2022-11-17T05:50:40.005}'),
	(1520, '저장완료 :: data : EnvDto{temperature=25.3, humid=37.0, light=3.0, soilHumid=5.0, waterLevel=1.0, motorState=0, potSid=\'0000000000\', simple=1, time=2022-11-17T05:50:50.217}'),
	(1521, '저장완료 :: data : EnvDto{temperature=25.3, humid=37.0, light=3.0, soilHumid=5.0, waterLevel=1.0, motorState=0, potSid=\'0000000000\', simple=1, time=2022-11-17T05:51:00.140}'),
	(1522, '저장완료 :: data : EnvDto{temperature=25.3, humid=36.0, light=3.0, soilHumid=5.0, waterLevel=1.0, motorState=0, potSid=\'0000000000\', simple=1, time=2022-11-17T05:51:10.242}'),
	(1523, '저장완료 :: data : EnvDto{temperature=25.3, humid=36.0, light=3.0, soilHumid=5.0, waterLevel=1.0, motorState=0, potSid=\'0000000000\', simple=1, time=2022-11-17T05:51:20.304}'),
	(1524, '저장완료 :: data : EnvDto{temperature=25.3, humid=36.0, light=3.0, soilHumid=5.0, waterLevel=1.0, motorState=0, potSid=\'0000000000\', simple=1, time=2022-11-17T05:51:30.354}'),
	(1525, '저장완료 :: data : EnvDto{temperature=25.3, humid=37.0, light=3.0, soilHumid=5.0, waterLevel=1.0, motorState=0, potSid=\'0000000000\', simple=1, time=2022-11-17T05:51:40.441}'),
	(1526, '저장완료 :: data : EnvDto{temperature=25.3, humid=37.0, light=3.0, soilHumid=5.0, waterLevel=1.0, motorState=0, potSid=\'0000000000\', simple=1, time=2022-11-17T05:51:50.861}'),
	(1527, '저장완료 :: data : EnvDto{temperature=25.3, humid=37.0, light=3.0, soilHumid=5.0, waterLevel=1.0, motorState=0, potSid=\'0000000000\', simple=1, time=2022-11-17T05:52:00.655}'),
	(1528, '저장완료 :: data : EnvDto{temperature=25.3, humid=37.0, light=3.0, soilHumid=5.0, waterLevel=1.0, motorState=0, potSid=\'0000000000\', simple=1, time=2022-11-17T05:52:10.648}'),
	(1529, '저장완료 :: data : EnvDto{temperature=25.3, humid=37.0, light=3.0, soilHumid=5.0, waterLevel=1.0, motorState=0, potSid=\'0000000000\', simple=1, time=2022-11-17T05:52:20.240}'),
	(1530, '저장완료 :: data : EnvDto{temperature=25.3, humid=36.0, light=3.0, soilHumid=5.0, waterLevel=1.0, motorState=0, potSid=\'0000000000\', simple=1, time=2022-11-17T05:52:30.303}'),
	(1531, '저장완료 :: data : EnvDto{temperature=25.3, humid=36.0, light=3.0, soilHumid=5.0, waterLevel=1.0, motorState=0, potSid=\'0000000000\', simple=1, time=2022-11-17T05:52:40.377}'),
	(1532, '저장완료 :: data : EnvDto{temperature=25.3, humid=36.0, light=3.0, soilHumid=5.0, waterLevel=1.0, motorState=0, potSid=\'0000000000\', simple=1, time=2022-11-17T05:52:50.566}'),
	(1533, '저장완료 :: data : EnvDto{temperature=25.3, humid=36.0, light=3.0, soilHumid=5.0, waterLevel=1.0, motorState=0, potSid=\'0000000000\', simple=1, time=2022-11-17T05:53:00.550}'),
	(1534, '저장완료 :: data : EnvDto{temperature=25.3, humid=36.0, light=3.0, soilHumid=5.0, waterLevel=1.0, motorState=0, potSid=\'0000000000\', simple=1, time=2022-11-17T05:53:10.571}'),
	(1535, '저장완료 :: data : EnvDto{temperature=25.3, humid=36.0, light=3.0, soilHumid=5.0, waterLevel=1.0, motorState=0, potSid=\'0000000000\', simple=1, time=2022-11-17T05:53:20.619}'),
	(1536, '저장완료 :: data : EnvDto{temperature=25.3, humid=36.0, light=3.0, soilHumid=5.0, waterLevel=1.0, motorState=0, potSid=\'0000000000\', simple=1, time=2022-11-17T05:53:30.881}'),
	(1537, '저장완료 :: data : EnvDto{temperature=25.3, humid=36.0, light=3.0, soilHumid=5.0, waterLevel=1.0, motorState=0, potSid=\'0000000000\', simple=1, time=2022-11-17T05:53:40.772}'),
	(1538, '저장완료 :: data : EnvDto{temperature=25.3, humid=36.0, light=3.0, soilHumid=5.0, waterLevel=1.0, motorState=0, potSid=\'0000000000\', simple=1, time=2022-11-17T05:53:51.205}'),
	(1539, '저장완료 :: data : EnvDto{temperature=25.3, humid=36.0, light=3.0, soilHumid=5.0, waterLevel=1.0, motorState=0, potSid=\'0000000000\', simple=1, time=2022-11-17T05:54:00.423}'),
	(1540, '저장완료 :: data : EnvDto{temperature=25.3, humid=36.0, light=3.0, soilHumid=5.0, waterLevel=1.0, motorState=0, potSid=\'0000000000\', simple=1, time=2022-11-17T05:54:10.493}'),
	(1541, '저장완료 :: data : EnvDto{temperature=25.3, humid=35.0, light=3.0, soilHumid=5.0, waterLevel=1.0, motorState=0, potSid=\'0000000000\', simple=1, time=2022-11-17T05:54:20.564}'),
	(1542, '저장완료 :: data : EnvDto{temperature=25.3, humid=35.0, light=3.0, soilHumid=5.0, waterLevel=1.0, motorState=0, potSid=\'0000000000\', simple=1, time=2022-11-17T05:54:30.632}'),
	(1543, '저장완료 :: data : EnvDto{temperature=25.3, humid=35.0, light=3.0, soilHumid=5.0, waterLevel=1.0, motorState=0, potSid=\'0000000000\', simple=1, time=2022-11-17T05:54:40.706}'),
	(1544, '저장완료 :: data : EnvDto{temperature=25.3, humid=35.0, light=3.0, soilHumid=5.0, waterLevel=1.0, motorState=0, potSid=\'0000000000\', simple=1, time=2022-11-17T05:54:50.988}'),
	(1545, '저장완료 :: data : EnvDto{temperature=25.3, humid=36.0, light=3.0, soilHumid=5.0, waterLevel=1.0, motorState=0, potSid=\'0000000000\', simple=1, time=2022-11-17T05:55:00.846}'),
	(1546, '저장완료 :: data : EnvDto{temperature=25.3, humid=36.0, light=3.0, soilHumid=5.0, waterLevel=1.0, motorState=0, potSid=\'0000000000\', simple=1, time=2022-11-17T05:55:10.912}'),
	(1547, '저장완료 :: data : EnvDto{temperature=25.3, humid=36.0, light=3.0, soilHumid=5.0, waterLevel=1.0, motorState=0, potSid=\'0000000000\', simple=1, time=2022-11-17T05:55:20.988}'),
	(1548, '저장완료 :: data : EnvDto{temperature=25.3, humid=36.0, light=3.0, soilHumid=5.0, waterLevel=1.0, motorState=0, potSid=\'0000000000\', simple=1, time=2022-11-17T05:55:31.051}'),
	(1549, '저장완료 :: data : EnvDto{temperature=25.3, humid=36.0, light=3.0, soilHumid=5.0, waterLevel=1.0, motorState=0, potSid=\'0000000000\', simple=1, time=2022-11-17T05:55:40.616}'),
	(1550, '저장완료 :: data : EnvDto{temperature=25.3, humid=36.0, light=3.0, soilHumid=5.0, waterLevel=1.0, motorState=0, potSid=\'0000000000\', simple=1, time=2022-11-17T05:55:50.825}'),
	(1551, '저장완료 :: data : EnvDto{temperature=25.3, humid=37.0, light=3.0, soilHumid=5.0, waterLevel=1.0, motorState=0, potSid=\'0000000000\', simple=1, time=2022-11-17T05:56:00.760}'),
	(1552, '저장완료 :: data : EnvDto{temperature=25.3, humid=37.0, light=3.0, soilHumid=5.0, waterLevel=1.0, motorState=0, potSid=\'0000000000\', simple=1, time=2022-11-17T05:56:10.831}'),
	(1553, '저장완료 :: data : EnvDto{temperature=25.3, humid=36.0, light=3.0, soilHumid=5.0, waterLevel=1.0, motorState=0, potSid=\'0000000000\', simple=1, time=2022-11-17T05:56:20.874}'),
	(1554, '저장완료 :: data : EnvDto{temperature=25.3, humid=36.0, light=3.0, soilHumid=5.0, waterLevel=1.0, motorState=0, potSid=\'0000000000\', simple=1, time=2022-11-17T05:56:30.947}'),
	(1555, '저장완료 :: data : EnvDto{temperature=25.3, humid=36.0, light=3.0, soilHumid=5.0, waterLevel=1.0, motorState=0, potSid=\'0000000000\', simple=1, time=2022-11-17T05:56:41.016}'),
	(1556, '저장완료 :: data : EnvDto{temperature=25.3, humid=36.0, light=3.0, soilHumid=5.0, waterLevel=1.0, motorState=0, potSid=\'0000000000\', simple=1, time=2022-11-17T05:56:51.478}'),
	(1557, '저장완료 :: data : EnvDto{temperature=25.3, humid=36.0, light=3.0, soilHumid=5.0, waterLevel=1.0, motorState=0, potSid=\'0000000000\', simple=1, time=2022-11-17T05:57:01.179}'),
	(1558, '저장완료 :: data : EnvDto{temperature=25.3, humid=36.0, light=3.0, soilHumid=5.0, waterLevel=1.0, motorState=0, potSid=\'0000000000\', simple=1, time=2022-11-17T05:57:11.240}'),
	(1559, '저장완료 :: data : EnvDto{temperature=25.3, humid=36.0, light=3.0, soilHumid=5.0, waterLevel=1.0, motorState=0, potSid=\'0000000000\', simple=1, time=2022-11-17T05:57:20.789}'),
	(1560, '저장완료 :: data : EnvDto{temperature=25.3, humid=36.0, light=3.0, soilHumid=5.0, waterLevel=1.0, motorState=0, potSid=\'0000000000\', simple=1, time=2022-11-17T05:57:30.954}'),
	(1561, '저장완료 :: data : EnvDto{temperature=25.3, humid=36.0, light=3.0, soilHumid=5.0, waterLevel=1.0, motorState=0, potSid=\'0000000000\', simple=1, time=2022-11-17T05:57:40.957}'),
	(1562, '저장완료 :: data : EnvDto{temperature=25.3, humid=36.0, light=3.0, soilHumid=5.0, waterLevel=1.0, motorState=0, potSid=\'0000000000\', simple=1, time=2022-11-17T05:57:51.323}'),
	(1563, '저장완료 :: data : EnvDto{temperature=25.3, humid=36.0, light=3.0, soilHumid=5.0, waterLevel=1.0, motorState=0, potSid=\'0000000000\', simple=1, time=2022-11-17T05:58:01.082}'),
	(1564, '저장완료 :: data : EnvDto{temperature=25.3, humid=36.0, light=3.0, soilHumid=5.0, waterLevel=1.0, motorState=0, potSid=\'0000000000\', simple=1, time=2022-11-17T05:58:11.156}'),
	(1565, '저장완료 :: data : EnvDto{temperature=25.3, humid=36.0, light=3.0, soilHumid=5.0, waterLevel=1.0, motorState=0, potSid=\'0000000000\', simple=1, time=2022-11-17T05:58:21.233}'),
	(1566, '저장완료 :: data : EnvDto{temperature=25.3, humid=36.0, light=3.0, soilHumid=5.0, waterLevel=1.0, motorState=0, potSid=\'0000000000\', simple=1, time=2022-11-17T05:58:31.322}'),
	(1567, '저장완료 :: data : EnvDto{temperature=25.3, humid=36.0, light=3.0, soilHumid=5.0, waterLevel=1.0, motorState=0, potSid=\'0000000000\', simple=1, time=2022-11-17T05:58:41.409}'),
	(1568, '저장완료 :: data : EnvDto{temperature=25.3, humid=36.0, light=3.0, soilHumid=5.0, waterLevel=1.0, motorState=0, potSid=\'0000000000\', simple=1, time=2022-11-17T05:58:51.839}'),
	(1569, '저장완료 :: data : EnvDto{temperature=25.3, humid=36.0, light=3.0, soilHumid=5.0, waterLevel=1.0, motorState=0, potSid=\'0000000000\', simple=1, time=2022-11-17T05:59:00.993}'),
	(1570, '저장완료 :: data : EnvDto{temperature=25.3, humid=36.0, light=3.0, soilHumid=5.0, waterLevel=1.0, motorState=0, potSid=\'0000000000\', simple=1, time=2022-11-17T05:59:11.063}'),
	(1571, '저장완료 :: data : EnvDto{temperature=25.3, humid=36.0, light=3.0, soilHumid=5.0, waterLevel=1.0, motorState=0, potSid=\'0000000000\', simple=1, time=2022-11-17T05:59:21.151}'),
	(1572, '저장완료 :: data : EnvDto{temperature=25.3, humid=36.0, light=3.0, soilHumid=5.0, waterLevel=1.0, motorState=0, potSid=\'0000000000\', simple=1, time=2022-11-17T05:59:31.221}'),
	(1573, '저장완료 :: data : EnvDto{temperature=25.3, humid=36.0, light=3.0, soilHumid=5.0, waterLevel=1.0, motorState=0, potSid=\'0000000000\', simple=1, time=2022-11-17T05:59:41.286}'),
	(1574, '저장완료 :: data : EnvDto{temperature=25.3, humid=36.0, light=3.0, soilHumid=5.0, waterLevel=1.0, motorState=0, potSid=\'0000000000\', simple=1, time=2022-11-17T05:59:51.543}'),
	(1575, '저장완료 :: data : EnvDto{temperature=25.3, humid=36.0, light=3.0, soilHumid=5.0, waterLevel=1.0, motorState=0, potSid=\'0000000000\', simple=1, time=2022-11-17T06:00:01.437}'),
	(1577, '저장완료 :: data : EnvDto{temperature=25.3, humid=36.0, light=3.0, soilHumid=5.0, waterLevel=1.0, motorState=0, potSid=\'0000000000\', simple=0, time=2022-11-17T06:00:02.185}'),
	(1578, '저장완료 :: data : EnvDto{temperature=25.3, humid=36.0, light=3.0, soilHumid=5.0, waterLevel=1.0, motorState=0, potSid=\'0000000000\', simple=1, time=2022-11-17T06:00:11.483}'),
	(1579, '저장완료 :: data : EnvDto{temperature=25.3, humid=36.0, light=3.0, soilHumid=5.0, waterLevel=1.0, motorState=0, potSid=\'0000000000\', simple=1, time=2022-11-17T06:00:21.547}'),
	(1580, '저장완료 :: data : EnvDto{temperature=25.3, humid=36.0, light=3.0, soilHumid=5.0, waterLevel=1.0, motorState=0, potSid=\'0000000000\', simple=1, time=2022-11-17T06:00:31.144}'),
	(1581, '저장완료 :: data : EnvDto{temperature=25.3, humid=36.0, light=3.0, soilHumid=5.0, waterLevel=1.0, motorState=0, potSid=\'0000000000\', simple=1, time=2022-11-17T06:00:41.216}'),
	(1582, '저장완료 :: data : EnvDto{temperature=25.3, humid=36.0, light=3.0, soilHumid=5.0, waterLevel=1.0, motorState=0, potSid=\'0000000000\', simple=1, time=2022-11-17T06:00:51.555}'),
	(1583, '저장완료 :: data : EnvDto{temperature=25.3, humid=36.0, light=3.0, soilHumid=5.0, waterLevel=1.0, motorState=0, potSid=\'0000000000\', simple=1, time=2022-11-17T06:01:01.352}'),
	(1584, '저장완료 :: data : EnvDto{temperature=25.3, humid=36.0, light=3.0, soilHumid=5.0, waterLevel=1.0, motorState=0, potSid=\'0000000000\', simple=1, time=2022-11-17T06:01:11.422}'),
	(1585, '저장완료 :: data : EnvDto{temperature=25.3, humid=36.0, light=3.0, soilHumid=5.0, waterLevel=1.0, motorState=0, potSid=\'0000000000\', simple=1, time=2022-11-17T06:01:21.486}'),
	(1586, '저장완료 :: data : EnvDto{temperature=25.4, humid=36.0, light=3.0, soilHumid=5.0, waterLevel=1.0, motorState=0, potSid=\'0000000000\', simple=1, time=2022-11-17T06:01:31.557}'),
	(1587, '저장완료 :: data : EnvDto{temperature=25.4, humid=36.0, light=3.0, soilHumid=5.0, waterLevel=1.0, motorState=0, potSid=\'0000000000\', simple=1, time=2022-11-17T06:01:41.632}'),
	(1588, '저장완료 :: data : EnvDto{temperature=25.4, humid=36.0, light=3.0, soilHumid=5.0, waterLevel=1.0, motorState=0, potSid=\'0000000000\', simple=1, time=2022-11-17T06:01:52.253}'),
	(1589, '저장완료 :: data : EnvDto{temperature=25.5, humid=36.0, light=3.0, soilHumid=5.0, waterLevel=1.0, motorState=0, potSid=\'0000000000\', simple=1, time=2022-11-17T06:02:01.774}'),
	(1590, '저장완료 :: data : EnvDto{temperature=25.5, humid=36.0, light=3.0, soilHumid=5.0, waterLevel=1.0, motorState=0, potSid=\'0000000000\', simple=1, time=2022-11-17T06:02:11.316}'),
	(1591, '저장완료 :: data : EnvDto{temperature=25.5, humid=36.0, light=3.0, soilHumid=5.0, waterLevel=1.0, motorState=0, potSid=\'0000000000\', simple=1, time=2022-11-17T06:02:21.408}'),
	(1592, '저장완료 :: data : EnvDto{temperature=25.5, humid=36.0, light=3.0, soilHumid=5.0, waterLevel=1.0, motorState=0, potSid=\'0000000000\', simple=1, time=2022-11-17T06:02:31.488}'),
	(1593, '저장완료 :: data : EnvDto{temperature=25.5, humid=36.0, light=3.0, soilHumid=5.0, waterLevel=1.0, motorState=0, potSid=\'0000000000\', simple=1, time=2022-11-17T06:02:41.528}'),
	(1594, '저장완료 :: data : EnvDto{temperature=25.6, humid=36.0, light=3.0, soilHumid=5.0, waterLevel=1.0, motorState=0, potSid=\'0000000000\', simple=1, time=2022-11-17T06:02:52.030}'),
	(1595, '저장완료 :: data : EnvDto{temperature=25.8, humid=35.0, light=3.0, soilHumid=5.0, waterLevel=1.0, motorState=0, potSid=\'0000000000\', simple=1, time=2022-11-17T06:03:01.717}'),
	(1596, '저장완료 :: data : EnvDto{temperature=25.8, humid=35.0, light=3.0, soilHumid=5.0, waterLevel=1.0, motorState=0, potSid=\'0000000000\', simple=1, time=2022-11-17T06:03:11.776}'),
	(1597, '저장완료 :: data : EnvDto{temperature=25.8, humid=35.0, light=3.0, soilHumid=5.0, waterLevel=1.0, motorState=0, potSid=\'0000000000\', simple=1, time=2022-11-17T06:03:21.822}'),
	(1598, '저장완료 :: data : EnvDto{temperature=25.8, humid=35.0, light=3.0, soilHumid=5.0, waterLevel=1.0, motorState=0, potSid=\'0000000000\', simple=1, time=2022-11-17T06:03:31.893}'),
	(1599, '저장완료 :: data : EnvDto{temperature=25.8, humid=35.0, light=3.0, soilHumid=5.0, waterLevel=1.0, motorState=0, potSid=\'0000000000\', simple=1, time=2022-11-17T06:03:41.968}'),
	(1600, '저장완료 :: data : EnvDto{temperature=25.8, humid=35.0, light=3.0, soilHumid=5.0, waterLevel=1.0, motorState=0, potSid=\'0000000000\', simple=1, time=2022-11-17T06:03:51.742}'),
	(1601, '저장완료 :: data : EnvDto{temperature=25.8, humid=36.0, light=3.0, soilHumid=5.0, waterLevel=1.0, motorState=0, potSid=\'0000000000\', simple=1, time=2022-11-17T06:04:01.606}'),
	(1602, '저장완료 :: data : EnvDto{temperature=25.8, humid=35.0, light=3.0, soilHumid=5.0, waterLevel=1.0, motorState=0, potSid=\'0000000000\', simple=1, time=2022-11-17T06:04:11.708}'),
	(1603, '저장완료 :: data : EnvDto{temperature=25.8, humid=35.0, light=3.0, soilHumid=5.0, waterLevel=1.0, motorState=0, potSid=\'0000000000\', simple=1, time=2022-11-17T06:04:21.722}'),
	(1604, '저장완료 :: data : EnvDto{temperature=25.8, humid=35.0, light=3.0, soilHumid=5.0, waterLevel=1.0, motorState=0, potSid=\'0000000000\', simple=1, time=2022-11-17T06:04:31.808}'),
	(1605, '저장완료 :: data : EnvDto{temperature=25.8, humid=35.0, light=3.0, soilHumid=5.0, waterLevel=1.0, motorState=0, potSid=\'0000000000\', simple=1, time=2022-11-17T06:04:41.882}'),
	(1606, '저장완료 :: data : EnvDto{temperature=25.8, humid=35.0, light=3.0, soilHumid=5.0, waterLevel=1.0, motorState=0, potSid=\'0000000000\', simple=1, time=2022-11-17T06:04:52.216}'),
	(1607, '저장완료 :: data : EnvDto{temperature=25.8, humid=35.0, light=3.0, soilHumid=5.0, waterLevel=1.0, motorState=0, potSid=\'0000000000\', simple=1, time=2022-11-17T06:05:02.029}'),
	(1608, '저장완료 :: data : EnvDto{temperature=25.8, humid=35.0, light=3.0, soilHumid=5.0, waterLevel=1.0, motorState=0, potSid=\'0000000000\', simple=1, time=2022-11-17T06:05:12.090}'),
	(1609, '저장완료 :: data : EnvDto{temperature=25.8, humid=36.0, light=3.0, soilHumid=5.0, waterLevel=1.0, motorState=0, potSid=\'0000000000\', simple=1, time=2022-11-17T06:05:22.157}'),
	(1610, '저장완료 :: data : EnvDto{temperature=25.8, humid=36.0, light=3.0, soilHumid=5.0, waterLevel=1.0, motorState=0, potSid=\'0000000000\', simple=1, time=2022-11-17T06:05:31.733}'),
	(1611, '저장완료 :: data : EnvDto{temperature=25.8, humid=36.0, light=3.0, soilHumid=5.0, waterLevel=1.0, motorState=0, potSid=\'0000000000\', simple=1, time=2022-11-17T06:05:41.803}'),
	(1612, '저장완료 :: data : EnvDto{temperature=25.8, humid=36.0, light=3.0, soilHumid=5.0, waterLevel=1.0, motorState=0, potSid=\'0000000000\', simple=1, time=2022-11-17T06:05:52.100}'),
	(1613, '저장완료 :: data : EnvDto{temperature=25.8, humid=36.0, light=3.0, soilHumid=5.0, waterLevel=1.0, motorState=0, potSid=\'0000000000\', simple=1, time=2022-11-17T06:06:01.947}'),
	(1614, '저장완료 :: data : EnvDto{temperature=25.8, humid=36.0, light=3.0, soilHumid=5.0, waterLevel=1.0, motorState=0, potSid=\'0000000000\', simple=1, time=2022-11-17T06:06:12.007}'),
	(1615, '저장완료 :: data : EnvDto{temperature=25.8, humid=35.0, light=3.0, soilHumid=5.0, waterLevel=1.0, motorState=0, potSid=\'0000000000\', simple=1, time=2022-11-17T06:06:22.078}'),
	(1616, '저장완료 :: data : EnvDto{temperature=25.8, humid=35.0, light=3.0, soilHumid=5.0, waterLevel=1.0, motorState=0, potSid=\'0000000000\', simple=1, time=2022-11-17T06:06:32.148}'),
	(1617, '저장완료 :: data : EnvDto{temperature=25.8, humid=35.0, light=3.0, soilHumid=5.0, waterLevel=1.0, motorState=0, potSid=\'0000000000\', simple=1, time=2022-11-17T06:06:42.219}'),
	(1618, '저장완료 :: data : EnvDto{temperature=25.8, humid=35.0, light=3.0, soilHumid=5.0, waterLevel=1.0, motorState=0, potSid=\'0000000000\', simple=1, time=2022-11-17T06:06:52.422}'),
	(1619, '저장완료 :: data : EnvDto{temperature=25.8, humid=35.0, light=3.0, soilHumid=5.0, waterLevel=1.0, motorState=0, potSid=\'0000000000\', simple=1, time=2022-11-17T06:07:02.365}'),
	(1620, '저장완료 :: data : EnvDto{temperature=25.8, humid=35.0, light=3.0, soilHumid=5.0, waterLevel=1.0, motorState=0, potSid=\'0000000000\', simple=1, time=2022-11-17T06:07:11.905}'),
	(1621, '저장완료 :: data : EnvDto{temperature=25.8, humid=35.0, light=3.0, soilHumid=5.0, waterLevel=1.0, motorState=0, potSid=\'0000000000\', simple=1, time=2022-11-17T06:07:21.993}'),
	(1622, '저장완료 :: data : EnvDto{temperature=25.8, humid=35.0, light=3.0, soilHumid=5.0, waterLevel=1.0, motorState=0, potSid=\'0000000000\', simple=1, time=2022-11-17T06:07:32.077}'),
	(1623, '저장완료 :: data : EnvDto{temperature=25.8, humid=35.0, light=3.0, soilHumid=5.0, waterLevel=1.0, motorState=0, potSid=\'0000000000\', simple=1, time=2022-11-17T06:07:42.118}'),
	(1624, '저장완료 :: data : EnvDto{temperature=25.4, humid=35.0, light=3.0, soilHumid=5.0, waterLevel=1.0, motorState=0, potSid=\'0000000000\', simple=1, time=2022-11-17T06:07:52.572}'),
	(1625, '저장완료 :: data : EnvDto{temperature=25.3, humid=35.0, light=3.0, soilHumid=5.0, waterLevel=1.0, motorState=0, potSid=\'0000000000\', simple=1, time=2022-11-17T06:08:02.295}'),
	(1626, '저장완료 :: data : EnvDto{temperature=25.3, humid=35.0, light=3.0, soilHumid=5.0, waterLevel=1.0, motorState=0, potSid=\'0000000000\', simple=1, time=2022-11-17T06:08:12.348}'),
	(1627, '저장완료 :: data : EnvDto{temperature=25.3, humid=35.0, light=3.0, soilHumid=5.0, waterLevel=1.0, motorState=0, potSid=\'0000000000\', simple=1, time=2022-11-17T06:08:22.395}'),
	(1628, '저장완료 :: data : EnvDto{temperature=25.3, humid=35.0, light=3.0, soilHumid=5.0, waterLevel=1.0, motorState=0, potSid=\'0000000000\', simple=1, time=2022-11-17T06:08:32.496}'),
	(1629, '저장완료 :: data : EnvDto{temperature=25.3, humid=35.0, light=3.0, soilHumid=5.0, waterLevel=1.0, motorState=0, potSid=\'0000000000\', simple=1, time=2022-11-17T06:08:42.558}'),
	(1630, '저장완료 :: data : EnvDto{temperature=25.3, humid=35.0, light=3.0, soilHumid=5.0, waterLevel=1.0, motorState=0, potSid=\'0000000000\', simple=1, time=2022-11-17T06:08:52.398}'),
	(1631, '저장완료 :: data : EnvDto{temperature=25.3, humid=34.0, light=3.0, soilHumid=5.0, waterLevel=1.0, motorState=0, potSid=\'0000000000\', simple=1, time=2022-11-17T06:09:02.219}'),
	(1632, '저장완료 :: data : EnvDto{temperature=25.3, humid=34.0, light=3.0, soilHumid=5.0, waterLevel=1.0, motorState=0, potSid=\'0000000000\', simple=1, time=2022-11-17T06:09:12.267}'),
	(1633, '저장완료 :: data : EnvDto{temperature=25.3, humid=34.0, light=3.0, soilHumid=5.0, waterLevel=1.0, motorState=0, potSid=\'0000000000\', simple=1, time=2022-11-17T06:09:22.348}'),
	(1634, '저장완료 :: data : EnvDto{temperature=25.3, humid=34.0, light=3.0, soilHumid=5.0, waterLevel=1.0, motorState=0, potSid=\'0000000000\', simple=1, time=2022-11-17T06:09:32.410}'),
	(1635, '저장완료 :: data : EnvDto{temperature=25.3, humid=34.0, light=3.0, soilHumid=5.0, waterLevel=1.0, motorState=0, potSid=\'0000000000\', simple=1, time=2022-11-17T06:09:42.501}'),
	(1636, '저장완료 :: data : EnvDto{temperature=25.3, humid=34.0, light=3.0, soilHumid=5.0, waterLevel=1.0, motorState=0, potSid=\'0000000000\', simple=1, time=2022-11-17T06:09:52.783}'),
	(1637, '저장완료 :: data : EnvDto{temperature=25.3, humid=34.0, light=3.0, soilHumid=5.0, waterLevel=1.0, motorState=0, potSid=\'0000000000\', simple=1, time=2022-11-17T06:10:02.594}'),
	(1638, '저장완료 :: data : EnvDto{temperature=25.3, humid=34.0, light=3.0, soilHumid=5.0, waterLevel=1.0, motorState=0, potSid=\'0000000000\', simple=1, time=2022-11-17T06:10:12.685}'),
	(1639, '저장완료 :: data : EnvDto{temperature=25.3, humid=34.0, light=3.0, soilHumid=5.0, waterLevel=1.0, motorState=0, potSid=\'0000000000\', simple=1, time=2022-11-17T06:10:22.232}'),
	(1640, '저장완료 :: data : EnvDto{temperature=25.3, humid=34.0, light=3.0, soilHumid=5.0, waterLevel=1.0, motorState=0, potSid=\'0000000000\', simple=1, time=2022-11-17T06:10:32.319}'),
	(1641, '저장완료 :: data : EnvDto{temperature=25.3, humid=34.0, light=3.0, soilHumid=5.0, waterLevel=1.0, motorState=0, potSid=\'0000000000\', simple=1, time=2022-11-17T06:10:42.372}'),
	(1642, '저장완료 :: data : EnvDto{temperature=25.3, humid=34.0, light=3.0, soilHumid=5.0, waterLevel=1.0, motorState=0, potSid=\'0000000000\', simple=1, time=2022-11-17T06:10:52.702}'),
	(1643, '저장완료 :: data : EnvDto{temperature=25.3, humid=34.0, light=3.0, soilHumid=5.0, waterLevel=1.0, motorState=0, potSid=\'0000000000\', simple=1, time=2022-11-17T06:11:02.514}'),
	(1644, '저장완료 :: data : EnvDto{temperature=25.3, humid=34.0, light=3.0, soilHumid=5.0, waterLevel=1.0, motorState=0, potSid=\'0000000000\', simple=1, time=2022-11-17T06:11:12.604}'),
	(1645, '저장완료 :: data : EnvDto{temperature=25.3, humid=34.0, light=3.0, soilHumid=5.0, waterLevel=1.0, motorState=0, potSid=\'0000000000\', simple=1, time=2022-11-17T06:11:22.676}'),
	(1646, '저장완료 :: data : EnvDto{temperature=25.3, humid=34.0, light=3.0, soilHumid=5.0, waterLevel=1.0, motorState=0, potSid=\'0000000000\', simple=1, time=2022-11-17T06:11:32.750}'),
	(1647, '저장완료 :: data : EnvDto{temperature=25.3, humid=34.0, light=3.0, soilHumid=5.0, waterLevel=1.0, motorState=0, potSid=\'0000000000\', simple=1, time=2022-11-17T06:11:42.822}'),
	(1648, '저장완료 :: data : EnvDto{temperature=25.3, humid=34.0, light=3.0, soilHumid=5.0, waterLevel=1.0, motorState=0, potSid=\'0000000000\', simple=1, time=2022-11-17T06:11:53.027}'),
	(1649, '저장완료 :: data : EnvDto{temperature=25.3, humid=34.0, light=3.0, soilHumid=5.0, waterLevel=1.0, motorState=0, potSid=\'0000000000\', simple=1, time=2022-11-17T06:12:02.437}'),
	(1650, '저장완료 :: data : EnvDto{temperature=25.3, humid=34.0, light=3.0, soilHumid=5.0, waterLevel=1.0, motorState=0, potSid=\'0000000000\', simple=1, time=2022-11-17T06:12:12.530}'),
	(1651, '저장완료 :: data : EnvDto{temperature=25.3, humid=34.0, light=3.0, soilHumid=5.0, waterLevel=1.0, motorState=0, potSid=\'0000000000\', simple=1, time=2022-11-17T06:12:22.591}'),
	(1652, '저장완료 :: data : EnvDto{temperature=25.3, humid=34.0, light=3.0, soilHumid=5.0, waterLevel=1.0, motorState=0, potSid=\'0000000000\', simple=1, time=2022-11-17T06:12:32.667}'),
	(1653, '저장완료 :: data : EnvDto{temperature=25.3, humid=34.0, light=3.0, soilHumid=5.0, waterLevel=1.0, motorState=0, potSid=\'0000000000\', simple=1, time=2022-11-17T06:12:42.735}'),
	(1654, '저장완료 :: data : EnvDto{temperature=25.3, humid=34.0, light=3.0, soilHumid=5.0, waterLevel=1.0, motorState=0, potSid=\'0000000000\', simple=1, time=2022-11-17T06:12:52.975}'),
	(1655, '저장완료 :: data : EnvDto{temperature=25.3, humid=34.0, light=3.0, soilHumid=5.0, waterLevel=1.0, motorState=0, potSid=\'0000000000\', simple=1, time=2022-11-17T06:13:02.879}'),
	(1656, '저장완료 :: data : EnvDto{temperature=25.3, humid=34.0, light=3.0, soilHumid=5.0, waterLevel=1.0, motorState=0, potSid=\'0000000000\', simple=1, time=2022-11-17T06:13:12.950}'),
	(1657, '저장완료 :: data : EnvDto{temperature=25.3, humid=34.0, light=3.0, soilHumid=5.0, waterLevel=1.0, motorState=0, potSid=\'0000000000\', simple=1, time=2022-11-17T06:13:23.025}'),
	(1658, '저장완료 :: data : EnvDto{temperature=25.3, humid=34.0, light=3.0, soilHumid=5.0, waterLevel=1.0, motorState=0, potSid=\'0000000000\', simple=1, time=2022-11-17T06:13:33.097}'),
	(1659, '저장완료 :: data : EnvDto{temperature=25.3, humid=34.0, light=3.0, soilHumid=5.0, waterLevel=1.0, motorState=0, potSid=\'0000000000\', simple=1, time=2022-11-17T06:13:42.635}'),
	(1660, '저장완료 :: data : EnvDto{temperature=25.3, humid=34.0, light=3.0, soilHumid=5.0, waterLevel=1.0, motorState=0, potSid=\'0000000000\', simple=1, time=2022-11-17T06:13:52.849}'),
	(1661, '저장완료 :: data : EnvDto{temperature=25.3, humid=34.0, light=3.0, soilHumid=5.0, waterLevel=1.0, motorState=0, potSid=\'0000000000\', simple=1, time=2022-11-17T06:14:02.797}'),
	(1662, '저장완료 :: data : EnvDto{temperature=25.3, humid=34.0, light=3.0, soilHumid=5.0, waterLevel=1.0, motorState=0, potSid=\'0000000000\', simple=1, time=2022-11-17T06:14:12.874}'),
	(1663, '저장완료 :: data : EnvDto{temperature=25.3, humid=34.0, light=3.0, soilHumid=5.0, waterLevel=1.0, motorState=0, potSid=\'0000000000\', simple=1, time=2022-11-17T06:14:22.942}'),
	(1664, '저장완료 :: data : EnvDto{temperature=25.3, humid=34.0, light=3.0, soilHumid=5.0, waterLevel=1.0, motorState=0, potSid=\'0000000000\', simple=1, time=2022-11-17T06:14:33.015}'),
	(1665, '저장완료 :: data : EnvDto{temperature=25.3, humid=34.0, light=3.0, soilHumid=5.0, waterLevel=1.0, motorState=0, potSid=\'0000000000\', simple=1, time=2022-11-17T06:14:43.050}'),
	(1666, '저장완료 :: data : EnvDto{temperature=25.3, humid=34.0, light=3.0, soilHumid=5.0, waterLevel=1.0, motorState=0, potSid=\'0000000000\', simple=1, time=2022-11-17T06:14:53.175}'),
	(1667, '저장완료 :: data : EnvDto{temperature=25.3, humid=34.0, light=3.0, soilHumid=5.0, waterLevel=1.0, motorState=0, potSid=\'0000000000\', simple=1, time=2022-11-17T06:15:03.213}'),
	(1668, '저장완료 :: data : EnvDto{temperature=25.3, humid=34.0, light=3.0, soilHumid=5.0, waterLevel=1.0, motorState=0, potSid=\'0000000000\', simple=1, time=2022-11-17T06:15:13.476}'),
	(1669, '저장완료 :: data : EnvDto{temperature=25.3, humid=34.0, light=3.0, soilHumid=5.0, waterLevel=1.0, motorState=0, potSid=\'0000000000\', simple=1, time=2022-11-17T06:15:22.825}'),
	(1670, '저장완료 :: data : EnvDto{temperature=25.3, humid=34.0, light=3.0, soilHumid=5.0, waterLevel=1.0, motorState=0, potSid=\'0000000000\', simple=1, time=2022-11-17T06:15:32.924}'),
	(1671, '저장완료 :: data : EnvDto{temperature=25.3, humid=34.0, light=3.0, soilHumid=5.0, waterLevel=1.0, motorState=0, potSid=\'0000000000\', simple=1, time=2022-11-17T06:15:42.990}'),
	(1672, '저장완료 :: data : EnvDto{temperature=25.3, humid=34.0, light=3.0, soilHumid=5.0, waterLevel=1.0, motorState=0, potSid=\'0000000000\', simple=1, time=2022-11-17T06:15:53.141}'),
	(1673, '저장완료 :: data : EnvDto{temperature=25.3, humid=34.0, light=3.0, soilHumid=5.0, waterLevel=1.0, motorState=0, potSid=\'0000000000\', simple=1, time=2022-11-17T06:16:03.141}'),
	(1674, '저장완료 :: data : EnvDto{temperature=25.3, humid=34.0, light=3.0, soilHumid=5.0, waterLevel=1.0, motorState=0, potSid=\'0000000000\', simple=1, time=2022-11-17T06:16:13.175}'),
	(1675, '저장완료 :: data : EnvDto{temperature=25.3, humid=34.0, light=3.0, soilHumid=5.0, waterLevel=1.0, motorState=0, potSid=\'0000000000\', simple=1, time=2022-11-17T06:16:23.249}'),
	(1676, '저장완료 :: data : EnvDto{temperature=25.3, humid=34.0, light=3.0, soilHumid=5.0, waterLevel=1.0, motorState=0, potSid=\'0000000000\', simple=1, time=2022-11-17T06:16:33.330}'),
	(1677, '저장완료 :: data : EnvDto{temperature=25.3, humid=34.0, light=3.0, soilHumid=5.0, waterLevel=1.0, motorState=0, potSid=\'0000000000\', simple=1, time=2022-11-17T06:16:43.398}'),
	(1678, '저장완료 :: data : EnvDto{temperature=25.3, humid=34.0, light=3.0, soilHumid=5.0, waterLevel=1.0, motorState=0, potSid=\'0000000000\', simple=1, time=2022-11-17T06:16:53.480}'),
	(1679, '저장완료 :: data : EnvDto{temperature=25.3, humid=34.0, light=3.0, soilHumid=5.0, waterLevel=1.0, motorState=0, potSid=\'0000000000\', simple=1, time=2022-11-17T06:17:03.027}'),
	(1680, '저장완료 :: data : EnvDto{temperature=25.3, humid=34.0, light=3.0, soilHumid=5.0, waterLevel=1.0, motorState=0, potSid=\'0000000000\', simple=1, time=2022-11-17T06:17:13.125}'),
	(1681, '저장완료 :: data : EnvDto{temperature=25.3, humid=34.0, light=3.0, soilHumid=5.0, waterLevel=1.0, motorState=0, potSid=\'0000000000\', simple=1, time=2022-11-17T06:17:23.170}'),
	(1682, '저장완료 :: data : EnvDto{temperature=25.3, humid=34.0, light=3.0, soilHumid=5.0, waterLevel=1.0, motorState=0, potSid=\'0000000000\', simple=1, time=2022-11-17T06:17:33.257}'),
	(1683, '저장완료 :: data : EnvDto{temperature=25.3, humid=34.0, light=3.0, soilHumid=5.0, waterLevel=1.0, motorState=0, potSid=\'0000000000\', simple=1, time=2022-11-17T06:17:43.312}'),
	(1684, '저장완료 :: data : EnvDto{temperature=25.3, humid=34.0, light=3.0, soilHumid=5.0, waterLevel=1.0, motorState=0, potSid=\'0000000000\', simple=1, time=2022-11-17T06:17:53.374}'),
	(1685, '저장완료 :: data : EnvDto{temperature=25.3, humid=34.0, light=3.0, soilHumid=5.0, waterLevel=1.0, motorState=0, potSid=\'0000000000\', simple=1, time=2022-11-17T06:18:03.473}'),
	(1686, '저장완료 :: data : EnvDto{temperature=25.3, humid=34.0, light=3.0, soilHumid=5.0, waterLevel=1.0, motorState=0, potSid=\'0000000000\', simple=1, time=2022-11-17T06:18:13.546}'),
	(1687, '저장완료 :: data : EnvDto{temperature=25.3, humid=34.0, light=3.0, soilHumid=5.0, waterLevel=1.0, motorState=0, potSid=\'0000000000\', simple=1, time=2022-11-17T06:18:23.625}'),
	(1688, '저장완료 :: data : EnvDto{temperature=25.3, humid=34.0, light=3.0, soilHumid=5.0, waterLevel=1.0, motorState=0, potSid=\'0000000000\', simple=1, time=2022-11-17T06:18:33.697}'),
	(1689, '저장완료 :: data : EnvDto{temperature=25.3, humid=34.0, light=3.0, soilHumid=5.0, waterLevel=1.0, motorState=0, potSid=\'0000000000\', simple=1, time=2022-11-17T06:18:43.256}'),
	(1690, '저장완료 :: data : EnvDto{temperature=25.3, humid=34.0, light=3.0, soilHumid=5.0, waterLevel=1.0, motorState=0, potSid=\'0000000000\', simple=1, time=2022-11-17T06:18:53.324}'),
	(1691, '저장완료 :: data : EnvDto{temperature=25.3, humid=34.0, light=3.0, soilHumid=5.0, waterLevel=1.0, motorState=0, potSid=\'0000000000\', simple=1, time=2022-11-17T06:19:03.368}'),
	(1692, '저장완료 :: data : EnvDto{temperature=25.3, humid=34.0, light=3.0, soilHumid=5.0, waterLevel=1.0, motorState=0, potSid=\'0000000000\', simple=1, time=2022-11-17T06:19:13.469}'),
	(1693, '저장완료 :: data : EnvDto{temperature=25.3, humid=34.0, light=3.0, soilHumid=5.0, waterLevel=1.0, motorState=0, potSid=\'0000000000\', simple=1, time=2022-11-17T06:19:23.991}'),
	(1694, '저장완료 :: data : EnvDto{temperature=25.3, humid=34.0, light=3.0, soilHumid=5.0, waterLevel=1.0, motorState=0, potSid=\'0000000000\', simple=1, time=2022-11-17T06:19:33.598}'),
	(1695, '저장완료 :: data : EnvDto{temperature=25.3, humid=34.0, light=3.0, soilHumid=5.0, waterLevel=1.0, motorState=0, potSid=\'0000000000\', simple=1, time=2022-11-17T06:19:43.676}'),
	(1696, '저장완료 :: data : EnvDto{temperature=25.3, humid=34.0, light=3.0, soilHumid=5.0, waterLevel=1.0, motorState=0, potSid=\'0000000000\', simple=1, time=2022-11-17T06:19:53.736}'),
	(1697, '저장완료 :: data : EnvDto{temperature=25.3, humid=34.0, light=3.0, soilHumid=5.0, waterLevel=1.0, motorState=0, potSid=\'0000000000\', simple=1, time=2022-11-17T06:20:03.817}'),
	(1698, '저장완료 :: data : EnvDto{temperature=25.3, humid=34.0, light=3.0, soilHumid=5.0, waterLevel=1.0, motorState=0, potSid=\'0000000000\', simple=1, time=2022-11-17T06:20:13.880}'),
	(1699, '저장완료 :: data : EnvDto{temperature=25.3, humid=34.0, light=3.0, soilHumid=5.0, waterLevel=1.0, motorState=0, potSid=\'0000000000\', simple=1, time=2022-11-17T06:20:23.450}'),
	(1700, '저장완료 :: data : EnvDto{temperature=25.3, humid=34.0, light=3.0, soilHumid=5.0, waterLevel=1.0, motorState=0, potSid=\'0000000000\', simple=1, time=2022-11-17T06:20:33.938}'),
	(1701, '저장완료 :: data : EnvDto{temperature=25.3, humid=34.0, light=3.0, soilHumid=5.0, waterLevel=1.0, motorState=0, potSid=\'0000000000\', simple=1, time=2022-11-17T06:20:43.595}'),
	(1702, '저장완료 :: data : EnvDto{temperature=25.3, humid=34.0, light=3.0, soilHumid=5.0, waterLevel=1.0, motorState=0, potSid=\'0000000000\', simple=1, time=2022-11-17T06:20:53.691}'),
	(1703, '저장완료 :: data : EnvDto{temperature=25.3, humid=34.0, light=3.0, soilHumid=5.0, waterLevel=1.0, motorState=0, potSid=\'0000000000\', simple=1, time=2022-11-17T06:21:03.703}'),
	(1704, '저장완료 :: data : EnvDto{temperature=25.3, humid=34.0, light=3.0, soilHumid=5.0, waterLevel=1.0, motorState=0, potSid=\'0000000000\', simple=1, time=2022-11-17T06:21:13.799}'),
	(1705, '저장완료 :: data : EnvDto{temperature=25.3, humid=34.0, light=3.0, soilHumid=5.0, waterLevel=1.0, motorState=0, potSid=\'0000000000\', simple=1, time=2022-11-17T06:21:23.869}'),
	(1706, '저장완료 :: data : EnvDto{temperature=25.3, humid=34.0, light=3.0, soilHumid=5.0, waterLevel=1.0, motorState=0, potSid=\'0000000000\', simple=1, time=2022-11-17T06:21:33.936}'),
	(1707, '저장완료 :: data : EnvDto{temperature=25.3, humid=34.0, light=3.0, soilHumid=5.0, waterLevel=1.0, motorState=0, potSid=\'0000000000\', simple=1, time=2022-11-17T06:21:44.010}'),
	(1708, '저장완료 :: data : EnvDto{temperature=25.3, humid=34.0, light=3.0, soilHumid=5.0, waterLevel=1.0, motorState=0, potSid=\'0000000000\', simple=1, time=2022-11-17T06:21:53.600}'),
	(1709, '저장완료 :: data : EnvDto{temperature=25.3, humid=34.0, light=3.0, soilHumid=5.0, waterLevel=1.0, motorState=0, potSid=\'0000000000\', simple=1, time=2022-11-17T06:22:03.641}'),
	(1710, '저장완료 :: data : EnvDto{temperature=25.3, humid=34.0, light=3.0, soilHumid=5.0, waterLevel=1.0, motorState=0, potSid=\'0000000000\', simple=1, time=2022-11-17T06:22:13.715}'),
	(1711, '저장완료 :: data : EnvDto{temperature=25.3, humid=34.0, light=3.0, soilHumid=5.0, waterLevel=1.0, motorState=0, potSid=\'0000000000\', simple=1, time=2022-11-17T06:22:23.782}'),
	(1712, '저장완료 :: data : EnvDto{temperature=25.3, humid=34.0, light=3.0, soilHumid=5.0, waterLevel=1.0, motorState=0, potSid=\'0000000000\', simple=1, time=2022-11-17T06:22:33.856}'),
	(1713, '저장완료 :: data : EnvDto{temperature=25.3, humid=34.0, light=3.0, soilHumid=5.0, waterLevel=1.0, motorState=0, potSid=\'0000000000\', simple=1, time=2022-11-17T06:22:43.925}'),
	(1714, '저장완료 :: data : EnvDto{temperature=25.3, humid=34.0, light=3.0, soilHumid=5.0, waterLevel=1.0, motorState=0, potSid=\'0000000000\', simple=1, time=2022-11-17T06:22:54.001}'),
	(1715, '저장완료 :: data : EnvDto{temperature=25.3, humid=34.0, light=3.0, soilHumid=5.0, waterLevel=1.0, motorState=0, potSid=\'0000000000\', simple=1, time=2022-11-17T06:23:04.050}'),
	(1716, '저장완료 :: data : EnvDto{temperature=25.3, humid=34.0, light=3.0, soilHumid=5.0, waterLevel=1.0, motorState=0, potSid=\'0000000000\', simple=1, time=2022-11-17T06:23:14.140}'),
	(1717, '저장완료 :: data : EnvDto{temperature=25.3, humid=34.0, light=3.0, soilHumid=5.0, waterLevel=1.0, motorState=0, potSid=\'0000000000\', simple=1, time=2022-11-17T06:23:24.206}'),
	(1718, '저장완료 :: data : EnvDto{temperature=25.3, humid=34.0, light=3.0, soilHumid=5.0, waterLevel=1.0, motorState=0, potSid=\'0000000000\', simple=1, time=2022-11-17T06:23:33.779}'),
	(1719, '저장완료 :: data : EnvDto{temperature=25.3, humid=34.0, light=3.0, soilHumid=5.0, waterLevel=1.0, motorState=0, potSid=\'0000000000\', simple=1, time=2022-11-17T06:23:43.848}'),
	(1720, '저장완료 :: data : EnvDto{temperature=25.3, humid=34.0, light=4.0, soilHumid=5.0, waterLevel=1.0, motorState=0, potSid=\'0000000000\', simple=1, time=2022-11-17T06:23:53.919}'),
	(1721, '저장완료 :: data : EnvDto{temperature=25.3, humid=34.0, light=3.0, soilHumid=5.0, waterLevel=1.0, motorState=0, potSid=\'0000000000\', simple=1, time=2022-11-17T06:24:03.988}'),
	(1722, '저장완료 :: data : EnvDto{temperature=25.8, humid=34.0, light=3.0, soilHumid=5.0, waterLevel=1.0, motorState=0, potSid=\'0000000000\', simple=1, time=2022-11-17T06:24:14.060}'),
	(1723, '저장완료 :: data : EnvDto{temperature=25.8, humid=34.0, light=3.0, soilHumid=5.0, waterLevel=1.0, motorState=0, potSid=\'0000000000\', simple=1, time=2022-11-17T06:24:24.138}'),
	(1724, '저장완료 :: data : EnvDto{temperature=25.8, humid=34.0, light=3.0, soilHumid=5.0, waterLevel=1.0, motorState=0, potSid=\'0000000000\', simple=1, time=2022-11-17T06:24:34.196}'),
	(1725, '저장완료 :: data : EnvDto{temperature=25.8, humid=34.0, light=3.0, soilHumid=5.0, waterLevel=1.0, motorState=0, potSid=\'0000000000\', simple=1, time=2022-11-17T06:24:44.255}'),
	(1726, '저장완료 :: data : EnvDto{temperature=25.8, humid=34.0, light=3.0, soilHumid=5.0, waterLevel=1.0, motorState=0, potSid=\'0000000000\', simple=1, time=2022-11-17T06:24:54.343}'),
	(1727, '저장완료 :: data : EnvDto{temperature=25.8, humid=34.0, light=3.0, soilHumid=5.0, waterLevel=1.0, motorState=0, potSid=\'0000000000\', simple=1, time=2022-11-17T06:25:04.387}'),
	(1728, '저장완료 :: data : EnvDto{temperature=25.8, humid=34.0, light=3.0, soilHumid=5.0, waterLevel=1.0, motorState=0, potSid=\'0000000000\', simple=1, time=2022-11-17T06:25:13.976}'),
	(1729, '저장완료 :: data : EnvDto{temperature=25.8, humid=34.0, light=3.0, soilHumid=5.0, waterLevel=1.0, motorState=1, potSid=\'0000000000\', simple=1, time=2022-11-17T06:25:24.077}'),
	(1730, '저장완료 :: data : EnvDto{temperature=25.8, humid=34.0, light=3.0, soilHumid=5.0, waterLevel=1.0, motorState=1, potSid=\'0000000000\', simple=1, time=2022-11-17T06:25:34.155}'),
	(1731, '저장완료 :: data : EnvDto{temperature=25.8, humid=34.0, light=3.0, soilHumid=5.0, waterLevel=1.0, motorState=1, potSid=\'0000000000\', simple=1, time=2022-11-17T06:25:44.225}'),
	(1732, '저장완료 :: data : EnvDto{temperature=25.8, humid=34.0, light=3.0, soilHumid=5.0, waterLevel=1.0, motorState=0, potSid=\'0000000000\', simple=1, time=2022-11-17T06:25:54.293}'),
	(1733, '저장완료 :: data : EnvDto{temperature=25.8, humid=34.0, light=3.0, soilHumid=5.0, waterLevel=1.0, motorState=0, potSid=\'0000000000\', simple=1, time=2022-11-17T06:26:04.358}'),
	(1734, '저장완료 :: data : EnvDto{temperature=26.2, humid=33.0, light=3.0, soilHumid=5.0, waterLevel=1.0, motorState=0, potSid=\'0000000000\', simple=1, time=2022-11-17T06:26:14.400}'),
	(1735, '저장완료 :: data : EnvDto{temperature=26.2, humid=33.0, light=3.0, soilHumid=2.0, waterLevel=1.0, motorState=1, potSid=\'0000000000\', simple=1, time=2022-11-17T06:26:24.559}'),
	(1736, '저장완료 :: data : EnvDto{temperature=26.2, humid=34.0, light=3.0, soilHumid=2.0, waterLevel=1.0, motorState=1, potSid=\'0000000000\', simple=1, time=2022-11-17T06:26:34.602}'),
	(1737, '저장완료 :: data : EnvDto{temperature=26.2, humid=33.0, light=3.0, soilHumid=2.0, waterLevel=1.0, motorState=1, potSid=\'0000000000\', simple=1, time=2022-11-17T06:26:44.178}'),
	(1738, '저장완료 :: data : EnvDto{temperature=26.2, humid=33.0, light=3.0, soilHumid=1.0, waterLevel=1.0, motorState=0, potSid=\'0000000000\', simple=1, time=2022-11-17T06:26:54.231}'),
	(1739, '저장완료 :: data : EnvDto{temperature=26.2, humid=33.0, light=4.0, soilHumid=1.0, waterLevel=1.0, motorState=0, potSid=\'0000000000\', simple=1, time=2022-11-17T06:27:04.300}'),
	(1740, '저장완료 :: data : EnvDto{temperature=26.2, humid=33.0, light=3.0, soilHumid=2.0, waterLevel=1.0, motorState=0, potSid=\'0000000000\', simple=1, time=2022-11-17T06:27:14.378}'),
	(1741, '저장완료 :: data : EnvDto{temperature=26.2, humid=33.0, light=3.0, soilHumid=5.0, waterLevel=1.0, motorState=0, potSid=\'0000000000\', simple=1, time=2022-11-17T06:27:24.446}'),
	(1742, '저장완료 :: data : EnvDto{temperature=26.2, humid=33.0, light=3.0, soilHumid=5.0, waterLevel=1.0, motorState=0, potSid=\'0000000000\', simple=1, time=2022-11-17T06:27:34.498}'),
	(1743, '저장완료 :: data : EnvDto{temperature=26.2, humid=33.0, light=3.0, soilHumid=5.0, waterLevel=1.0, motorState=0, potSid=\'0000000000\', simple=1, time=2022-11-17T06:27:44.588}'),
	(1744, '저장완료 :: data : EnvDto{temperature=26.2, humid=32.0, light=3.0, soilHumid=2.0, waterLevel=1.0, motorState=0, potSid=\'0000000000\', simple=1, time=2022-11-17T06:27:54.665}'),
	(1745, '저장완료 :: data : EnvDto{temperature=26.2, humid=32.0, light=3.0, soilHumid=2.0, waterLevel=1.0, motorState=0, potSid=\'0000000000\', simple=1, time=2022-11-17T06:28:04.724}'),
	(1746, '저장완료 :: data : EnvDto{temperature=26.2, humid=32.0, light=3.0, soilHumid=1.0, waterLevel=1.0, motorState=0, potSid=\'0000000000\', simple=1, time=2022-11-17T06:28:14.775}'),
	(1747, '저장완료 :: data : EnvDto{temperature=26.2, humid=32.0, light=3.0, soilHumid=2.0, waterLevel=1.0, motorState=0, potSid=\'0000000000\', simple=1, time=2022-11-17T06:28:24.368}'),
	(1748, '저장완료 :: data : EnvDto{temperature=26.2, humid=32.0, light=3.0, soilHumid=2.0, waterLevel=1.0, motorState=0, potSid=\'0000000000\', simple=1, time=2022-11-17T06:28:34.438}'),
	(1749, '저장완료 :: data : EnvDto{temperature=26.2, humid=32.0, light=3.0, soilHumid=2.0, waterLevel=1.0, motorState=0, potSid=\'0000000000\', simple=1, time=2022-11-17T06:28:44.505}'),
	(1750, '저장완료 :: data : EnvDto{temperature=26.2, humid=32.0, light=3.0, soilHumid=2.0, waterLevel=1.0, motorState=0, potSid=\'0000000000\', simple=1, time=2022-11-17T06:28:54.577}'),
	(1751, '저장완료 :: data : EnvDto{temperature=26.2, humid=32.0, light=3.0, soilHumid=2.0, waterLevel=1.0, motorState=0, potSid=\'0000000000\', simple=1, time=2022-11-17T06:29:04.651}'),
	(1752, '저장완료 :: data : EnvDto{temperature=26.2, humid=32.0, light=3.0, soilHumid=2.0, waterLevel=1.0, motorState=0, potSid=\'0000000000\', simple=1, time=2022-11-17T06:29:14.707}'),
	(1753, '저장완료 :: data : EnvDto{temperature=26.2, humid=32.0, light=3.0, soilHumid=2.0, waterLevel=1.0, motorState=0, potSid=\'0000000000\', simple=1, time=2022-11-17T06:29:24.792}'),
	(1754, '저장완료 :: data : EnvDto{temperature=26.2, humid=32.0, light=3.0, soilHumid=2.0, waterLevel=1.0, motorState=0, potSid=\'0000000000\', simple=1, time=2022-11-17T06:29:34.857}'),
	(1755, '저장완료 :: data : EnvDto{temperature=26.2, humid=32.0, light=3.0, soilHumid=2.0, waterLevel=1.0, motorState=0, potSid=\'0000000000\', simple=1, time=2022-11-17T06:29:44.928}'),
	(1756, '저장완료 :: data : EnvDto{temperature=26.0, humid=32.0, light=3.0, soilHumid=5.0, waterLevel=1.0, motorState=0, potSid=\'0000000000\', simple=1, time=2022-11-17T06:29:54.971}'),
	(1757, '저장완료 :: data : EnvDto{temperature=25.8, humid=32.0, light=3.0, soilHumid=5.0, waterLevel=1.0, motorState=0, potSid=\'0000000000\', simple=1, time=2022-11-17T06:30:04.575}'),
	(1758, '저장완료 :: data : EnvDto{temperature=25.8, humid=32.0, light=3.0, soilHumid=5.0, waterLevel=1.0, motorState=0, potSid=\'0000000000\', simple=1, time=2022-11-17T06:30:14.651}'),
	(1759, '저장완료 :: data : EnvDto{temperature=25.8, humid=32.0, light=3.0, soilHumid=5.0, waterLevel=1.0, motorState=0, potSid=\'0000000000\', simple=1, time=2022-11-17T06:30:24.717}'),
	(1760, '저장완료 :: data : EnvDto{temperature=25.8, humid=32.0, light=3.0, soilHumid=5.0, waterLevel=1.0, motorState=0, potSid=\'0000000000\', simple=1, time=2022-11-17T06:30:34.783}'),
	(1761, '저장완료 :: data : EnvDto{temperature=25.8, humid=31.0, light=3.0, soilHumid=5.0, waterLevel=1.0, motorState=0, potSid=\'0000000000\', simple=1, time=2022-11-17T06:30:44.845}'),
	(1762, '저장완료 :: data : EnvDto{temperature=25.8, humid=31.0, light=3.0, soilHumid=5.0, waterLevel=1.0, motorState=0, potSid=\'0000000000\', simple=1, time=2022-11-17T06:30:54.922}'),
	(1763, '저장완료 :: data : EnvDto{temperature=25.8, humid=32.0, light=3.0, soilHumid=5.0, waterLevel=1.0, motorState=0, potSid=\'0000000000\', simple=1, time=2022-11-17T06:31:04.970}'),
	(1764, '저장완료 :: data : EnvDto{temperature=25.8, humid=33.0, light=3.0, soilHumid=5.0, waterLevel=1.0, motorState=0, potSid=\'0000000000\', simple=1, time=2022-11-17T06:31:15.053}'),
	(1765, '저장완료 :: data : EnvDto{temperature=25.8, humid=33.0, light=3.0, soilHumid=5.0, waterLevel=1.0, motorState=0, potSid=\'0000000000\', simple=1, time=2022-11-17T06:31:25.107}'),
	(1766, '저장완료 :: data : EnvDto{temperature=25.8, humid=33.0, light=3.0, soilHumid=5.0, waterLevel=1.0, motorState=0, potSid=\'0000000000\', simple=1, time=2022-11-17T06:31:34.673}'),
	(1767, '저장완료 :: data : EnvDto{temperature=25.8, humid=32.0, light=3.0, soilHumid=5.0, waterLevel=1.0, motorState=0, potSid=\'0000000000\', simple=1, time=2022-11-17T06:31:44.764}'),
	(1768, '저장완료 :: data : EnvDto{temperature=25.3, humid=32.0, light=3.0, soilHumid=5.0, waterLevel=1.0, motorState=0, potSid=\'0000000000\', simple=1, time=2022-11-17T06:31:54.880}'),
	(1769, '저장완료 :: data : EnvDto{temperature=25.3, humid=32.0, light=3.0, soilHumid=5.0, waterLevel=1.0, motorState=0, potSid=\'0000000000\', simple=1, time=2022-11-17T06:32:04.895}'),
	(1770, '저장완료 :: data : EnvDto{temperature=25.3, humid=32.0, light=3.0, soilHumid=5.0, waterLevel=1.0, motorState=0, potSid=\'0000000000\', simple=1, time=2022-11-17T06:32:14.985}'),
	(1771, '저장완료 :: data : EnvDto{temperature=25.3, humid=32.0, light=3.0, soilHumid=5.0, waterLevel=1.0, motorState=0, potSid=\'0000000000\', simple=1, time=2022-11-17T06:32:25.024}'),
	(1772, '저장완료 :: data : EnvDto{temperature=25.3, humid=32.0, light=3.0, soilHumid=5.0, waterLevel=1.0, motorState=0, potSid=\'0000000000\', simple=1, time=2022-11-17T06:32:35.112}'),
	(1773, '저장완료 :: data : EnvDto{temperature=25.3, humid=32.0, light=3.0, soilHumid=5.0, waterLevel=1.0, motorState=0, potSid=\'0000000000\', simple=1, time=2022-11-17T06:32:45.157}'),
	(1774, '저장완료 :: data : EnvDto{temperature=25.3, humid=32.0, light=3.0, soilHumid=5.0, waterLevel=1.0, motorState=0, potSid=\'0000000000\', simple=1, time=2022-11-17T06:32:55.251}'),
	(1775, '저장완료 :: data : EnvDto{temperature=25.3, humid=33.0, light=3.0, soilHumid=5.0, waterLevel=1.0, motorState=0, potSid=\'0000000000\', simple=1, time=2022-11-17T06:33:05.560}'),
	(1776, '저장완료 :: data : EnvDto{temperature=25.3, humid=34.0, light=3.0, soilHumid=5.0, waterLevel=1.0, motorState=0, potSid=\'0000000000\', simple=1, time=2022-11-17T06:33:14.884}'),
	(1777, '저장완료 :: data : EnvDto{temperature=24.8, humid=35.0, light=3.0, soilHumid=5.0, waterLevel=1.0, motorState=0, potSid=\'0000000000\', simple=1, time=2022-11-17T06:33:24.966}'),
	(1778, '저장완료 :: data : EnvDto{temperature=24.8, humid=36.0, light=3.0, soilHumid=5.0, waterLevel=1.0, motorState=0, potSid=\'0000000000\', simple=1, time=2022-11-17T06:33:35.029}'),
	(1779, '저장완료 :: data : EnvDto{temperature=25.3, humid=37.0, light=3.0, soilHumid=5.0, waterLevel=1.0, motorState=0, potSid=\'0000000000\', simple=1, time=2022-11-17T06:34:05.310}'),
	(1780, '저장완료 :: data : EnvDto{temperature=24.8, humid=37.0, light=3.0, soilHumid=5.0, waterLevel=1.0, motorState=0, potSid=\'0000000000\', simple=1, time=2022-11-17T06:34:15.359}'),
	(1781, '저장완료 :: data : EnvDto{temperature=24.8, humid=37.0, light=3.0, soilHumid=5.0, waterLevel=1.0, motorState=0, potSid=\'0000000000\', simple=1, time=2022-11-17T06:34:25.464}'),
	(1782, '저장완료 :: data : EnvDto{temperature=24.5, humid=36.0, light=3.0, soilHumid=5.0, waterLevel=1.0, motorState=0, potSid=\'0000000000\', simple=1, time=2022-11-17T06:18:20.186}'),
	(1783, '저장완료 :: data : EnvDto{temperature=24.8, humid=37.0, light=3.0, soilHumid=5.0, waterLevel=1.0, motorState=0, potSid=\'0000000000\', simple=1, time=2022-11-17T06:35:56.636}'),
	(1784, '저장완료 :: data : EnvDto{temperature=24.5, humid=37.0, light=3.0, soilHumid=5.0, waterLevel=1.0, motorState=0, potSid=\'0000000000\', simple=1, time=2022-11-17T06:36:07.046}'),
	(1785, '저장완료 :: data : EnvDto{temperature=24.5, humid=37.0, light=3.0, soilHumid=5.0, waterLevel=1.0, motorState=0, potSid=\'0000000000\', simple=1, time=2022-11-17T06:36:16.754}'),
	(1786, '저장완료 :: data : EnvDto{temperature=24.1, humid=38.0, light=3.0, soilHumid=5.0, waterLevel=1.0, motorState=0, potSid=\'0000000000\', simple=1, time=2022-11-17T06:36:26.842}'),
	(1787, '저장완료 :: data : EnvDto{temperature=24.1, humid=38.0, light=3.0, soilHumid=5.0, waterLevel=1.0, motorState=0, potSid=\'0000000000\', simple=1, time=2022-11-17T06:36:36.892}'),
	(1788, '저장완료 :: data : EnvDto{temperature=24.1, humid=38.0, light=3.0, soilHumid=5.0, waterLevel=1.0, motorState=0, potSid=\'0000000000\', simple=1, time=2022-11-17T06:36:47.296}'),
	(1789, '저장완료 :: data : EnvDto{temperature=24.1, humid=38.0, light=3.0, soilHumid=5.0, waterLevel=1.0, motorState=0, potSid=\'0000000000\', simple=1, time=2022-11-17T06:36:57.056}'),
	(1790, '저장완료 :: data : EnvDto{temperature=23.8, humid=38.0, light=3.0, soilHumid=5.0, waterLevel=1.0, motorState=0, potSid=\'0000000000\', simple=1, time=2022-11-17T06:37:06.890}'),
	(1791, '저장완료 :: data : EnvDto{temperature=23.8, humid=38.0, light=3.0, soilHumid=5.0, waterLevel=1.0, motorState=0, potSid=\'0000000000\', simple=1, time=2022-11-17T06:37:16.693}'),
	(1792, '저장완료 :: data : EnvDto{temperature=23.8, humid=38.0, light=3.0, soilHumid=5.0, waterLevel=1.0, motorState=0, potSid=\'0000000000\', simple=1, time=2022-11-17T06:37:26.776}'),
	(1793, '저장완료 :: data : EnvDto{temperature=23.8, humid=38.0, light=3.0, soilHumid=5.0, waterLevel=1.0, motorState=0, potSid=\'0000000000\', simple=1, time=2022-11-17T06:37:36.846}'),
	(1794, '저장완료 :: data : EnvDto{temperature=23.8, humid=38.0, light=3.0, soilHumid=5.0, waterLevel=1.0, motorState=0, potSid=\'0000000000\', simple=1, time=2022-11-17T06:37:46.900}'),
	(1795, '저장완료 :: data : EnvDto{temperature=23.8, humid=38.0, light=3.0, soilHumid=5.0, waterLevel=1.0, motorState=0, potSid=\'0000000000\', simple=1, time=2022-11-17T06:37:56.983}'),
	(1796, '저장완료 :: data : EnvDto{temperature=23.8, humid=39.0, light=3.0, soilHumid=5.0, waterLevel=1.0, motorState=0, potSid=\'0000000000\', simple=1, time=2022-11-17T06:38:07.254}'),
	(1797, '저장완료 :: data : EnvDto{temperature=23.8, humid=39.0, light=3.0, soilHumid=5.0, waterLevel=1.0, motorState=0, potSid=\'0000000000\', simple=1, time=2022-11-17T06:38:17.122}'),
	(1798, '저장완료 :: data : EnvDto{temperature=23.8, humid=39.0, light=3.0, soilHumid=5.0, waterLevel=1.0, motorState=0, potSid=\'0000000000\', simple=1, time=2022-11-17T06:38:27.164}'),
	(1799, '저장완료 :: data : EnvDto{temperature=23.8, humid=39.0, light=3.0, soilHumid=5.0, waterLevel=1.0, motorState=0, potSid=\'0000000000\', simple=1, time=2022-11-17T06:38:36.730}'),
	(1800, '저장완료 :: data : EnvDto{temperature=23.8, humid=39.0, light=3.0, soilHumid=5.0, waterLevel=1.0, motorState=0, potSid=\'0000000000\', simple=1, time=2022-11-17T06:38:46.829}'),
	(1801, '저장완료 :: data : EnvDto{temperature=23.8, humid=39.0, light=3.0, soilHumid=5.0, waterLevel=1.0, motorState=0, potSid=\'0000000000\', simple=1, time=2022-11-17T06:38:56.870}'),
	(1802, '저장완료 :: data : EnvDto{temperature=23.8, humid=40.0, light=3.0, soilHumid=5.0, waterLevel=1.0, motorState=0, potSid=\'0000000000\', simple=1, time=2022-11-17T06:39:07.582}'),
	(1803, '저장완료 :: data : EnvDto{temperature=23.8, humid=39.0, light=3.0, soilHumid=5.0, waterLevel=1.0, motorState=0, potSid=\'0000000000\', simple=1, time=2022-11-17T06:39:17.056}'),
	(1804, '저장완료 :: data : EnvDto{temperature=23.8, humid=40.0, light=3.0, soilHumid=5.0, waterLevel=1.0, motorState=0, potSid=\'0000000000\', simple=1, time=2022-11-17T06:39:27.081}'),
	(1805, '저장완료 :: data : EnvDto{temperature=23.8, humid=40.0, light=3.0, soilHumid=5.0, waterLevel=1.0, motorState=0, potSid=\'0000000000\', simple=1, time=2022-11-17T06:39:37.154}'),
	(1806, '저장완료 :: data : EnvDto{temperature=23.8, humid=40.0, light=3.0, soilHumid=5.0, waterLevel=1.0, motorState=0, potSid=\'0000000000\', simple=1, time=2022-11-17T06:39:47.246}'),
	(1807, '저장완료 :: data : EnvDto{temperature=23.8, humid=40.0, light=3.0, soilHumid=5.0, waterLevel=1.0, motorState=0, potSid=\'0000000000\', simple=1, time=2022-11-17T06:39:57.319}'),
	(1808, '저장완료 :: data : EnvDto{temperature=23.8, humid=40.0, light=3.0, soilHumid=5.0, waterLevel=1.0, motorState=0, potSid=\'0000000000\', simple=1, time=2022-11-17T06:40:07.739}'),
	(1809, '저장완료 :: data : EnvDto{temperature=23.8, humid=40.0, light=3.0, soilHumid=5.0, waterLevel=1.0, motorState=0, potSid=\'0000000000\', simple=1, time=2022-11-17T06:40:16.955}'),
	(1810, '저장완료 :: data : EnvDto{temperature=23.8, humid=40.0, light=3.0, soilHumid=5.0, waterLevel=1.0, motorState=0, potSid=\'0000000000\', simple=1, time=2022-11-17T06:40:27.022}'),
	(1811, '저장완료 :: data : EnvDto{temperature=23.8, humid=40.0, light=3.0, soilHumid=5.0, waterLevel=1.0, motorState=0, potSid=\'0000000000\', simple=1, time=2022-11-17T06:40:37.128}'),
	(1812, '저장완료 :: data : EnvDto{temperature=23.8, humid=40.0, light=3.0, soilHumid=5.0, waterLevel=1.0, motorState=0, potSid=\'0000000000\', simple=1, time=2022-11-17T06:40:47.152}'),
	(1813, '저장완료 :: data : EnvDto{temperature=23.8, humid=40.0, light=3.0, soilHumid=5.0, waterLevel=1.0, motorState=0, potSid=\'0000000000\', simple=1, time=2022-11-17T06:40:57.216}'),
	(1814, '저장완료 :: data : EnvDto{temperature=23.8, humid=40.0, light=3.0, soilHumid=5.0, waterLevel=1.0, motorState=0, potSid=\'0000000000\', simple=1, time=2022-11-17T06:41:07.440}'),
	(1815, '저장완료 :: data : EnvDto{temperature=23.8, humid=40.0, light=3.0, soilHumid=5.0, waterLevel=1.0, motorState=0, potSid=\'0000000000\', simple=1, time=2022-11-17T06:41:17.392}'),
	(1816, '저장완료 :: data : EnvDto{temperature=23.8, humid=40.0, light=3.0, soilHumid=5.0, waterLevel=1.0, motorState=0, potSid=\'0000000000\', simple=1, time=2022-11-17T06:41:27.456}'),
	(1817, '저장완료 :: data : EnvDto{temperature=23.8, humid=40.0, light=3.0, soilHumid=5.0, waterLevel=1.0, motorState=0, potSid=\'0000000000\', simple=1, time=2022-11-17T06:41:37.493}'),
	(1818, '저장완료 :: data : EnvDto{temperature=23.8, humid=40.0, light=3.0, soilHumid=5.0, waterLevel=1.0, motorState=0, potSid=\'0000000000\', simple=1, time=2022-11-17T06:41:47.580}'),
	(1819, '저장완료 :: data : EnvDto{temperature=23.6, humid=40.0, light=3.0, soilHumid=5.0, waterLevel=1.0, motorState=0, potSid=\'0000000000\', simple=1, time=2022-11-17T06:41:57.152}'),
	(1820, '저장완료 :: data : EnvDto{temperature=23.4, humid=40.0, light=3.0, soilHumid=5.0, waterLevel=1.0, motorState=0, potSid=\'0000000000\', simple=1, time=2022-11-17T06:42:07.424}'),
	(1821, '저장완료 :: data : EnvDto{temperature=23.4, humid=40.0, light=3.0, soilHumid=5.0, waterLevel=1.0, motorState=0, potSid=\'0000000000\', simple=1, time=2022-11-17T06:42:17.264}'),
	(1822, '저장완료 :: data : EnvDto{temperature=23.4, humid=40.0, light=3.0, soilHumid=5.0, waterLevel=1.0, motorState=0, potSid=\'0000000000\', simple=1, time=2022-11-17T06:42:27.355}'),
	(1823, '저장완료 :: data : EnvDto{temperature=23.4, humid=40.0, light=3.0, soilHumid=5.0, waterLevel=1.0, motorState=0, potSid=\'0000000000\', simple=1, time=2022-11-17T06:42:37.428}'),
	(1824, '저장완료 :: data : EnvDto{temperature=23.4, humid=39.0, light=3.0, soilHumid=5.0, waterLevel=1.0, motorState=0, potSid=\'0000000000\', simple=1, time=2022-11-17T06:42:47.492}'),
	(1825, '저장완료 :: data : EnvDto{temperature=23.4, humid=39.0, light=3.0, soilHumid=5.0, waterLevel=1.0, motorState=0, potSid=\'0000000000\', simple=1, time=2022-11-17T06:42:57.580}'),
	(1826, '저장완료 :: data : EnvDto{temperature=23.4, humid=39.0, light=3.0, soilHumid=5.0, waterLevel=1.0, motorState=0, potSid=\'0000000000\', simple=1, time=2022-11-17T06:43:07.921}'),
	(1827, '저장완료 :: data : EnvDto{temperature=23.4, humid=39.0, light=3.0, soilHumid=5.0, waterLevel=1.0, motorState=0, potSid=\'0000000000\', simple=1, time=2022-11-17T06:43:17.720}'),
	(1828, '저장완료 :: data : EnvDto{temperature=23.4, humid=39.0, light=3.0, soilHumid=5.0, waterLevel=1.0, motorState=0, potSid=\'0000000000\', simple=1, time=2022-11-17T06:43:27.780}'),
	(1829, '저장완료 :: data : EnvDto{temperature=23.4, humid=39.0, light=3.0, soilHumid=5.0, waterLevel=1.0, motorState=0, potSid=\'0000000000\', simple=1, time=2022-11-17T06:43:37.344}'),
	(1830, '저장완료 :: data : EnvDto{temperature=23.4, humid=39.0, light=3.0, soilHumid=5.0, waterLevel=1.0, motorState=0, potSid=\'0000000000\', simple=1, time=2022-11-17T06:43:47.419}'),
	(1831, '저장완료 :: data : EnvDto{temperature=23.4, humid=39.0, light=3.0, soilHumid=5.0, waterLevel=1.0, motorState=0, potSid=\'0000000000\', simple=1, time=2022-11-17T06:43:57.493}'),
	(1832, '저장완료 :: data : EnvDto{temperature=23.4, humid=39.0, light=3.0, soilHumid=5.0, waterLevel=1.0, motorState=0, potSid=\'0000000000\', simple=1, time=2022-11-17T06:44:07.765}'),
	(1833, '저장완료 :: data : EnvDto{temperature=23.4, humid=39.0, light=3.0, soilHumid=5.0, waterLevel=1.0, motorState=0, potSid=\'0000000000\', simple=1, time=2022-11-17T06:44:17.636}'),
	(1834, '저장완료 :: data : EnvDto{temperature=23.4, humid=39.0, light=3.0, soilHumid=5.0, waterLevel=1.0, motorState=0, potSid=\'0000000000\', simple=1, time=2022-11-17T06:44:27.709}');

-- 프로시저 ddokbun.consume_log_table_reduce 구조 내보내기
DELIMITER //
CREATE PROCEDURE `consume_log_table_reduce`(IN max  int)
BEGIN
	DECLARE c INT;
     
	SELECT cl.consume_log_seq INTO c 
	FROM consume_log cl
    LIMIT max,1;
    
    DELETE FROM consume_log
    WHERE consume_log_seq < c;
END//
DELIMITER ;

-- 이벤트 ddokbun.count_reset 구조 내보내기
DELIMITER //
CREATE EVENT `count_reset` ON SCHEDULE EVERY 1 DAY STARTS '2022-11-18 00:00:00' ON COMPLETION NOT PRESERVE ENABLE COMMENT '상품 count reset' DO UPDATE item SET view_count = DEFAULT//
DELIMITER ;

-- 테이블 ddokbun.hibernate_sequence 구조 내보내기
CREATE TABLE IF NOT EXISTS `hibernate_sequence` (
  `next_val` bigint DEFAULT NULL
) ENGINE=InnoDB DEFAULT CHARSET=utf8mb4 COLLATE=utf8mb4_unicode_ci;

-- 테이블 데이터 ddokbun.hibernate_sequence:~0 rows (대략적) 내보내기
REPLACE INTO `hibernate_sequence` (`next_val`) VALUES
	(1835);

-- 테이블 ddokbun.item 구조 내보내기
CREATE TABLE IF NOT EXISTS `item` (
  `item_seq` int unsigned NOT NULL AUTO_INCREMENT,
  `item_name` varchar(30) CHARACTER SET utf8mb4 COLLATE utf8mb4_unicode_ci NOT NULL,
  `item_en_name` varchar(100) CHARACTER SET utf8mb4 COLLATE utf8mb4_unicode_ci NOT NULL,
  `item_kind` int DEFAULT NULL,
  `item_info` text COLLATE utf8mb4_unicode_ci NOT NULL,
  `item_price` int DEFAULT NULL,
  `item_stock` int NOT NULL,
  `item_picture` varchar(255) CHARACTER SET utf8mb4 COLLATE utf8mb4_unicode_ci NOT NULL,
  `plant_seq` bigint DEFAULT NULL,
  `view_count` int NOT NULL DEFAULT '0',
  PRIMARY KEY (`item_seq`),
  KEY `FKtqusmjsr7pp5uf0s1vmc0hiwt` (`plant_seq`),
  CONSTRAINT `FKtqusmjsr7pp5uf0s1vmc0hiwt` FOREIGN KEY (`plant_seq`) REFERENCES `plant` (`plant_seq`)
) ENGINE=InnoDB DEFAULT CHARSET=utf8mb4 COLLATE=utf8mb4_unicode_ci;

-- 테이블 데이터 ddokbun.item:~121 rows (대략적) 내보내기
REPLACE INTO `item` (`item_seq`, `item_name`, `item_en_name`, `item_kind`, `item_info`, `item_price`, `item_stock`, `item_picture`, `plant_seq`, `view_count`) VALUES
	(388, '스투키', 'Sansevieria cylindrica', 1, '건조하고 따뜻한 아프리카에서 온 스투키는 강한 생명력을 가지고있어 식물을 처음 키우는 초보자들에게 많이 추천하는 식물이에요. 사실 ‘스투키’라는 식물은 우리가 키우는 스투키와는 다른 식물이에요. 국내에서 유통되는 스투키의 대부분은 ‘실린드리카’라는 식물이랍니다. 스투키와 비슷하게 생겼지만 성장 속도가 빨라서 성장 속도가 느린 스투키 대신 유통되고 있어요. 밤에 산소를 내뿜어 침실에 적합한 식물로 인기가 좋지만, 독성이 있어서 반려동물과 어린아이가 먹지 않도록 조심해야 합니다.', 10000, 20, 'https://ddokbun.com/api/resources/s3?plantSeq=1', 1, 1),
	(389, '개운죽', 'Dracaena sanderiana \'Virens\'', 1, '개운죽을 키우면 집에 대나무를 심어놓은 기분이 나요. 줄기에 대나무에서 볼 수 있는 마디들이 있어요. 줄기 옆에서는 길쭉하고 푸른 잎이 나서 수려해요. 식물 초보가 키우기에도 쉽고, 어디에 둬도 독특한 느낌을 내어주는 아이라 인기가 많아요.', 10000, 20, 'https://ddokbun.com/api/resources/s3?plantSeq=2', 2, 0),
	(390, '골드크레스트 \'율마\'', 'Cupressus macrocarpa \'Wilma\'', 1, '세상에서 가장 귀여운 나무 한 그루라고 하면 율마일 거예요. 초록 레몬색의 잎에서 정말 레몬 향이 나요. 크리스마스 트리 모양의 수형이나 동그란 모양의 토피어리 수형 모두 예쁜 아이예요. 보통 식물들의 잎과 다르게 율마의 잎은 침엽수예요. 침엽수는 빛과 물을 좋아하면서도, 뽀송뽀송한 흙 상태를 좋아해서 통풍도 잘 챙겨줘야 해요. 그래서 키우기가 생각보다 까다롭지만 그래도 도전 해보길 추천해요.', 90000, 20, 'https://ddokbun.com/api/resources/s3?plantSeq=3', 3, 1),
	(391, '베고니아', 'Begonia spp.', 1, '초록 잎에 은빛 물방울, 붉은 잎에 초록 잎맥 등 2,000여개가 넘는 다양한 품종을 자랑하는 베고니아에요. 서로 다른 베고니아들의 잎 패턴을 보고 있으면 자연의 다양성과 신비가 느껴져요. 함부로 집에 들였다간 개미지옥에 빠지듯 세상의 모든 베고니아를 모으고 싶어질 거예요.', 50000, 20, 'https://ddokbun.com/api/resources/s3?plantSeq=4', 4, 0),
	(392, '관음죽', 'Rhapis excelsa', 1, '손가락을 쫙 펴듯 길쭉하고 넓게 펼쳐지는 잎이 독특한 분위기를 만들어주는 아이예요. 잎 모양은 난초처럼 길쭉해 동양적인 느낌을 주는데, 수형은 야자나무의 길쭉함을 가지고 있어서 이국적이기도 해요. 관음죽은 음지에서도 잘 크는 아이예요. 빛이 좀 부족한 반지층, 원룸, 화장실, 부억에도 초록 인테리어를 하고 싶다면 관음죽이 해결해 줄 거예요.', 70000, 20, 'https://ddokbun.com/api/resources/s3?plantSeq=5', 5, 0),
	(393, '로즈제라늄', 'Pelargonium rosium', 1, '로즈제라늄은 장미 향을 닮은 독특한 향을 내는 보드라운 잎을 가진 펠라고늄의 한 종류예요. 모기가 싫어하는 향을 낸다고 해서 \'구문초\'라고도 불려요. 보라색~ 분홍색의 제비꽃을 닮은 귀여운 꽃이 피어난답니다. 잎이 자주 마르지만 그만큼 자주 새 잎이 올라와요.', 50000, 20, 'https://ddokbun.com/api/resources/s3?plantSeq=6', 6, 1),
	(394, '군자란', 'Clivia miniata', 1, '이 아이는 뭉퉁하고 긴 잎을 내요. 그 중앙으로 길게 꽃대를 올리는데, 주황빛과 붉은 빛이 도는 꽃잎이 환상적인 색감을 표현해요. 처음부터 꽃을 피운 아이를 데려오면 키우기 좋아요. 매년 꽃을 볼 수 있어요.', 10000, 20, 'https://ddokbun.com/api/resources/s3?plantSeq=7', 7, 1),
	(395, '금목서', 'Osmanthus fragrans', 1, '가을에 작고 사랑스러운 주황색 꽃을 피우는 금목서는 달콤한 향기가 만리 너머까지 퍼진다고 해서 만리향이라고도 불려요. 추위에 약해 따뜻한 지역에서밖에 키울 수 없지만, 화분에 심어서 실내에서 관리해준다면 다양한 곳에서 향기로운 금목서 향을 즐길 수 있을 거예요.', 70000, 20, 'https://ddokbun.com/api/resources/s3?plantSeq=8', 8, 0),
	(396, '금사철나무', 'Euonymus japonica', 1, '사시사철 금빛의 잎을 볼 수 있는 식물로 빛이 충분한 환경에서 잎이 금빛으로 변한다고 해요.', 40000, 20, 'https://ddokbun.com/api/resources/s3?plantSeq=9', 9, 0),
	(397, '금전수', 'Zamioculcas zamiifolia ', 1, '일명 돈나무라 불리는 금전수! 잎이 동전을 줄줄이 엮어둔 모습으로 생겨서 붙은 이름이라고 해요. 새로운 일을 시작하는 친구에게 선물하기에 너무 좋아요. 금전수가 인기 많은 또 하나의 이유는 폭풍 성장력이에요. 물만 한 번씩 챙겨주면 알아서 잘 크거든요! 식물킬러인 나에게도 선물하기 좋은 아이에요.', 10000, 20, 'https://ddokbun.com/api/resources/s3?plantSeq=10', 10, 0),
	(398, '나도풍란', 'Aerides japonica', 1, '나도풍란은 난과 중에서도 꽃이 아름답기로 유명한데 대엽풍란이라는 이름으로 흔히 볼 수 있어요. 하지만, 이는 수입종이며 우리나라에서 멸종위기를 겪고 있는 식물이에요.', 30000, 20, 'https://ddokbun.com/api/resources/s3?plantSeq=11', 11, 0),
	(399, '나한송', 'Podocarpus macrophyllus', 1, '가느다란 줄기와 사시사철 푸르른 초록 잎이 매력적인 나한송은 큰 관리가 필요하지 않은 순둥함으로 많은 인기를 얻고 있어요. 수경으로도 잘 자라요.', 40000, 20, 'https://ddokbun.com/api/resources/s3?plantSeq=12', 12, 0),
	(400, '남천', 'Nandina domestica', 1, '가을철에 빨갛게 단풍이 드는 남천나무는 대표적인 조경 식물로 꼽혀요. 동양미가 느껴지는 가느다란 가지가 아름다워높은 인기를 누리고 있답니다. 월동도 가능해 어디서든 잘 자라요.  새빨갛고 동글동글한 열매는 약으로도 쓰이지만, 가지와 잎, 생 열매는 독이 있으니 주의가 필요해요.', 30000, 20, 'https://ddokbun.com/api/resources/s3?plantSeq=13', 13, 0),
	(401, '녹영', 'Senecio rowleyanus', 1, '녹영은 동글동글 완두콩 모양의 작은 잎들이 탐스럽게 달려있는 아이에요. 그래서 콩란, 방울 선인장이라는 별명을 가지고있어요. 콩란이라는 이름때문에 난 종류로 혼동하는 경우가 있지만, 선인장 다육식물이에요. 초가을에서 이듬해 봄 사이에 꽃대 끝에 흰색이나 자홍색의 작은 꽃을 피워요. 길게 늘어져 자라기 때문에 행잉 화분에 심어 인테리어 소품으로 많이 활용돼요.', 10000, 20, 'https://ddokbun.com/api/resources/s3?plantSeq=14', 14, 0),
	(402, '봉선화', 'Impatiens hybrid \'New Guinea\'', 1, '아프리카 봉선화라고도 불리는 임파첸스는 잘 자라며 키우기가 쉬워 조경, 관상용으로 많이 쓰이고 있어요.', 60000, 20, 'https://ddokbun.com/api/resources/s3?plantSeq=15', 15, 0),
	(403, '대만고무나무', 'Ficus retusa', 1, '주로 분재 형태로 많이 키우는 가지마루는 대만고무나무의 모양을 고정시켜 만들어요. 개체마다 잎과 형태가 각각 달라 키우는 재미가 있어요. ', 50000, 20, 'https://ddokbun.com/api/resources/s3?plantSeq=16', 16, 1),
	(404, '더피고사리', 'Nephrolepis cordifolia \'Duffii\'', 1, '더피 고사리는 아카시아잎을 작게 만든 것처럼 동그란 잎이 가지를 따라 촘촘히 나는 아이예요. 작은 화분에 있을 때 엄청 귀여워요. 특히 빛이 많지 않은 곳에서도 잘 자라기 때문에 좁은 공간, 빛이 부족한 공간에 두면 좋아요. 실내의 공기정화와 습도조절을 위하여 많이 사랑받고 있어요.', 50000, 20, 'https://ddokbun.com/api/resources/s3?plantSeq=17', 17, 0),
	(405, '덕구리난', 'Beaucarnea recurvata (Nolina tuberculata)', 1, '입구가 좁은 항아리처럼 생긴 덕구리난은 줄기 밑둥에 물을 저장한 모습이 술병처럼 생겼다고 해서 붙여진 이름이예요.', 80000, 20, 'https://ddokbun.com/api/resources/s3?plantSeq=18', 18, 1),
	(406, '동백', 'Camellia japonica', 1, '겨울의 대표적인 꽃, 동백은 꽃잎에 빛이 들면 어느 방향에서 봐도 예뻐요. 카페, 거실 어디든 한 순간에 공간의 분위기를 바꿔줘요. 꽃이 시들 때 꽃잎이 채 시들기도 전에 똑 떨어지는 것이 특징이예요. 동백이 많은 곳 주변에는 온 사방에 꽃봉오리가 떨어져 있어 꽃의 융단 같은 느낌이 든답니다.', 50000, 20, 'https://ddokbun.com/api/resources/s3?plantSeq=19', 19, 0),
	(407, '둥근잎 아랄리아', 'Polyscias balfouriana', 1, '아랄리아는 원산지에서 8m, 화분에서 150cm까지 자라는 대형식물로 실내에서 키우기 좋은 아이에요. 초록빛 톱니 모양의 잎이 싱그러운 분위기를 연출해줘서 인테리어 소품으로도 많이 활용한다고해요. 단풍과 닮은 뾰족한 잎이 날카로워보일 수 있지만 이국적인 분위기를 자아내요.', 20000, 20, 'https://ddokbun.com/api/resources/s3?plantSeq=20', 20, 0),
	(408, '드라세나  \'송오브자마이카\'', 'Dracaena reflexa \'Song of Jamaica\'', 1, '드라세나 송 오브 자메이카는 길게 쭉쭉 자라나는 줄기가 이리저리 얽혀 풍성하게 자라요. 이국적인 매력을 가진 식물이예요.', 10000, 20, 'https://ddokbun.com/api/resources/s3?plantSeq=21', 21, 0),
	(409, '드라세나  \'와네끼\'', 'Dracaena deremensis \'Warneckii\'', 1, '길쭉길쭉한 초록 잎 위에 흰색,노란색 선이 들어간 드라세나 와네키는 튼튼한 줄기가 길쭉길쭉하게 자라요. 위로 길게 자라는 식물을 좋아하는 가드너라면 꼭 추천하는 식물이예요.', 20000, 20, 'https://ddokbun.com/api/resources/s3?plantSeq=22', 22, 0),
	(410, '드라세나 \'송오브인디아\'', 'Dracaena reflexa \'Song of India\'', 1, '번영과 영광\'이라는 꽃말이 있는 드라세나 송오브인디아는 노란 바탕에 초록 무늬가 들어간 긴 잎이 시원시원한 느낌을 줘요. 이국적인 느낌을 내고싶다면 꼭 추천하는 식물 중 하나예요.', 70000, 20, 'https://ddokbun.com/api/resources/s3?plantSeq=23', 23, 1),
	(411, '드라세나 \'콤팩타\'', 'Dracaena deremensis \'Virens Compacta\'', 1, '드라세나 콤팩타는 1800년대 유럽에서 처음으로 인기를 끌었던 아이에요. 콤팩타라는 단어에서 유추할 수 있듯이 옥수수자루처럼 넓은 잎이 촘촘하게, 겹겹으로 자라나있어요. 가정에서 키우기 쉽고, 포름알데히드 제거에 탁월한 효과가 있어서 집들이 선물이나 개업 선물로도 좋아요.', 50000, 20, 'https://ddokbun.com/api/resources/s3?plantSeq=24', 24, 1),
	(412, '드라세나 드라코', 'Dracaena draco', 1, '드라세나 드라코는 목대에서 뻗어나오는 가늘고 긴 잎들이 멋진 식물로 공기정화효과가 뛰어나고 관리가 쉬워 실내에서 키우기 좋은 식물이에요.', 80000, 20, 'https://ddokbun.com/api/resources/s3?plantSeq=25', 25, 0),
	(413, '드라세나 마지나타', 'Dracaena marginata', 1, '가느다랗고 긴 줄기 끝에서 얇고 긴 잎들이 퍼져나오듯 자라는 드라세나 마지나타는 빛이 들어오는 방향으로 줄기를 뻗는 습성이 있어 화분을 돌려가며 키우면 감각적인 수형을 만들 수 있어요. 많은 관리가 필요하지 않아 바쁜 가드너들도 키울 수 있는 식물이예요.', 70000, 20, 'https://ddokbun.com/api/resources/s3?plantSeq=26', 26, 0),
	(414, '디펜바키아 \'마리안느\'', 'Dieffenbachia \'Marianne\'', 1, '디벤바키아 마리안느는 넓은 잎과 연녹색의 무늬가 특징인 식물이에요. 실내의 포름알데히드 제거 등 공기정화효과가 뛰어난 식물로도 알려져 있어요.', 70000, 20, 'https://ddokbun.com/api/resources/s3?plantSeq=27', 27, 0),
	(415, '디펜바키아 \'트로픽스노우\'', 'Dieffenbachia amoena \'Tropic snow\'', 1, '가운데 하얗게 퍼지는 흰색 무늬가 매력적인 디펜바키아 트로픽스노우는 크고 넓게 나는 잎이 이국적인 느낌을 줘요.', 20000, 20, 'https://ddokbun.com/api/resources/s3?plantSeq=28', 28, 0),
	(416, '떡갈잎 고무나무', 'Ficus lyrata', 1, '잎이 풍성하면서도 굵은 나뭇가지에 달려있어 힘이 느껴지는 아이예요. 진한 녹색에 윤기도 흐르는 잎을 가지고 있어서 실내에 두면 분위기가 한 번에 초록초록 싱그러워져요. 잎 크기도 상당해서 어느 곳에 둬도 존재감이 느껴져요. 그래서 아파트 거실, 카페, 레스토랑처럼 비교적 큰 공간에서 더욱 사랑을 받고 있어요.', 80000, 20, 'https://ddokbun.com/api/resources/s3?plantSeq=29', 29, 0),
	(417, '러브체인', 'Ceropegia woodii', 1, '하트모양의 잎이 줄기를 따라 마주보면서 자라나는 러브체인은 덩굴형태로 자라나는 식물이에요. 식물로 공간을 예쁘게 연출한다면 필수인 아이예요. 잎이 통통하고 하트모양이라 만져보면 정말 귀여워요. 줄기마다 뿌리를 가지고 있어 하나의 화분을 들이고 난 뒤 여러개로 나누어 키우는 식집사도 많아요.', 40000, 20, 'https://ddokbun.com/api/resources/s3?plantSeq=30', 30, 0),
	(418, '마삭줄', 'Trachelospermum asiaticum', 1, '흰색, 핑크색, 초록색, 붉은색의 조화를 한 화분에서 감상할 수 있는 아이예요. 가을에는 붉게 단풍도 든답니다.', 90000, 20, 'https://ddokbun.com/api/resources/s3?plantSeq=31', 31, 1),
	(419, '만데빌라', 'Mandevilla sanderi', 1, '나팔꽃 모양의 꽃이 매력적인 만데빌라는 브라질 자스민이라는 별명이 있어요. 자스민처럼 향기로운 향을 풍겨요. 길게 자라는 덩굴식물로 행잉 바스켓 등에 넣어 키우면 멋지게 연출할 수 있어요.', 20000, 20, 'https://ddokbun.com/api/resources/s3?plantSeq=32', 32, 0),
	(420, '멕시코소철', 'Zamia pumila', 1, '다른 소철보다 넓고 둥근 잎을 가진 멕시코소철은 열대 아메리카에서 온 관엽식물이예요. 성장속도는 느리지만, 그만큼 오래오래 푸른 빛을 보여줘요. ', 30000, 20, 'https://ddokbun.com/api/resources/s3?plantSeq=33', 33, 0),
	(421, '멜라니 고무나무', 'Ficus elastica \'Robusta\'', 1, '멜라니 고무나무는 식물계의 미니멀리스트 같아요. 인도고무나무와 비슷한 모습을 가지고 있지만 붉은 기가 도는 입맥, 그리고 더 어두운 초록색의 잎을 펼쳐요. 이 아이는 작은 키일 때 귀여워요. 공기정화효과가 뛰어나고 대부분 실내환경에서 키우기 좋아 인기가 많아요.', 40000, 20, 'https://ddokbun.com/api/resources/s3?plantSeq=34', 34, 0),
	(422, '몬스테라 델리시오사', 'Monstera deliciosa', 1, '플랜테리어의 대표적인 식물이에요. 잎 사이가 찢어진 모습, 구멍이 난 이국적인 모습과 함께 잎의 크기가 압도적이라 실내 분위기를 한번에 바꿔줘요. 열대 아프리카, 멕시코에서 온 몬스테라는 어느정도 건조하거나 과하게 습해도 잘 살아남는 생명력을 자랑해요.', 10000, 20, 'https://ddokbun.com/api/resources/s3?plantSeq=35', 35, 0),
	(423, '무늬 벤자민 고무나무', 'Ficus benjamina \'Variegata\'', 1, '무늬 바로크 벤자민은 고무나무 종류로, 건조와 여름 더위에 강하기 때문에 집에서 키우기 쉬운 아이 중 하나예요. 머리에 헤어롤을 말아놓은 것처럼 안쪽으로 말린 잎과 아이보리색 무늬가 무척 매력적이에요. 햇빛을 잘 쬐어줘야 더욱 예쁜 무늬를 가질 수 있으니 햇빛이 잘 드는 창가에서 키우는 것을 추천드려요.', 30000, 20, 'https://ddokbun.com/api/resources/s3?plantSeq=36', 36, 0),
	(424, '무늬산호수', 'Ardisia pusilla \'Variegata\'', 1, '종이같은 독특한 질감과 아름다운 무늬를 가진 무늬산호수예요. 어느 장소라도 잘 어울리는 자연스러운 매력을 가지고 있어요.', 30000, 20, 'https://ddokbun.com/api/resources/s3?plantSeq=37', 37, 0),
	(425, '무늬유카', 'Yucca elephantipes \'Variegata\'', 1, '가느다란 유카 잎에 노란색,분홍색 무늬가 있는 실유카의 무늬종이예요. 따뜻한 지역에서는 월동할 수 있어 조경용으로 많이 심어요.', 70000, 20, 'https://ddokbun.com/api/resources/s3?plantSeq=38', 38, 1),
	(426, '무늬접란', 'Chlorophytum comosum var. variegatum', 1, '시원시원한 긴 잎에 흰 무늬가 매력적인 나비란은 실내에서도 무난히 잘 자라는 식물이예요. 길게 뻗어나온 줄기 끝에 런너(새끼화초)를 만들어 번식해요. 작고 귀여운 흰색 꽃도 피워내요.', 90000, 20, 'https://ddokbun.com/api/resources/s3?plantSeq=39', 39, 0),
	(427, '무늬털머위', 'Farfugium japonicum \'Argenteum\'', 1, '동그랗고 넓적한 잎 가장자리에 흰 무늬가 매력적인 흰무늬털머위는 일반적인 털머위의 변이종으로 태어난 식물이예요. 우리가 아는 그 머위가 맞나? 싶을 정도로 감각적이고 아름다운 흰무늬털머위는 머위를 좋아하는 식물집사라면 놓칠 수 없는 식물이랍니다. 물이 모자라면 바로 잎이 축 늘어지며 신호를 주는, 키우기 쉬운 식물이기도 해요.', 20000, 20, 'https://ddokbun.com/api/resources/s3?plantSeq=40', 40, 0),
	(428, '트리안', 'Muehlenbeckia complexa', 1, '트리안은 가느다란 가지에 나는 동글동글한 잎이 매력적인 다년생 식물이예요. 동그랗게 뭉친 덤불처럼 자라나는 트리안은 예쁜 바구니에 담아 행잉플랜트로 많이 키운답니다. 아주 작고 여린 투명한 흰 꽃이 피어나요. 허전한 공간을 채우고 싶다면, 트리안 어떠세요?', 80000, 20, 'https://ddokbun.com/api/resources/s3?plantSeq=41', 41, 0),
	(429, '바위취', 'Saxifraga stolonifera', 1, '분홍빛이 도는 잎이 오밀조밀 모여 피어나는 무늬바위취는 키우기 쉽고 어디서든 잘 자라는편이예요. ', 10000, 20, 'https://ddokbun.com/api/resources/s3?plantSeq=42', 42, 0),
	(430, '박쥐란', 'Platycerium bifurcatum', 1, '박쥐란은 플랜테리어의 끝을 보여주는 아이예요. 원래는 나무에 붙어서 자라는 착생식물이예요. 그래서 박쥐란을 검색해보면 나무에 박쥐란이 붙어 있는 모습을 쉽게 볼 수 있어요. 진한 녹색의 잎은 아래로 처지는 경향이 있어요. 그래서 유목에 박쥐란을 뿌리내리게 하고, 그 유목을 끈으로 천장, 행거에 걸어 행잉 플랜트로 걸어두면 실내가 정글 느낌으로 한 순간에 바뀌어 버려요.', 10000, 20, 'https://ddokbun.com/api/resources/s3?plantSeq=43', 43, 0),
	(432, '백량금', 'Ardisia crenata', 1, '정식 명칭은 백냥금으로 겨울에 빨간 열매가 많이 열리는 식물이예요. 따뜻한 지역에서 잘 자라지만 비교적 추위에도 강하기 때문에 남부지방이라면 베란다에서 월동도 가능해요.', 40000, 20, 'https://ddokbun.com/api/resources/s3?plantSeq=45', 45, 0),
	(433, '백정화', 'Serissa foetida', 1, '별처럼 작고 귀여운 흰색~분홍색의 꽃을피우는 단정화는 봄과 여름에 작은 기쁨을 주는 꽃이예요. \'당신을 버리지 않겠습니다\'라는 꽃말을 가지고 있어요.', 20000, 20, 'https://ddokbun.com/api/resources/s3?plantSeq=46', 46, 0),
	(434, '백화등', 'Trachelospermum asiaticum var. majus', 1, '백화등은 5~6월에 바람개비 모양의 꽃이 개화하는 식물로 자스민 향이 강하게 나요.', 30000, 20, 'https://ddokbun.com/api/resources/s3?plantSeq=47', 47, 0),
	(435, '벤자민고무나무', 'Ficus benjamina', 1, '벤자민 고무나무는 두 가지 매력을 가지고 있어요. 작은 아이일 땐 아이보리와 초록이 섞인 잎무늬를 보는 재미가 있는데, 크게 성장했을 땐 잎 보다도 한 그루의 나무가 보여주는 형태에서 위엄을 느껴요 잎을 보면 줄을 그어 놓은 듯 한 잎맥 패턴이 보여요. 또 아이보리와 연노란색의 무늬가 가장자리를 감싸며 잎 중앙으로 들어와요. 잎 관찰을 좋아하는 사람이라면 벤자민 고무나무를 사랑할 수 밖에 없어요.', 90000, 20, 'https://ddokbun.com/api/resources/s3?plantSeq=48', 48, 0),
	(436, '뱅갈고무나무', 'Ficus benghalensis', 1, '싱그러운 잎이 매력적인 뱅갈고무나무는 다양한 매장이나 카페 등의 플랜테리어 식물로 많은 사랑을 받고 있어요. 실내에서도 잘 자라 처음 식물을 키운다면 추천하는 식물이예요. ', 100000, 20, 'https://ddokbun.com/api/resources/s3?plantSeq=49', 49, 0),
	(437, '병솔나무', 'Callistemon spp.', 1, '봄과 초여름에 피어나는 꽃이 병을 닦는 솔처럼 생겼다고 해서 병솔나무라는 이름이 붙었어요. ', 90000, 20, 'https://ddokbun.com/api/resources/s3?plantSeq=50', 50, 0),
	(438, '보스턴 고사리', 'Nephrolepis exaltata \'Bostoniensis\'', 1, '실내에서 풍성한 수풀 느낌을 내고싶다, 하면 단연 보스턴 고사리를 추천해요. 행잉으로 공중에 걸어두면 아래로 후두둑 흘러내릴 듯 한 모습을 보여줘요. 식물로 공간을 연출할 때 없어서는 안 될 친구예요. 보스턴 고사리는 습지가 고향이에요. 그래서 물을 자주 주고, 분무도 자주 해주면 좋아요. 보스턴 고사리는 관리하기 까다롭긴 하지만 실내 습도를 잘 올려주는 고마운 아이예요.', 80000, 20, 'https://ddokbun.com/api/resources/s3?plantSeq=51', 51, 0),
	(439, '프테리스 고사리', 'Pteris multifida', 1, '갈대처럼 길고 하늘하늘한 잎을 가진 푸테리스 고사리는 실내에서 키우기에 더할나위없는 식물 중 하나예요. ', 100000, 20, 'https://ddokbun.com/api/resources/s3?plantSeq=52', 52, 0),
	(440, '부겐빌레아', 'Bougainvillea glabra', 1, '종이꽃\'이라는 별명을 가진 부겐빌레아는 독특한 질감의 포엽과 아주 작은 꽃이 피어나요. 분홍, 흰색, 주황색 등 다양한 색이 있어요. ', 40000, 20, 'https://ddokbun.com/api/resources/s3?plantSeq=53', 53, 0),
	(441, '브룬펠시아', 'Brunfelsia australis Bench', 1, '보랏빛과 흰색의 꽃이 한데 모아 피어나는 브룬펠시아 자스민은 사실 보라색 꽃잎이 점점 흰색으로 변하는 식물이예요. 자스민과의 식물은 아니지만 꽃의 향기가 진하고 향기로워서 자스민이라고 불려요. ', 80000, 20, 'https://ddokbun.com/api/resources/s3?plantSeq=54', 54, 0),
	(442, '산세베리아', 'Sansevieria trifasciata', 1, '산세베리아는 혼자서 잘 크는 식물이에요. 그늘에서도 잘 살고, 물이 부족해도 잘 견뎌주는 아이예요. 무늬가 있는 아이들과 없는 아이까지 다양한 산세베리아가 있어요. 독특한건 밤에 이산화탄소를 흡수하고 산소를 방출한다는 점이에요. 침실에 두면 우리가 잠든 내내 신선한 공기를 만들어줄 고마운 친구예요.', 10000, 20, 'https://ddokbun.com/api/resources/s3?plantSeq=55', 55, 0),
	(443, '산세베리아 \'골든 하니\'', 'Sansevieria trifasciata ‘Golden Hahnii’', 1, '가장자리의 금빛의 무늬가 들어간 산세베리아 골든 하니는 실내에서 쉽게 키울 수 있는 식물이예요.', 80000, 20, 'https://ddokbun.com/api/resources/s3?plantSeq=56', 56, 0),
	(444, '산호수', 'Ardisia pusilla', 1, '열매가 마치 적색산호의 빛깔과 닮아 산호수라는 이름이 붙었다고고 해요. 산호수는 톱니 모양의 윤기있는 잎과 인상적인 붉은 열매를 가진 식물이에요. 관리만 잘해준다면 열매를 오래 감상할 수 있어요. 잎,열매, 꽃 어느것 하나 빠짐없이 매력적인 아이여서 분명 반하실거예요. 키우기 쉬운 편이라 식물 초보분들께 추천드려요.', 10000, 20, 'https://ddokbun.com/api/resources/s3?plantSeq=57', 57, 0),
	(445, '후마타 고사리', 'Humata tyermannii (Davallia griffithiana)', 1, '후마타고사리는 털이 있는 뿌리줄기를 내는 것이 특징으로 다른 고사리보다 조금 더 건조한 환경에서도 잘 자라나는 식물이에요.', 90000, 20, 'https://ddokbun.com/api/resources/s3?plantSeq=58', 58, 0),
	(446, '세네시오 라디칸스', 'Senecio radicans', 1, '휘어진 잎이 돌고래를 닮아 돌고래 다육이라는 별명이 있어요. ', 10000, 20, 'https://ddokbun.com/api/resources/s3?plantSeq=59', 59, 0),
	(447, '셀라지넬라', 'Selaginella', 1, '미모사를 닮은 섬세한 잎이 특징인 셀라지넬라 운시나타는 비바리움이나 테라리움에 널리 사용되는 식물이예요. 번식력이 강하고 적은 광량에도 잘 자라요.', 80000, 20, 'https://ddokbun.com/api/resources/s3?plantSeq=60', 60, 0),
	(448, '소철', 'Cycas revoluta', 1, '공룡이 살던 시대부터 지금까지 같은 모습을 하고 있는 아이예요. 식물계의 살아있는 화석인 거죠. 소철은 동그랗게 올라온 뿌리에서 길쭉한 잎을 펼쳐내요. 야자수처럼 활짝 펼쳐내는 잎이 아름다워서 작은 크기의 공간에서 소품을 키워도 존재감이 엄청나요.', 10000, 20, 'https://ddokbun.com/api/resources/s3?plantSeq=61', 61, 0),
	(449, '소피아 고무나무', 'Ficus elastica \'Sofia\'', 1, '인도 고무나무를 개량한 품종인 소피아 고무나무는 고무나무의 대명사로 통하고 있으며 다른 고무나무 종류보다 잎이 넓고 큰 것이 특징이에요.', 90000, 20, 'https://ddokbun.com/api/resources/s3?plantSeq=62', 62, 0),
	(450, '솔레이롤리아', 'Soleirolia soleirolii', 1, '아주 작고 오밀조밀한 잎이 사랑스러운 천사의눈물은 쐐기풀과에 속하는 식물이예요. 외국에서는 baby\'s tears이라고 불려요.', 20000, 20, 'https://ddokbun.com/api/resources/s3?plantSeq=63', 63, 0),
	(451, '수박페페로미아', 'Peperomia sandersii', 1, '동글동글한 잎을 자세히 보면 수박 껍질같은 무늬를 가지고 있어요. 그래서 수박페페라는 이름이 붙었어요. 귀여운 식물을 좋아하는 식집사라면 수박페페를 꼭 들이곤 해요. 줄기들이 서로 가까이 붙어 잎을 내기 때문에 낮은 높이에서 다글다글 잎이 나요. 그래서 낮은 높이의 화분에 이 아이를 심어주면 잘 어울려요.', 90000, 20, 'https://ddokbun.com/api/resources/s3?plantSeq=64', 64, 0),
	(452, '수박필레아', 'Pilea cadierei', 1, '길쭉한 타원형 잎에 은펄이 자르르 도는 무늬가 있는 수박필레아는 키우기 쉬워 초보들에게도 추천하는 식물이예요. ', 30000, 20, 'https://ddokbun.com/api/resources/s3?plantSeq=65', 65, 0),
	(453, '수염 틸란드시아', 'Tillandsia usneoides', 1, '은빛이 도는 굵은 실 잎이 매력적이에요. 큰 웨이브를 준 듯 아름다운 곡선을 보여줘요. 중력 방향대로 늘어지며 자라기 때문에 공중에 걸어놓고 키우는 대표적인 플랜테리어 식물이에요. 공중의 습도, 먼지를 먹고 산소를 뿜어주는 고마운 아이예요. 분무기로 물만 한 번씩 뿌려주면 계속 성장하니 눈에 띄는 곳에 걸어두면 키우기도 쉬워요.', 100000, 20, 'https://ddokbun.com/api/resources/s3?plantSeq=66', 66, 0),
	(454, '숙근이베리스', ' Iberis sempervirens', 1, '토끼 귀 같은 꽃잎이 둥글게 모여 피어나는 이메리스는 여러 해에 걸쳐 꽃을 볼 수 있는 다년생 숙근식물이예요. 주로 유럽 남부에서 관상용으로 많이 재배하고 있어요.', 80000, 20, 'https://ddokbun.com/api/resources/s3?plantSeq=67', 67, 0),
	(455, '홍콩야자 (쉐프렐라 홍콩)', 'Schefflera arboricola', 1, '잎이 우산을 펴놓은 듯한 모양의 홍콩야자는 사실 야자수가 아니라 두릅나무과랍니다. 잎이 하나씩 나는 것이 아니라 우산 펴지듯 한번에 여러장이 나는 모습이 더욱 매력적인 친구예요. 집에 들이고 며칠만 지나면 금방 적응해요. 알아서 잘 크고, 성장하는 모습이 눈에 쉽게 보이기 때문에 키우는 재미가 좋아 인기가 많아요.', 20000, 20, 'https://ddokbun.com/api/resources/s3?plantSeq=68', 68, 0),
	(456, '스킨답서스', 'Epipremnum aureum', 1, '카페, 식당, 사무실 등 주변에서 쉽게 볼 수 있는 식물이에요. 어디서나 보인다는 것은 어떤 환경에서도 쉽게 키울 수 있다는 뜻이죠. 엄청난 생명력을 가진데다 공기정화 능력도 좋아요. 덩굴 식물이기 때문에 쭉 늘어지는 모양을 가지고 있어요. 초록빛이 가득한 공간을 만들고 싶다면 스킨답서스는 필수예요.', 80000, 20, 'https://ddokbun.com/api/resources/s3?plantSeq=69', 69, 0),
	(457, '스파티필룸', 'Spathiphyllum wallisii', 1, '식물 킬러라면 스파티필름을 키워 보세요. 자신감을 회복할 수 있어요. 이 아이는 푸르고 싱싱한 잎을 잘 내어주면서 하얀 꽃도 피우는 재미를 덤으로 줘요. 공기 정화에 탁월한 능력을 가지고 있고 관리가 쉽고 예쁜 모양을 갖고 있어 가장 인기 많은 반려식물 중 하나에요.', 100000, 20, 'https://ddokbun.com/api/resources/s3?plantSeq=70', 70, 0),
	(458, '시클라멘', 'Cyclamen persicum', 1, '시클라멘은 대표적인 겨울화초로 11월부터 3월까지 겨울 내내 아름다운 꽃을 피우는 식물입니다. 공기정화효과도 좋아 더욱 인기가 많습니다.', 60000, 20, 'https://ddokbun.com/api/resources/s3?plantSeq=71', 71, 0),
	(459, '싱고니움', 'Syngonium podophyllum', 1, '싱고니움은 잎이 작을 땐 가늘고 긴 화살촉 모양이었다가 성장하고 나면 방패같은 모습을 보여줘요. 단순한 무늬, 반반 무늬, 화려한 무늬, 고스트 까지 다양한 형태의 무늬를 가지고 있어요. 이 아이는 색깔도 정말 다양해요. 핑크, 옐로우, 아이보리, 레드 등 다양한 색의 스펙트럼이 잎 위에 펼쳐지는데, 콜렉터라면 사랑할 수 밖에 없는 친구예요.', 50000, 20, 'https://ddokbun.com/api/resources/s3?plantSeq=72', 72, 0),
	(461, '아데니움', 'Adenium obesum', 1, '흔히 \'사막의 장미\'라고 많이 불리는 아데니움,석화는 바오밥나무처럼 단단한 줄기에서 길쭉한 초록 잎이 나요. 선명한 분홍빛의 아름다운 꽃을 피워내서 많은 사랑을 받고 있어요. ', 70000, 20, 'https://ddokbun.com/api/resources/s3?plantSeq=74', 74, 0),
	(462, '아디안텀', 'Adiantum raddianum', 1, '고사리류 중 가장 인기 많은 아이예요. 아디안텀 고사리는 작고 귀여운 잎을 촘촘히 내요. 잎이 가볍고 풍부해서 바람이 조금만 불어도 풍부한 자연을 느낄 수 있어요. 자주 찾는 공간에 두면 눈에 띌 때마다 웃음이 나요.', 60000, 20, 'https://ddokbun.com/api/resources/s3?plantSeq=75', 75, 1),
	(463, '아라우카리아', 'Araucaria heterophylla', 1, '호주의 크리스마스 트리, 아라우카리아는 뾰족하고 얇은 잎과 길고 시원시원한 줄기가 매력적인 식물이예요. 크리스마스 시즌이면 다양한 장식을 매단 아라우카리아를 만날 수 있어요. ', 30000, 20, 'https://ddokbun.com/api/resources/s3?plantSeq=76', 76, 0),
	(464, '아레카야자', 'Chrysalidocarpus lutescens', 1, '아레카야자는 아프리카 마다가스카르 열대 식물이에요. NASA 발표에 따르면 아레카야자는 가장 뛰어난 공기 정화 능력을 가진 식물이라고 해요. 키가 길쭉하고 줄기따라 잎을 촘촘히 내어주는 덕분에 울창해보이는 느낌이 멋스러운 아이에요. 수분을 많이 내뿜어 천연 가습기 역할도 해요.', 40000, 20, 'https://ddokbun.com/api/resources/s3?plantSeq=77', 77, 0),
	(465, '아마릴리스', 'Hippeastrum hybridum', 1, '쭉 뻗은 곧은 줄기와 백합을 닮은 아름답고 강렬한 꽃이 특징인 아마릴리스는 봄에 꽃을 피우는 구근식물이예요.', 10000, 20, 'https://ddokbun.com/api/resources/s3?plantSeq=78', 78, 0),
	(466, '아스파라거스 풀루모수스', 'Asparagus pulmosus var. nanus', 1, '백합과 식물인 아스파라거스 나누스는 식용 아스파라거스와는 다르게 관상용으로 개량되었어요. 가늘고 작은 잎들이 촘촘히 자라나며 반그늘에서도 잘 자라나는 식물이에요.', 20000, 20, 'https://ddokbun.com/api/resources/s3?plantSeq=79', 79, 0),
	(467, '헤데라 아이비', 'Hedera helix', 1, '사계절 푸른잎을 내는 헤데라는 내한성도 뛰어나 실내외에서 모두 키우기 좋은 식물이에요.  공기정화효과가 뛰어나고 병해충에 강하여 반려식물로 인기가 많아요. ', 100000, 20, 'https://ddokbun.com/api/resources/s3?plantSeq=80', 80, 0),
	(468, '아펠란드라', 'Aphelandra squarrosa', 1, '그림으로 그린 듯한 선명한 잎 색과 잎맥을 가진 아펠란드라예요. 어디에서든 확실한 존재감을 가지고 있어요. ', 70000, 20, 'https://ddokbun.com/api/resources/s3?plantSeq=81', 81, 0),
	(469, '아프리칸 바이올렛', 'Saintpaulia spp.', 1, '잎의 털에 물방울이 고여 있으면 곰팡이병이 생길 수 있고 진한 꽃잎에 물방울이 묻어 물방울이 데워짐으로 꽃 색이 바래질 수 있으므로, 물을 줄때 저면관수 방법이나, 흙으로만 물이 주어지도록 주의한다.', 10000, 20, 'https://ddokbun.com/api/resources/s3?plantSeq=82', 82, 1),
	(470, '안스리움 안드레아눔', 'Anthurium andraeanum', 1, '사계절 내내 핑크색, 붉은색 꽃(불염포)과 초록 잎을 동시에 볼 수 있는 매력적인 아이, 안수리움이에요. 화분 하나에서도 다양한 색을 볼 수 있어 정말 싱그러워요. 마치 꽃다발이 자라는 듯 한 인상을 받아요. 꽃도 꽃이지만 잎은 하트 모양을 하고 있어요. 잎이 작지도 않아요. 조금 비어 있는 공간에 안수리움을 두면 어떤 데코도 더이상 필요하지 않아요.', 100000, 20, 'https://ddokbun.com/api/resources/s3?plantSeq=83', 83, 0),
	(471, '알로카시아 아마조니카', 'Alocasia amazonica', 1, '알로카시아 아마조니카는 거북이의 등을 닮았다고 하여 거북 알로카시아라고 많이 불리고 있어요. 짙은 녹색의 잎에 굵고 선명한 잎맥이 두드러져요.', 50000, 20, 'https://ddokbun.com/api/resources/s3?plantSeq=84', 84, 0),
	(472, '얼룩자주달개비', 'Zebrina pendula', 1, '은빛이 도는 초록빛 잎 위에 선명한 보라색 선이 들어간 무늬가 특징인 얼룩자주달개비는 보기에도 아름답고 자라기도 잘 자라는 팔방미인같은 식물이예요.', 30000, 20, 'https://ddokbun.com/api/resources/s3?plantSeq=85', 85, 2),
	(473, '아크메아 파시아타', 'Aechmea fasciata', 1, '은은한 은빛이 도는 넓은 잎 가운데로 압도적인 위용을 가진 분홍 포엽이 피어나는 아크메아 파시아타예요. 꽃이 져도 잎만으로도 충분히 감각적인 무드를 연출할 수 있어요.', 50000, 20, 'https://ddokbun.com/api/resources/s3?plantSeq=86', 86, 0),
	(474, '여우꼬리풀', 'Acalypha reptans', 1, '붉은여우꼬리풀은 가지끝에 달리는 꽃차례의 모습이 여우 꼬리와 같은 모습을 하고 있어요.', 60000, 20, 'https://ddokbun.com/api/resources/s3?plantSeq=87', 87, 0),
	(475, '옥살리스(사랑초)', 'Oxalis triangularis', 1, '사랑초는 잎이 하트모양을 닮아 이름이 붙여졌어요. 기르기가 쉽고 햇빛을 잘 받으면 꽃을 오래 볼 수 있어 인기가 많아요.', 10000, 20, 'https://ddokbun.com/api/resources/s3?plantSeq=88', 88, 0),
	(476, '유카', 'Yucca', 1, '쭉쭉 뻗은 잎이 동그랗게 퍼져 있는 실유카는 그 잎 가운데에서 길게 쑥 튀어나오는 개성 강한 꽃으로도 유명해요. 따뜻한 지역에서는 월동 할 수 있어 조경용으로 많이 심고 있어요.', 10000, 20, 'https://ddokbun.com/api/resources/s3?plantSeq=89', 89, 0),
	(477, '익소라', 'Ixora chinensis', 1, '오밀조밀하게 피는 선명한 색의 꽃이 매력적인 식물이예요. 꽃이 오래 가 관상용으로 키우기 좋아요.', 60000, 20, 'https://ddokbun.com/api/resources/s3?plantSeq=90', 90, 0),
	(478, '인삼벤자민', 'Ficus microcarpa \'Ginseng\'', 1, '인삼을 닮은 두꺼운 뿌리가 매력적인 인삼벤자민은 분재를 좋아하는 식물집사라면 꼭 체크해둘 필요가 있는 식물이예요. 아름다운 화기에 인삼벤자민을 심고 다양한 마감재로 마무리한 모습은 마치 한 폭의 그림을 연상시켜요.', 30000, 20, 'https://ddokbun.com/api/resources/s3?plantSeq=91', 91, 0),
	(479, '자금우', 'Ardisia japonica', 1, '풍성한 초록 잎 사이로 새빨간 열매가 매력적인 아이예요. 새순을 정말 잘 내어주고 사랑스러운 핑크색 꽃도 보여줘요. 재물운을 부른다고 하여 천냥금이라고 불리고 있어요. 정말 그럴진 모르지만 미세먼지 제거와 실내 공기 정화는 제대로 책임져 준다고 해요!', 80000, 20, 'https://ddokbun.com/api/resources/s3?plantSeq=92', 92, 0),
	(481, '자주색만년초', 'Rhoeo discolor', 1, '닭의장풀과의 식물인 부자란은 자주 만년초라고도 불려요. 삼색달개비와도 비슷하게 생겼지만 마디가 짧고 잎이 더 길쭉해요. 성장이 빠르고 잎이 금방금방 올라와 키우는 재미가 있어요.', 10000, 20, 'https://ddokbun.com/api/resources/s3?plantSeq=94', 94, 0),
	(482, '제라니움', 'Pelargonium hortorum', 1, '제라늄은 다글다글한 꽃을 틔워주는 아이에요. 식탁, 방, 카페, 사무실 어디에 둬도 그 주변 분위기를 한번에 바꿔줘요. 심지어 키와 부피도 작게 차지해서 실내에 두기 더없이 좋아요. 더 놀라운건 키우기 쉽다는 점! 벌레가 거의 없어요. 제라늄의 향이 벌레를 방지하는 효과를 가지고 있거든요! 그러니 다른 식물들과도 언제나 잘 어울리는 친구에요.', 100000, 20, 'https://ddokbun.com/api/resources/s3?plantSeq=95', 95, 0),
	(483, '죽백나무', 'Podocarous nagi', 1, '대나무를 닮은 넓적한 잎이 시원시원한 죽백이예요. 키우기 쉽고 어두운 장소에서도 잘 자라 초보자에게도 추천하는 식물이예요. 수경으로 심어도 잘 자라요.', 40000, 20, 'https://ddokbun.com/api/resources/s3?plantSeq=96', 96, 0),
	(484, '줄리아 페페로미아', 'Peperomia puteolata', 1, '싱그러운 연두색 잎이 사랑스러운 줄리아페페는 아몬드페페와 매우 닮은 페페로미아 속의 식물이예요. 아몬드페페보다 잎이 크고 흰 무늬가 더 진해요. ', 20000, 20, 'https://ddokbun.com/api/resources/s3?plantSeq=97', 97, 0),
	(485, '치자나무', 'Gardenia jasminoides ', 1, '동아시아에 자생하는 치자나무는 우리나라 남부지방에서 주로 자라며 키가 비교적 작은 관목이에요. 여름에 피는 흰 꽃은 아름답고 향기가 좋아 많은 곳에서 재배되고 있어요.', 70000, 20, 'https://ddokbun.com/api/resources/s3?plantSeq=98', 98, 0),
	(486, '칼라데아 마코야나', 'Calathea makoyana', 1, '넓고 둥근 잎 가운데 나뭇가지같은 독특한 무늬가 특징인 칼라데아 마코야나예요. ', 80000, 20, 'https://ddokbun.com/api/resources/s3?plantSeq=99', 99, 0),
	(487, '칼라데아 인시그니스', 'Calathea insignis', 1, '잎 속에 가지가 있다구요? 칼라데아 인시그니스의 무늬는 꼬불꼬불한 잎 중간에 얇은 나뭇가지가 들어가 있는 것처럼 생겼어요. 잎 뒷면의 진보랏빛 반전 매력까지! 독특한 식물을 찾고 계신다면 처음 본 순간 마음을 빼앗기게 될 거예요.', 20000, 20, 'https://ddokbun.com/api/resources/s3?plantSeq=100', 100, 0),
	(488, '칼라디움', 'Caladium bicolor (hortulantum) Vent.', 1, '칼라디움은 흰색 잎에 붉은 반점, 붉은 잎에 흰 잎맥, 초록과 핑크의 조합 등 2,000여개가 넘는 다양한 품종을 자랑해요. 색감이 단조로운 공간과 벽 쪽에 보색 대비를 자랑하는 칼라디움을 두면 더없이 공긴이 화려해져요. 또 붉은 색과 주황색이 있는 공간에서는 희고 초록끼가 도는 칼라디움을 두면 분위기가 은은해져요. 같은 모양에 다른 패턴과 컬러를 보고 있으면 마치 패션 컬렉션을 보는 듯 다채로워요.', 100000, 20, 'https://ddokbun.com/api/resources/s3?plantSeq=101', 101, 0),
	(489, '칼랑코에', 'Kalanchoe blossfeldiana', 1, '관리가 쉬운 반면 색이 아름답고 작지만 풍성한 꽃을 피우기때문에 인기가 많은 아이에요. 꽃은 줄기 맨위의 꽃대가 자라서 끝쪽에 꽃이 펴요. 오렌지, 빨강, 노랑, 흰색의 색깔을 가진 꽃이 자라나기때문에 취향에 맞게 다양한 분위기를 낼 수 있어요. 두툼한 잎에 수분을 저장하는 다육식물이기때문에 과습에 주의해야해요.', 70000, 20, 'https://ddokbun.com/api/resources/s3?plantSeq=102', 102, 0),
	(490, '커피나무', 'Coffea arabica', 1, '커피를 좋아하시나요? 그럼 아라비카 커피나무가 더 애착이 갈 거예요. 집에서 키우는 커피나무로 커피콩을 얻기까지는 2년 정도의 시간이 걸리고 어려워요. 그렇지만 커피나무가 잎을 내며 자라는 모습을 보면, 커피 한 잔이 더 소중하게 느껴질 거예요. 잎이 싱그럽고 새 싹이 잘 나는 아이라 성장하는걸 보는 재미도 좋아요. 아파트 베란다, 사무실에 여유 있는 공간이 있다면 커피나무를 들여보세요.', 40000, 20, 'https://ddokbun.com/api/resources/s3?plantSeq=103', 103, 0),
	(491, '켄챠야자', 'Howea forsteriana ', 1, '길고 시원시원한 라인을 가진 켄차야자는 큼직큼직하게 자라나는 대형 야자종이예요. 한 그루만으로도 충분한 존재감을 가지고 있어요.', 100000, 20, 'https://ddokbun.com/api/resources/s3?plantSeq=104', 104, 0),
	(492, '크로톤', 'Codiaeum variegatum', 1, '화려함 그 자체인 크로톤은 다양한 색으로 물든 잎을 보는 재미가 있어요. 빛을 잘 받을수록 다채로운 색을 보여줘요.', 80000, 20, 'https://ddokbun.com/api/resources/s3?plantSeq=105', 105, 0),
	(493, '테이블야자', 'Chamaedorea elegans', 1, '테이블야자는 이름처럼 테이블 위에서도 키울 수 있는 아담한 크기의 야자나무에요. 공부하거나 일하는 공간에 식물카페 분위기를 연출해주는 멋진 아이에요. 잎의 크기는 아래에서 위로 갈수록 점점 커지고, 잎을 내는 형태가 마치 규칙이라도 있는 것처럼 질서 있어서 전체적인 모습이 미니멀한 디자인 패턴의 반복 같아요. 내 공간에 단순하면서도 초록초록한 느낌을 주고 싶다면 이 아이가 그 역할을 해줄 거예요.', 80000, 20, 'https://ddokbun.com/api/resources/s3?plantSeq=106', 106, 0),
	(494, '틸란드시아 시아네아', 'Tillandsia cyanea', 1, '틸란드시아 시아네아는 꽃을 닮은 분홍빛의 포엽이 아름다워요. 포엽 옆쪽으로 귀여운 보랏빛 꽃도 피워낸답니다. 포엽은 수분을 저장하고 있어 눌러보면 송글송글,물방울도 맺혀요. ', 100000, 20, 'https://ddokbun.com/api/resources/s3?plantSeq=107', 107, 0),
	(495, '파키라', 'Pachira aquatica', 1, '실내 화분 중 가장 이국적인 느낌을 주는 아이 중 하나가 파키라에요. 화분에 심어져있는 모습이 하나의 자연 파라솔 같아요. 잎은 야자나무 잎모양을 가지고 있어 더욱 예뻐요. 파키라는 천연가습기란 별명도 있어요. 실내 습도 유지에 도움을 줘요. 해가 부족한 곳에서도 잘 자라서 실내에서 키우기에 더없이 좋은 아이예요.', 50000, 20, 'https://ddokbun.com/api/resources/s3?plantSeq=108', 108, 0),
	(496, '팔손이나무', 'Fatsia japonica', 1, '팔손이나무는 한국과 일본 등지가 원산인 식물로 공기정화효과가 뛰어나다고 해요. 남부지방에서는 실외에서 월동이 가능하지만 그 외 지역에서는 실내에서 키우는 것이 좋아요.', 50000, 20, 'https://ddokbun.com/api/resources/s3?plantSeq=109', 109, 6),
	(497, '포인세티아', 'Euphorbia pulcherrima', 1, '겨울이 가까워지면 꽃집에는 포인세티아가 가득해요. 겨울에 붉은색 꽃잎을 힘차게 내어주는 아이기 때문이에요. 수북하게 나는 진한 초록 잎, 그리고 이와 대비되는 붉은 잎이 한 화분에서 피어나기 때문에 이 아이가 실내에 있으면 크리스마스 분위기가 완성돼요.', 90000, 20, 'https://ddokbun.com/api/resources/s3?plantSeq=110', 110, 0),
	(498, '푸밀라고무나무', 'Ficus pumila', 1, '푸미라는 작은 잎에 아이보리와 초록의 투톤 매력을 보여줘요. 잎을 만져보면 약간 바스러지는 촉감을 느낄 수 있어요. 그게 특징이에요. 덩굴성으로 주변의 사물을 타고 쭉쭉 뻗어나가요. 그래서 행잉으로 걸어두고 키워도 멋지고 지지대나 와이어로 원하는 모양으로 수형을 유도해도 좋아요.', 10000, 20, 'https://ddokbun.com/api/resources/s3?plantSeq=111', 111, 0),
	(499, '프테리스', 'Pteris cretica', 1, '갈대처럼 길고 하늘하늘한 잎을 가진 푸테리스 고사리는 실내에서 키우기에 더할나위없는 식물 중 하나예요. ', 100000, 20, 'https://ddokbun.com/api/resources/s3?plantSeq=112', 112, 0),
	(500, '피토니아 핑크스타', 'Fittonia verschaffeltii \'Pink Star\'', 1, '피토니아 핑크스타는 촘촘한 붉은색의 잎맥을 갖고 있는 식물로 굉장히 화려한 모습을 하고 있어요.', 30000, 20, 'https://ddokbun.com/api/resources/s3?plantSeq=113', 113, 0),
	(501, '피토니아 화이트스타', 'Fittonia verschaffelti \'White Star\'', 1, '피토니아 화이트스타는 크림색의 잎의 색깔과 촘촘하고 선명한 잎맥의 무늬가 특징인 식물이에요.', 50000, 20, 'https://ddokbun.com/api/resources/s3?plantSeq=114', 114, 0),
	(502, '필레아 글라우카(타라, 블루체인)', 'Pilea grauca', 1, '작은 잎이 오밀조밀 모인 덩굴식물인 타라는 남아메리카에서 온 덩굴식물이예요. ', 10000, 20, 'https://ddokbun.com/api/resources/s3?plantSeq=115', 115, 0),
	(503, '필로덴드론 옥시카르디움', 'Philodendron oxycardium', 1, '초록색과 라임색이 조화를 이루는 잎을 가지고 있어요. 덩굴성 식물이라 높은 위치에서 가지를 아래로 늘어뜨려 키우면 정글같은 분위기를 연출할 수 있어요. 스킨답서스와 모습도 유사하고 키우기 쉽다는 것도 비슷해요.', 60000, 20, 'https://ddokbun.com/api/resources/s3?plantSeq=116', 116, 0),
	(504, '해마리아', 'Haemaria discolor var. dawsoniana', 1, '벨벳 질감의 초록 잎에 연한 핑크빛의 무늬가 있는 해마리아는 보석란이라고도 불려요. 빛이 잘 들지 않는 곳, 반음지에서도 잘 자라서 실내에서 키운다면 추천하는 식물이예요.', 50000, 20, 'https://ddokbun.com/api/resources/s3?plantSeq=117', 117, 0),
	(505, '행운목', 'Dracaena fragrans', 1, '행운목은 10년에 한 번 꽃을 피워요. 꽃을 보기가 정말 어려운 친구인거죠. 정성을 들여 키우다 보면 언젠가 꽃이 피는 날이 올텐데, 그럼 그 해에는 엄청난 행운이 따라온다고 해서 행운목이란 이름이 붙었어요. 줄기를 보면 누가 댕강 잘라 놓은 것 같지 않나요? 원래 이렇게 목대가 자라는 신기한 아이에요. 큰 행운목도 매력적이지만 손바닥만한 행운목을 책상 위에 둬도 충분히 매력적인 식물이에요.', 20000, 20, 'https://ddokbun.com/api/resources/s3?plantSeq=118', 118, 0),
	(506, '헤미오니티스(하트펀)', 'Hemionitis arifolia', 1, '하트 모양의 고사리, 보신 적 있으신가요? 하트 모양의 잎이 특징인 하트펀고사리는 잎이 크고 넓어 다른 고사리보다 상대적으로 튼튼한 편이예요.', 40000, 20, 'https://ddokbun.com/api/resources/s3?plantSeq=119', 119, 0),
	(507, '헤테로파낙스 프라그란스 (해피트리)', 'Heteropanax fragrans', 1, '행복한 감정이 몽글몽글 자라는 해피트리예요. 실내에서 키우기에 크기도 적당하면서, 나무의 울창한 모습을 보여줘요. 잎을 푸르고 싱그럽게 내어줘서 공간에 긍정 에너지를 한껏 더해주는 아이에요. 공기정화 능력, 전자파 차단 능력이 탁월한데다 해가 잘 들지 않아도 잘 커주기 때문에 공간 여유가 있다면 해피트리는 선택이 아닌 필수에요.', 100000, 20, 'https://ddokbun.com/api/resources/s3?plantSeq=120', 120, 0),
	(508, '호주매', ' Leptospermum scoparium', 1, '진한 분홍빛의 꽃이 매력적인 호주매화는 사실 매화나무와는 전혀 관련이 없어요. 유칼립투스의 친척뻘에 속하는 식물이랍니다. 유칼립투스처럼 물과, 해, 바람을 좋아해서 실내에서 키우긴 조금 어렵지만, 한번 환경이 맞으면 오래오래 꽃을 보여주는 식물이예요.', 40000, 20, 'https://ddokbun.com/api/resources/s3?plantSeq=121', 121, 0),
	(509, '황금죽', 'Dracaena sanderiana', 1, '황금이 굴러들어온다는 속설을 가진 황금죽은 새로운 잎이 지폐가 늘어나는 것처럼 보여서 개업선물로 많이 추천되는 식물이예요. ', 100000, 20, 'https://ddokbun.com/api/resources/s3?plantSeq=122', 122, 0),
	(510, '히포에스테스', 'Hypoestes phyllostachya (H. sanguinnolenta)', 1, '타원형의 잎에 물감을 흩뿌린듯한 무늬가 특징인 히포에스테스는 다양한 색과 무늬를 가진 종류가 있어요. ', 30000, 20, 'https://ddokbun.com/api/resources/s3?plantSeq=123', 123, 0),
	(796, '무늬털머위', 'Farfugium japonicum \'Argenteum\'', 0, '동그랗고 넓적한 잎 가장자리에 흰 무늬가 매력적인 흰무늬털머위는 일반적인 털머위의 변이종으로 태어난 식물이예요. 우리가 아는 그 머위가 맞나? 싶을 정도로 감각적이고 아름다운 흰무늬털머위는 머위를 좋아하는 식물집사라면 놓칠 수 없는 식물이랍니다. 물이 모자라면 바로 잎이 축 늘어지며 신호를 주는, 키우기 쉬운 식물이기도 해요.', 10000, 20, 'plant/40.jpg', 40, 0);

-- 테이블 ddokbun.plant 구조 내보내기
CREATE TABLE IF NOT EXISTS `plant` (
  `plant_seq` bigint NOT NULL AUTO_INCREMENT,
  `plant_name` varchar(255) CHARACTER SET utf8mb4 COLLATE utf8mb4_unicode_ci DEFAULT NULL,
  `palnt_ne_name` varchar(255) CHARACTER SET utf8mb4 COLLATE utf8mb4_unicode_ci DEFAULT NULL,
  `plant_zr_name` varchar(255) CHARACTER SET utf8mb4 COLLATE utf8mb4_unicode_ci DEFAULT NULL,
  `distb_name` varchar(255) CHARACTER SET utf8mb4 COLLATE utf8mb4_unicode_ci DEFAULT NULL,
  `origin_place` varchar(255) CHARACTER SET utf8mb4 COLLATE utf8mb4_unicode_ci DEFAULT NULL,
  `growth_height` int DEFAULT NULL,
  `growth_width` int DEFAULT NULL,
  `smell_desc` char(20) CHARACTER SET utf8mb4 COLLATE utf8mb4_unicode_ci DEFAULT NULL,
  `toxcty_info` char(100) CHARACTER SET utf8mb4 COLLATE utf8mb4_unicode_ci DEFAULT NULL,
  `manage_level` char(10) CHARACTER SET utf8mb4 COLLATE utf8mb4_unicode_ci DEFAULT NULL,
  `growth_temperature` char(20) CHARACTER SET utf8mb4 COLLATE utf8mb4_unicode_ci DEFAULT NULL,
  `winter_temperature` char(20) CHARACTER SET utf8mb4 COLLATE utf8mb4_unicode_ci DEFAULT NULL,
  `growth_humid` varchar(20) CHARACTER SET utf8mb4 COLLATE utf8mb4_unicode_ci DEFAULT NULL,
  `spec_manage_info` text CHARACTER SET utf8mb4 COLLATE utf8mb4_unicode_ci,
  `advise_info` text CHARACTER SET utf8mb4 COLLATE utf8mb4_unicode_ci,
  `function_info` text CHARACTER SET utf8mb4 COLLATE utf8mb4_unicode_ci,
  `manage_require` char(50) CHARACTER SET utf8mb4 COLLATE utf8mb4_unicode_ci DEFAULT NULL,
  `plant_place` varchar(255) CHARACTER SET utf8mb4 COLLATE utf8mb4_unicode_ci DEFAULT NULL,
  `water_cycle` int DEFAULT NULL,
  `water_info` text CHARACTER SET utf8mb4 COLLATE utf8mb4_unicode_ci,
  `light_type` int DEFAULT NULL,
  `light_info` varchar(255) COLLATE utf8mb4_unicode_ci DEFAULT NULL,
  `max_temperature` int DEFAULT NULL,
  `min_temperature` int unsigned DEFAULT NULL,
  `temperature_info` varchar(255) CHARACTER SET utf8mb4 COLLATE utf8mb4_unicode_ci DEFAULT NULL,
  `image_path` varchar(255) CHARACTER SET utf8mb4 COLLATE utf8mb4_unicode_ci DEFAULT NULL,
  `rec_rate` varchar(255) CHARACTER SET utf8mb4 COLLATE utf8mb4_unicode_ci DEFAULT NULL,
  `plant_ne_name` varchar(255) COLLATE utf8mb4_unicode_ci DEFAULT NULL,
  PRIMARY KEY (`plant_seq`)
) ENGINE=InnoDB DEFAULT CHARSET=utf8mb4 COLLATE=utf8mb4_unicode_ci;

-- 테이블 데이터 ddokbun.plant:~123 rows (대략적) 내보내기
REPLACE INTO `plant` (`plant_seq`, `plant_name`, `palnt_ne_name`, `plant_zr_name`, `distb_name`, `origin_place`, `growth_height`, `growth_width`, `smell_desc`, `toxcty_info`, `manage_level`, `growth_temperature`, `winter_temperature`, `growth_humid`, `spec_manage_info`, `advise_info`, `function_info`, `manage_require`, `plant_place`, `water_cycle`, `water_info`, `light_type`, `light_info`, `max_temperature`, `min_temperature`, `temperature_info`, `image_path`, `rec_rate`, `plant_ne_name`) VALUES
	(1, '스투키', 'Sansevieria cylindrica', 'Dracaena stuckyi', '아프리카 동부', '아프리카 동부', 90, 30, NULL, NULL, NULL, NULL, NULL, '40 ~ 70%', '건조하고 따뜻한 아프리카에서 온 스투키는 강한 생명력을 가지고있어 식물을 처음 키우는 초보자들에게 많이 추천하는 식물이에요. 사실 ‘스투키’라는 식물은 우리가 키우는 스투키와는 다른 식물이에요. 국내에서 유통되는 스투키의 대부분은 ‘실린드리카’라는 식물이랍니다. 스투키와 비슷하게 생겼지만 성장 속도가 빨라서 성장 속도가 느린 스투키 대신 유통되고 있어요. 밤에 산소를 내뿜어 침실에 적합한 식물로 인기가 좋지만, 독성이 있어서 반려동물과 어린아이가 먹지 않도록 조심해야 합니다.', NULL, NULL, '보통', '거실 창측 (실내깊이 150~300cm),발코니 내측 (실내깊이 50~150cm),발코니 창측 (실내깊이 0~50cm)', 30, '건조한 사막이 고향인 스투키는 잎에 수분을 저장하는 능력이 아주 뛰어나 물이 많이 필요하지 않아요. 오히려 물을 과하게 주어 스투키의 얕은 뿌리가 과습에 죽는 경우가 많아요. 물을 주기 전에는 꼭 흙이 다 말랐는 지 확인하고 주고, 흙 상태를 파악하고 물 주기가 어렵다면 스투키가 조금 말랑말랑 해지면 물을 주세요. 스투키는 무름병에 취약해서 배수가 매우 잘되어 흙에 물이 고여 있지 않는 것이 중요합니다.', 2, '스투키는 빛에 대한 적응력이 뛰어난 식물입니다. 빛이 적은 곳에서도 잘 자라 실내 형광등으로도 잘 살 수 있지만 어두운 환경이 오래 지속되면 성장이 아주 느려진답니다.', 27, 14, '스투키는 평균 실내온도에서 잘 자라는 식물입니다. 한겨울의 추위만 피해주신다면 건강하게 키우실 수 있어요.', 'plant/1.jpg', '초보집사,공기정화', NULL),
	(2, '개운죽', 'Dracaena sanderiana \'Virens\'', 'Sander\'s dracaena', '개운죽', '서부 아프리카', 90, 30, '거의 없음', '있음', '초보자', '16~20℃', '13℃ 이상', '40 ~ 70%', '개운죽을 키우면 집에 대나무를 심어놓은 기분이 나요. 줄기에 대나무에서 볼 수 있는 마디들이 있어요. 줄기 옆에서는 길쭉하고 푸른 잎이 나서 수려해요. 식물 초보가 키우기에도 쉽고, 어디에 둬도 독특한 느낌을 내어주는 아이라 인기가 많아요.', '대나무를 닮아서 이름까지 얻게 되었지만 사실은 대나무가 아닌 드라세나속의 관엽', '화분에 심을 경우에는 부드럽고 배수가 잘 되는 토양에 심음 ※ 개운죽은 관엽으로 분류되어 있지만 사실은 잎보다 잎이 떨어진 후 대나무처럼 보이는 줄기가 더욱 관상의 대상이 된다. 직선보다 곡선의 줄기가 필요한 경우에는 줄기를 곡선으로 유도할 수 있다.', '낮음 (잘 견딤)', ' 빛 없는 곳~많은 곳 모두 잘 맞음', 5, '물을 아주 좋아하는 식물이에요. 겨울을 제외한 시기에는 3일에 1번 겨울에는 1주일에 한번 정도 물 주면 좋아요', 5, '직사광선은 반드시 피해주세요. 간접광이 들어오는 거실 현관 서재 등 직접 햇빛을 받지 않는 곳에 놓아 키우시면 돼요', 25, 15, '추위에 약해요. 겨울최저 15도에서 성장하니 실내온도에 주의해주세요. 겨울철에는 실내로 옮겨주세요', 'plant/2.jpg', '초보집사,공기정화', NULL),
	(3, '골드크레스트 \'율마\'', 'Cupressus macrocarpa \'Wilma\'', 'Monterey cypress', '율마, 골드크리스터 (추천 유통명: 윌마)', '북부 아메리카', 100, 50, '강함', '', '경험자', '16~20℃', '10℃', '40 ~ 70%', '세상에서 가장 귀여운 나무 한 그루라고 하면 율마일 거예요. 초록 레몬색의 잎에서 정말 레몬 향이 나요. 크리스마스 트리 모양의 수형이나 동그란 모양의 토피어리 수형 모두 예쁜 아이예요. 보통 식물들의 잎과 다르게 율마의 잎은 침엽수예요. 침엽수는 빛과 물을 좋아하면서도, 뽀송뽀송한 흙 상태를 좋아해서 통풍도 잘 챙겨줘야 해요. 그래서 키우기가 생각보다 까다롭지만 그래도 도전 해보길 추천해요.', '부드러운 연두빛의 침엽수를 연상하게 하는 실내식물로 허브 향을 지님', '※ Cupressus macrocarpa 품종 중에 \'wilma\', \'goldcrest\' 등의 품종이 있는데, 우리가 사용하고 있는 율마라는 이름은 “wilma"에서 나온 것으로 생각된다. 따라서 율마라는 이름이 윌마로 교정되어야하지 않을까 고려된다.바람에 약하며 줄기 아랫부분의 잎이 떨어지면 황량한 느낌을 주지만 토피아리 형식으로 키울 수도 있다.크리스마스 트리로 실내에 장식하면 좋다."', '보통 (약간 잘 견딤)', '양지, 하루종일 햇빛 받는곳', 3, '겉흙이 마르면 2~3일 간격으로 화분 배수 구멍에 물이 빠져나올 때까지 듬뿍 주고, 장마철과 겨울엔 물주는 주기를 조금 늘려 주세요.', 5, '햇빛 아래에서 키워주세요. 하루 최소 3시간은 햇빛을 쬐어야 해요. 골고루 햇빛을 받게 해주어야 수형이 이쁘게 자란답니다. 통풍이 잘되는 곳에서 키워주세요', 25, 10, '내한성이 약한 편이에요. 겨울에도 영하로 내려가지 않는다면 월동이 가능해요. 실내에서 키운다면 선풍기를 틀어주고 공중습도를 높여주는게 좋아요', 'plant/3.jpg', '공기정화,집꾸미기', NULL),
	(4, '베고니아', 'Begonia spp.', 'foliage begonia', '베고니아', '인도, 남아메리카원산식물의 교잡종', 30, 30, '', '', '경험자', '16~20℃', '13℃ 이상', '40 ~ 70%', '초록 잎에 은빛 물방울, 붉은 잎에 초록 잎맥 등 2,000여개가 넘는 다양한 품종을 자랑하는 베고니아에요. 서로 다른 베고니아들의 잎 패턴을 보고 있으면 자연의 다양성과 신비가 느껴져요. 함부로 집에 들였다간 개미지옥에 빠지듯 세상의 모든 베고니아를 모으고 싶어질 거예요.', '', '', '보통 (약간 잘 견딤)', ' 빛 없는 곳~많은 곳 모두 잘 맞음', 10, '물을 줄 때 꽃과 잎에 물이 닿지 않아야 해요. 때문에 저면관수 방식으로 물을 주시면 좋습니다', 4, '햇살이 드는 창문 앞, 햇살이 드는 실내, 햇살이 없지만 밝은 실내', 25, 10, '겨울에 창을 열어두고 오랜 시간 외출하는 일이 없도록 조심해 주세요. 여름에서 가을 / 가을에서 겨울로 계절이 바뀔 때 창문을 열어두면 갑작스러운 온도 변화에 냉해를 입을 수 있어요. 일교차가 심할 때도 마찬가지로 냉해를 조심해 주세요', 'plant/4.jpg', '공기정화', NULL),
	(5, '관음죽', 'Rhapis excelsa', 'Fan Palms, (Large) Lady Palm, Bamboo Palm, Broad-leaved Lady Palm, Ground Rattan', '관음죽', '한국, 일본, 중국남부', 200, 70, '', '수액이 인체의 피부나 점막을 자극할 수 있음', '경험자', '16~20℃', '5℃', '40 ~ 70%', '손가락을 쫙 펴듯 길쭉하고 넓게 펼쳐지는 잎이 독특한 분위기를 만들어주는 아이예요. 잎 모양은 난초처럼 길쭉해 동양적인 느낌을 주는데, 수형은 야자나무의 길쭉함을 가지고 있어서 이국적이기도 해요. 관음죽은 음지에서도 잘 크는 아이예요. 빛이 좀 부족한 반지층, 원룸, 화장실, 부억에도 초록 인테리어를 하고 싶다면 관음죽이 해결해 줄 거예요.', '컨테이너, 경계, 차폐, 방풍/ 암모니아 흡수에 최강인 관엽식물', '손바닥 모양의 잎을 가진 집에서 기르기 쉽고 그늘과 추위에도 잘 견디고 병해충에도 강하기기 때문에 기르기 쉬운 식물이다. 자라는 속도가 느려서 관리가 편하다. 반엽이 들어있는 종은 색상이 더욱 아름답다. 2년에 한 번씩 분갈이를 해 주면 좋다.', '보통 (약간 잘 견딤)', '실내 어두운 곳 (실내깊이 500 이상cm),거실 내측 (실내깊이 300~500cm),거실 창측 (실내깊이 150~300cm),발코니 내측 (실내깊이 50~150cm),발코니 창측 (실내깊이 0~50cm)', 4, '봄부터 가을에는 화분의 흙 표면이 마르기 시작하면 물을 충분히 주고, 특히 여름의 고온 건조기에는 매일 물을 주고, 동시에 잎에도 물을 주어 습도를 높여주세요', 2, '관음죽은 내음성이 있어서 빛이 비치지 않는 실내 반그늘에서 잘자라요', 25, 5, '온도가 높고 공중습도가 높은 걸 좋아해요', 'plant/5.jpg', '초보집사,공기정화', NULL),
	(6, '로즈제라늄', 'Pelargonium rosium', 'rose geranium', '모기풀, (추천 유통명: 구문초)', '이집트', 50, 50, '중간', '모기퇴치 식물', '', '16~20℃', '10℃', '40 ~ 70%', '로즈제라늄은 장미 향을 닮은 독특한 향을 내는 보드라운 잎을 가진 펠라고늄의 한 종류예요. 모기가 싫어하는 향을 낸다고 해서 \'구문초\'라고도 불려요. 보라색~ 분홍색의 제비꽃을 닮은 귀여운 꽃이 피어난답니다. 잎이 자주 마르지만 그만큼 자주 새 잎이 올라와요.', '', '', '필요함', '실외 직사광, 햇살이 드는 창문 앞', 15, '겉흙이 마르면 충분히. 건조한 편이 좋아요. 겨울을 제외하고 한달에 2회 가량.', 4, '양지 반양지에서 잘자라요', 23, 10, '내한성은 약한편으로 5도 이상으로 관리하는게 좋아요', 'plant/6.jpg', '집꾸미기', NULL),
	(7, '군자란', 'Clivia miniata', 'Scarlet Caffir Lily,Kaffir Lily, Clivia, Bush lily', '군자란', '남아프리카의 나탈', 50, 30, '', '복용시 치명적 독성', '경험자', '16~20℃', '10℃', '40 ~ 70%', '이 아이는 뭉퉁하고 긴 잎을 내요. 그 중앙으로 길게 꽃대를 올리는데, 주황빛과 붉은 빛이 도는 꽃잎이 환상적인 색감을 표현해요. 처음부터 꽃을 피운 아이를 데려오면 키우기 좋아요. 매년 꽃을 볼 수 있어요.', '꽃말: 고귀, / 君子蘭(군자란)은 이름 끝에 ‘란’이라고 되어있지만 난 종류가 아님/컨테이너, 표본, 경계', '', '보통 (약간 잘 견딤)', '햇살이 드는 창문 앞, 햇살이 드는 실내', 7, '여름에는 오후 5시 이후에, 겨울에는 따뜻한 낮에 물을 주면 더 좋아요!', 4, '햇빛에서도 잘 자라지만 고온다습한 환경에서 키우면 더욱 좋습니다', 25, 5, '평균 온도가 5도 이상이면 어디에 놔두어도 크게 이상은 없어요', 'plant/7.jpg', '초보집사,공기정화', NULL),
	(8, '금목서', 'Osmanthus fragrans', 'sweet Osmanthus, tea Osmanthus, sweet Olive', '목서, 금목서, 구골나무, 박달목서, (추천 유통명 : 금목서)', '중국', 100, 50, '강함', '', '초보자', '16~20℃', '0℃ 이하', '40 ~ 70%', '가을에 작고 사랑스러운 주황색 꽃을 피우는 금목서는 달콤한 향기가 만리 너머까지 퍼진다고 해서 만리향이라고도 불려요. 추위에 약해 따뜻한 지역에서밖에 키울 수 없지만, 화분에 심어서 실내에서 관리해준다면 다양한 곳에서 향기로운 금목서 향을 즐길 수 있을 거예요.', '꽃말:유혹 / 컨테이너, 분재, 토피아리, 생울타리, 차폐식재, 실내식물 / 속명 Osmanthus를 풀어보면 osme는 냄새나 향기를 뜻하고, anthos는 꽃을 의미함', '땅에서부터 많은 줄기가 올라와 생울타리로 적당하다.', '낮음 (잘 견딤)', '실외 직사광, 햇살이 드는 창문 앞', 15, '겉흙이 마르면 충분히. 건조한 편이 좋아요. 겨울을 제외하고 한달에 2회 가량.', 5, '실외 직사광이 있는 햇살이 드는 창문 앞에서 잘자라요', 25, 18, '추위에 약해 따뜻한 지역에서밖에 키울 수 없지만, 화분에 심어서 실내에서 관리해준다면 다양한 곳에서 향기로운 금목서 향을 즐길 수 있을 거예요.', 'plant/8.jpg', '집꾸미기', NULL),
	(9, '금사철나무', 'Euonymus japonica', 'goldheart euonymus', '금사철나무', '한국, 중국, 일본 ', 100, 70, '약함', '', '', '16~20℃', '0℃ 이하', '40 ~ 70%', '사시사철 금빛의 잎을 볼 수 있는 식물로 빛이 충분한 환경에서 잎이 금빛으로 변한다고 해요.', '', 'Skill Level: Beginner', '보통 (약간 잘 견딤)', '거실 내측 (실내깊이 300~500cm),거실 창측 (실내깊이 150~300cm),발코니 내측 (실내깊이 50~150cm),발코니 창측 (실내깊이 0~50cm)', 7, '흙에 손가락을 한 마디 정도 넣어보시고 푸석하다면 물을 주세요. 샤워기로 잎을 샤워시키면서 화분의 배수 구멍으로 물이 빠져나올 때까지 주시면 됩니다. 컨디션이 안 좋아 보인다면, 30분 정도 화분을 물에 담가두는 저면관수 물주기법을 추천드려요.', 5, ' 실외 직사광을 좋아해요. 햇살이 드는 창문 앞에 두세요', 30, 10, '겨울에 창을 열어두고 오랜 시간 외출하는 일이 없도록 조심해 주세요. 여름에서 가을 / 가을에서 겨울로 계절이 바뀔 때 창문을 열어두면 갑작스러운 온도 변화에 냉해를 입을 수 있어요. 일교차가 심할 때도 마찬가지로 냉해를 조심해 주세요', 'plant/9.jpg', '공기정화', NULL),
	(10, '금전수', 'Zamioculcas zamiifolia ', 'Eternity Plant, Fat Boy,Aroid Palm, Arum Fern, ZZ Plant', '자미오쿨카스, 돈나무 (추천 유통명: 금전수)', '아프리카 동부(케냐), 남부', 60, 30, '', '복용시 치명적 독성', '초보자', '16~20℃', '13℃ 이상', '40 ~ 70%', '일명 돈나무라 불리는 금전수! 잎이 동전을 줄줄이 엮어둔 모습으로 생겨서 붙은 이름이라고 해요. 새로운 일을 시작하는 친구에게 선물하기에 너무 좋아요. 금전수가 인기 많은 또 하나의 이유는 폭풍 성장력이에요. 물만 한 번씩 챙겨주면 알아서 잘 크거든요! 식물킬러인 나에게도 선물하기 좋은 아이에요.', '컨테이너, 표본, 지피, 암석가든', '그늘진 곳에서 잘 견디지만, 실내 밝은 간접광이 더 좋다. 환경 조건에 견디는 힘이 뛰어나고 과습한 상태에서 저온상태가 되면 뿌리가 썩기 쉽다. 수분이 많은 지하경을 가지고 광택이 있는 잎이 매력적이다.', '낮음 (잘 견딤)', '거실 내측 (실내깊이 300~500cm),거실 창측 (실내깊이 150~300cm),발코니 내측 (실내깊이 50~150cm),발코니 창측 (실내깊이 0~50cm)', 30, '집안 환경에 따라 달라지는데 금전수 화분의 흙을 만져 보고 말랐다면 주면 돼요', 5, '햇살이 드는 실내, 햇살이 드는 창문 앞에 두세요', 20, 16, '겨울에 창을 열어두고 오랜 시간 외출하는 일이 없도록 조심해 주세요. 또 여름에서 가을, 가을에서 겨울로 계절이 바뀔 때 창문을 열어두면 갑작스러운 온도 변화에 냉해를 입을 수 있어요. 일교차가 심할 때도 마찬가지로 냉해를 조심해 주세요.', 'plant/10.jpg', '초보집사,공기정화', NULL),
	(11, '나도풍란', 'Aerides japonica', 'The Japan Sedirea', '나도풍란, 대엽풍란', '한국 등 아시아', 10, 20, '중간', '', '경험자', '21~25℃', '7℃', '70% 이상', '나도풍란은 난과 중에서도 꽃이 아름답기로 유명한데 대엽풍란이라는 이름으로 흔히 볼 수 있어요. 하지만, 이는 수입종이며 우리나라에서 멸종위기를 겪고 있는 식물이에요.', '꽃말 \'인내\' (바닷가의 바위에 붙어 모진 풍파를 이겨내며 자라기 때문에 붙여진 듯)', '', '필요함', '발코니 내측 (실내깊이 50~150cm),발코니 창측 (실내깊이 0~50cm)', 1, '심어 놓은 식재가 마르면 충분히 주는게 좋아요. 겨울철 휴면기에는 잎에 주름이 지는데 월동 중의 자연스런 현상이에요. 이를 오해하여 물을 더 자주 준다던지 하여 과습하지 않게 하는 것이 좋아요.', 4, '햇살이 드는 실내에 두면 잘자라요', 25, 21, '겨울에 창을 열어두고 오랜 시간 외출하는 일이 없도록 조심해 주세요. 또 여름에서 가을, 가을에서 겨울로 계절이 바뀔 때 창문을 열어두면 갑작스러운 온도 변화에 냉해를 입을 수 있어요. 일교차가 심할 때도 마찬가지로 냉해를 조심해 주세요.', 'plant/11.jpg', '공기정화,반려동물', NULL),
	(12, '나한송', 'Podocarpus macrophyllus', 'Buddhist Pine, Japanese(Southern) Yew, spreading yew,Yew Pine', '나한송', '중국, 일본', 200, 100, '거의 없음', '있음', '초보자', '10~15℃', '5℃', '40 ~ 70%', '가느다란 줄기와 사시사철 푸르른 초록 잎이 매력적인 나한송은 큰 관리가 필요하지 않은 순둥함으로 많은 인기를 얻고 있어요. 수경으로도 잘 자라요.', '표본, 경계, 차폐, 방풍, 토피어리, 분재', '나한송은 잎이 잘 떨어지거나 누렇게 변하지 않고 늘 푸르러 공기정화 효과가 좋다. 잎이 반질거리고 잎을 감상하기에 좋은 식물이다. 나한송 솔잎 모양에 화려하지 않지만 음지에서도 비교적 잘 자리고 자라는 속도는 늦어 실내용품으로 많이 애용하고 있다.', '낮음 (잘 견딤)', '거실 창측 (실내깊이 150~300cm),발코니 내측 (실내깊이 50~150cm),발코니 창측 (실내깊이 0~50cm)', 1, '나한송은 건조에 약하기 때문에 물 주기를 잊으면 안돼요. 잎에 물을 주면 건조해지는 것을 막아주면서 해충도 예방할 수 있기 때문에 매일 1회는 분무기로 물을 뿌려줘야 해요', 3, '햇살이 드는 실내, 햇살이 없지만 밝은 실내, 빛 없는 곳~많은 곳 모두 잘 맞아요', 25, 15, '겨울에 창을 열어두고 오랜 시간 외출하는 일이 없도록 조심해 주세요. 또 여름에서 가을, 가을에서 겨울로 계절이 바뀔 때 창문을 열어두면 갑작스러운 온도 변화에 냉해를 입을 수 있어요. 일교차가 심할 때도 마찬가지로 냉해를 조심해 주세요.', 'plant/12.jpg', '초보집사,공기정화,집꾸미기', NULL),
	(13, '남천', 'Nandina domestica', 'Heavenly bamboo, Sacred Bamboo ', '남천', '한국, 일본, 중국남부', 150, 100, '거의 없음', '있음', '초보자', '16~20℃', '5℃', '40 ~ 70%', '가을철에 빨갛게 단풍이 드는 남천나무는 대표적인 조경 식물로 꼽혀요. 동양미가 느껴지는 가느다란 가지가 아름다워높은 인기를 누리고 있답니다. 월동도 가능해 어디서든 잘 자라요.  새빨갛고 동글동글한 열매는 약으로도 쓰이지만, 가지와 잎, 생 열매는 독이 있으니 주의가 필요해요.', '컨테이너, 독립, 지피, 경계, 울타리', '꽃, 열매, 잎, 단풍이 모두 아름답고 실내의 동양적인 분위기에 잘 어울린다. 성숙한 열매를 남천실이라 하며 해수, 천식, 백일해, 간기능장애 등에 약제로 사용한다.', '낮음 (잘 견딤)', '거실 창측 (실내깊이 150~300cm),발코니 내측 (실내깊이 50~150cm),발코니 창측 (실내깊이 0~50cm)', 14, '겉흙이 말랐을 때 듬뿍 주시면 돼요. 물을 너무 많이 주어서 과습 했을 경우 잎이 노랗게 변해 잎이 떨어질 수 있으니 주의해주세요.', 5, '빛을 많이 좋아하는 식물인 만큼 집에서도 빛이 잘 드는 베란다 가운데에서 키워주시는 게 좋아요. 햇빛을 봐야 붉은 잎을 볼 수 있는 만큼 창가 쪽에서 추천드려요.', 25, 5, '겨울철에는 온도가 급격하게 떨어지는 베란다보다는 거실로 옮겨서 키워주시는 걸 추천드려요', 'plant/13.jpg', '초보집사,집꾸미기', NULL),
	(14, '녹영', 'Senecio rowleyanus', 'String of Pearls,String-of-Beads', '콩선인장, (추천 유통명: 녹영)', '나미비아, 서남 아프리카', 5, 30, '약함', '복용시 치명적 독성', '경험자', '16~20℃', '13℃ 이상', '40 ~ 70%', '녹영은 동글동글 완두콩 모양의 작은 잎들이 탐스럽게 달려있는 아이에요. 그래서 콩란, 방울 선인장이라는 별명을 가지고있어요. 콩란이라는 이름때문에 난 종류로 혼동하는 경우가 있지만, 선인장 다육식물이에요. 초가을에서 이듬해 봄 사이에 꽃대 끝에 흰색이나 자홍색의 작은 꽃을 피워요. 길게 늘어져 자라기 때문에 행잉 화분에 심어 인테리어 소품으로 많이 활용돼요.', '잎이 마치 염주구슬처럼 생긴 덩굴성 다육식물이다. 사계절을 통하여 피는 작고 하얀 꽃이 파란 콩 모양의 잎과 더불어 귀엽다.', '실내 걸이용 화분이고 건조에 강한 식물이므로 겉흙이 완전히 마르면 관수한다. 사계절을 통하여 피는 작고 하얀 꽃이 파란 콩 모양의 잎과 더불어 귀엽다. 온도가 낮은 환경에서는 특별히 흙을 건조하게 관리하여야 한다.', '필요함', '거실 창측 (실내깊이 150~300cm),발코니 내측 (실내깊이 50~150cm),발코니 창측 (실내깊이 0~50cm)', 10, '평균적인 실내환경보다 아주 건조한 실내와 아주 습한 실내가 의외로 많기 때문에 수시로 흙을 확인하면서 물을 줘야해요', 5, '반양지에서 잘자라요. 광은 좋아하지만, 아주 직사광선은 피하는 것이 좋아요. 직사광선을 많이 받으면 콩알이 터질듯이 커지면서 색이 변해요.', 25, 18, '겨울에 창을 열어두고 오랜 시간 외출하는 일이 없도록 조심해 주세요. 또 여름에서 가을, 가을에서 겨울로 계절이 바뀔 때 창문을 열어두면 갑작스러운 온도 변화에 냉해를 입을 수 있어요. 일교차가 심할 때도 마찬가지로 냉해를 조심해 주세요.', 'plant/14.jpg', '공기정화', NULL),
	(15, '봉선화', 'Impatiens hybrid \'New Guinea\'', 'New Guinea impatiens', '임파첸스', '브라질 남부 원산종의 원예품종', 30, 30, '거의 없음', '', '초보자', '21~25℃', '13℃ 이상', '40% 미만', '아프리카 봉선화라고도 불리는 임파첸스는 잘 자라며 키우기가 쉬워 조경, 관상용으로 많이 쓰이고 있어요.', '속명은 라틴어의 impatience(참을 수 없는)에서 유래.', '● 열대성 작물로 추위에 약한 다년생의 초본 또는 반 관목으로 반그늘에서도 생육 및 개화하 양호함 ● 초장은 일반적으로 30~60cm로 자라고 잎은 난형피침형으로 긴 잎자루가 있으며 화경이 겨드랑이에서 나오고 화경마다 2.5~4.0cm되는 꽃이 1~3개 핌 ● 생육적온은 20~25℃정도이고, 15℃이하가 되면 생육 및 착화가 둔화됨 ● 뉴기니아봉선화는 여름철을 대표하는 분화류 ● 5월에 모종을 구매해 햇빛이 잘 드는 실내에서 기르면 여름철 내내 꽃을 볼 수 있음 ● 속명은 라틴어의 impatience(참을 수 없는)에서 유래 ● 뉴기니아 봉선화의 개화에 대한 일장반응은 중성식물로 계절에 관계없이 잘 개화한다. ', '보통 (약간 잘 견딤)', '거실 창측 (실내깊이 150~300cm),발코니 내측 (실내깊이 50~150cm),발코니 창측 (실내깊이 0~50cm)', 3, '임파첸스를 화분에 키우는 경우 흙을 촉촉하게 유지합니다. 겉 흙이 마르면 물을 줍니다. 임파첸스를 화단에서 키울 경우에도 날씨에 따라 일주일에 두세 번 물을 주는 것이 좋습니다. 임파첸스 줄기나 잎이 아주 부드러운데 물이 부족하면 금방 시듭니다.', 4, '직사광선을 받는 시간이 짧으나 밝은 곳에 심는 것이 좋아요. 화분에 심어 기를 때도 창가에 두어 햇빛을 하루 5시간 이상 받지 않도록 해요', 25, 5, '겨울에 창을 열어두고 오랜 시간 외출하는 일이 없도록 조심해 주세요. 또 여름에서 가을, 가을에서 겨울로 계절이 바뀔 때 창문을 열어두면 갑작스러운 온도 변화에 냉해를 입을 수 있어요. 일교차가 심할 때도 마찬가지로 냉해를 조심해 주세요.', 'plant/15.jpg', '공기정화', NULL),
	(16, '대만고무나무', 'Ficus retusa', 'Indian Laurel, Malay Banyan, Glossy Leaf Fig, Chinese Banyan', '가지마루, 가슈말, (추천 유통명: 대만고무나무)', '중국남부, 인도, 세일론, 마카오, 필리핀, 보르네오, 말레이반도', 200, 100, '', '', '경험자', '21~25℃', '13℃ 이상', '40 ~ 70%', '주로 분재 형태로 많이 키우는 가지마루는 대만고무나무의 모양을 고정시켜 만들어요. 개체마다 잎과 형태가 각각 달라 키우는 재미가 있어요. ', '대만고무나무(F. microcarpa)의 밑둥을 분재처럼 둥글게 재배한 종류를 ‘인삼벤자민’, ‘가쥬마루’라 부름', '대만고무나무의 밑둥을 분재처럼 둥글게 재배한 종류를 ‘인삼벤자민’,‘가쥬마루’라 부른다. 환경에 빨리 적응하지 못하므로 갑자기 햇빛으로 내놓거나, 실내로 옮기면 잎이 많이 떨어지므로 서서히 적응기간을 두어 옮긴다. 상록 교목으로 자생지에서는 25cm정도 자라지만 온실 화분내에서는 1.2~1.8m 정도 자란다. 줄기에는 기근이 발생된다. 잎 길이는 5~10cm정도이며 비후하고 광택이 있다. 번식은 삽목 또는 고취법으로 행한다. 동일종 내에서도 잎이 크기가 다르며 형태차도 크다.', '필요함', '거실 내측 (실내깊이 300~500cm),거실 창측 (실내깊이 150~300cm),발코니 내측 (실내깊이 50~150cm),발코니 창측 (실내깊이 0~50cm)', 3, '물을 좋아하는 식물로 겉흙이 마르면 듬뿍 주시고, 가을 겨울철에는 속흙까지 완전히 말랐을 때 관수해 주시는게 좋아요', 5, '원래 자생지에서 강한 햇볕을 받으며 자라는 나무로 잎이 두껍기 때문에 1년 내내 직사광선을 받게 되어도 웃자라거나 잎이 타지 않고 잘 자랄 수 있는 식물이에요', 25, 18, '내한성이 없기 때문에 따뜻하고 습한 환경을 좋아해요.', 'plant/16.jpg', '초보집사,공기정화,집꾸미기', NULL),
	(17, '더피고사리', 'Nephrolepis cordifolia \'Duffii\'', 'Lemon Button Fern', '듀피, 더피, (추천 유통명: 더피고사리)', '뉴질랜드', 30, 30, '거의 없음', '', '경험자', '16~20℃', '13℃ 이상', '70% 이상', '더피 고사리는 아카시아잎을 작게 만든 것처럼 동그란 잎이 가지를 따라 촘촘히 나는 아이예요. 작은 화분에 있을 때 엄청 귀여워요. 특히 빛이 많지 않은 곳에서도 잘 자라기 때문에 좁은 공간, 빛이 부족한 공간에 두면 좋아요. 실내의 공기정화와 습도조절을 위하여 많이 사랑받고 있어요.', '습한 것을 좋아하는 양치류를 잘 기르는 포인트는 물주기이다. 늘 신선한 물과 산소를 필요로 하므로 생장기에는 물이 부족하지 않도록 듬뿍 준다.', '더피고사리는 습한 것을 좋아하는 양치류로 늘 신선한 물로 산소가 필요하므로 생장기에는 물이 부족하지 않도록 관리해야 한다. 수분이 부족하게 되면 바로 잎끝이 상한다. 한번 말리면 회복이 힘들다. 여름철 청량감을 주는 외형으로 그린인테리어로 많이 활용되며 추위에 비교적 잘 견디는 식물이다.', '낮음 (잘 견딤)', '거실 내측 (실내깊이 300~500cm),거실 창측 (실내깊이 150~300cm),발코니 내측 (실내깊이 50~150cm),발코니 창측 (실내깊이 0~50cm)', 3, '모든 식물에게 과습이 위험하듯 더피고사리에게 물을 줄 때도 겉흙이 충분히 말랐는지 확인하고 주셔야 해요. 겉흙이 손가락을 넣었을 때 한 마디 정도까지 흙이 말랐을 때 물을 듬뿍 주세요.', 3, '반음지에서 잘자라요. 고사리과 치고는 빛을 좋아하는 편이에요. 성장기에는 빛을 더 보게 해주세요', 20, 16, '겨울철 추위에 약하므로 날씨가 13도 이하로 내려가면 실내로 들이는 것이 좋아요', 'plant/17.jpg', '초보집사,공기정화,반려동물', NULL),
	(18, '덕구리난', 'Beaucarnea recurvata (Nolina tuberculata)', 'Elephants Foot, Bottle Palm, Ponytail Palm', '독구리난, 도꾸리난, 덕구리난, 덕구리란, 술병난, 노리나 (추천 유통명 : 덕구리난)', '멕시코', 100, 40, '거의 없음', '없음', '초보자', '21~25℃', '13℃ 이상', '40% 미만', '입구가 좁은 항아리처럼 생긴 덕구리난은 줄기 밑둥에 물을 저장한 모습이 술병처럼 생겼다고 해서 붙여진 이름이예요.', '줄기 밑둥에 물을 많이 저장하여 술병처럼 부푼 모양으로 술병난이라고도 불림', '덕구리란(德久利蘭,nolina recurvata) 도꾸리란 (Beaucarnea recurvata) 줄기 밑동에 물을 많이 저장하여 술병처럼 부푼 모양으로 비대한 줄기에 수분을 저장하고 있어 과습한 경우에 줄기가 물러질 수 있다. 덕리(德利:돗쿠리)는 입구가 좁고 긴 술병(일본어) 모습을 하고 있어 붙여진 이름으로 덕구리난은 실내가 실내가 고온건조하고 햇빛이 잘 드는 곳에서 자란다. 반음지에서도 자라긴 하나 너무 음지에서 자라면 웃자라서 모양이 망가지니 햇빛을 충분히 받도록 해야 한다. 덕구리난은 봄부터 가을 사이에는 화분의 흙 표면이 마르면 물을 충분히 주고, 더운 시기에는 잎에 물을 주고 추운시기에는 흙을 좀더 건조하게 관리한다. 5~10월에 완효성비료를 2개월에 한번 주고, 습기가 많으면 깍지벌레가 발생하기 쉬우니 주의한다.', '낮음 (잘 견딤)', '거실 창측 (실내깊이 150~300cm),발코니 내측 (실내깊이 50~150cm),발코니 창측 (실내깊이 0~50cm)', 30, '선인장처럼 몸통에 물을 비축하는 다육식물이므로 물을 너무 자주 주어서는 안돼요. 배수가 안되는 흙에 심어졌거나 물을 지나치게 주게 되면 뿌리가 상하고 잎의 끝부분들이 말라 들어가는 현상이 일어나는 경우가 종종 있어요.', 4, '봄부터 약한 빛에 적응시켜 키워나가면 한여름에 뙤약볕에서도 문제가 없는 나무예요. 그늘에서 자라던 나무를 갑자기 강한 햇볕에 쪼이게 되면 여리게 자라나오던 속잎이 검붉은 색으로 타버리므로 주의할 필요가 있어요', 25, 18, '추위에 견디는 힘이 약한 나무에요. 봄부터 늦가을까지는 실외의 온도에서 키워도 무난하지만 서리를 맞게 되거나 결빙온도에 처하게 되면 잎이 상하게 되므로 주의해야 해요.', 'plant/18.jpg', '공기정화,집꾸미기,반려동물', NULL),
	(19, '동백', 'Camellia japonica', 'common camellia', '동백', '한국 남해안, 일본, 중국', 200, 100, '중간', '없음', '경험자', '16~20℃', '0℃ 이하', '40 ~ 70%', '겨울의 대표적인 꽃, 동백은 꽃잎에 빛이 들면 어느 방향에서 봐도 예뻐요. 카페, 거실 어디든 한 순간에 공간의 분위기를 바꿔줘요. 꽃이 시들 때 꽃잎이 채 시들기도 전에 똑 떨어지는 것이 특징이예요. 동백이 많은 곳 주변에는 온 사방에 꽃봉오리가 떨어져 있어 꽃의 융단 같은 느낌이 든답니다.', '꽃말 \'자랑, 겸손한 아름다움 \' (컨테이너, 경계식재, 울타리식재, 기본식재)', '동백은 상록 활엽소 교목으로 남부지방, 제주도에 자생한다 꽃은 12~4월에 피어서 결실기는 가을이다. 잎은 타원형이고 길이 5~12cm. 폭 3~7cm이며, 엽병은 길이 2~15mm로 털이 없다. 꽃의 열매는 지름 3~5mm로 붉은색이 돌며 9월에 성숙한다. (“산다화“라 하며 약용으로 이용한다.) 동백나무는 꽃봉오리의 채취시기는 춘추부터 곡우(4월) 사이에 채취한다.', '필요함', '거실 창측 (실내깊이 150~300cm),발코니 내측 (실내깊이 50~150cm),발코니 창측 (실내깊이 0~50cm)', 7, '심을 때는 화분 배수 구멍은 잘 나 있는지, 배수가 잘 되는 흙인지 확인하시고, 겉흙에서 1cm 정도 밑까지 흙이 충분히 말랐을 때 물을 듬뿍 주시면 돼요', 5, '빛을 좋아하지만, 열에는 약한 편이라서 뜨거운 햇살은 피해줘야 해요.', 20, 5, '약간 선선한 정도의 따뜻함을 좋아해요. 낮은 온도에서도 잘 견디는 편이지만, 영하로 떨어지면 안돼요.', 'plant/19.jpg', '공기정화,반려동물', NULL),
	(20, '둥근잎 아랄리아', 'Polyscias balfouriana', 'false aralia, finger aralia, thread leaf false aralia', '둥근잎 아랄리아', '뉴칼레도니아, 폴리네시아', 150, 60, '거의 없음', '', '경험자', '21~25℃', '13℃ 이상', '40 ~ 70%', '아랄리아는 원산지에서 8m, 화분에서 150cm까지 자라는 대형식물로 실내에서 키우기 좋은 아이에요. 초록빛 톱니 모양의 잎이 싱그러운 분위기를 연출해줘서 인테리어 소품으로도 많이 활용한다고해요. 단풍과 닮은 뾰족한 잎이 날카로워보일 수 있지만 이국적인 분위기를 자아내요.', '', '가장자리에 무늬가 있는 잎도, 무늬가 없는 잎도 다 같이 단정하고 매력적이어서 동양적인 이미지의 나무이다. 키가 큰 나무는 고가이므로 작은 크기의 나무를 사서 잘 관리한다. 키우기가 쉽지 않은 품종이다. 특히 환경이 맞지 않으면 잎이 쉽게 떨어지므로 직사광선이 아닌 밝은 빛에 식물을 두고 겨울에는 건조하거나 춥지 않게 관리해야 한다. 가장 중요한 문제는 습도조절이다. 자주 잎에 분무해 주면 공중습도 유지에 좋다. 삽목시에는 발근 촉진제를 사용하는 편이 성공할 확률이 높다.', '필요함', '거실 내측 (실내깊이 300~500cm),거실 창측 (실내깊이 150~300cm),발코니 내측 (실내깊이 50~150cm),발코니 창측 (실내깊이 0~50cm)', 40, '건조함에 약한 편이라 아래 잎자루가 휘고 잎의 주름 간격이 좁아지면서 쪼그라들면 물을 주도록 해요', 5, ' 햇살이 드는 실내, 햇살이 없지만 밝은 실내에 두면 좋아요', 25, 18, '건조에 민감하여 잎이 바로 떨어지기 때문에 실내에서 키우기 쉬운 식물은 아니에요', 'plant/20.jpg', '공기정화,반려동물', NULL),
	(21, '드라세나  \'송오브자마이카\'', 'Dracaena reflexa \'Song of Jamaica\'', 'song of jamaica', '드라세나 \'송오브자마이카\'', '아프리카', 150, 50, '약함', '없음', '초보자', '16~20℃', '5℃', '40 ~ 70%', '드라세나 송 오브 자메이카는 길게 쭉쭉 자라나는 줄기가 이리저리 얽혀 풍성하게 자라요. 이국적인 매력을 가진 식물이예요.', '', '높이는 2-3m, 직립으로 자라며 잎은 길고 피침형으로 길이는 10-22cm, 폭 1.5-2cm의 황색바탕에 녹색의 외곽무늬가 들어 있으며 내음성이 강하다. 실내의 가장 밝은 장소에서 잘 자라는 편이며, 너무 어두운 그늘에 두고 키우면 광량 부족과 화분 흙이 과습한 경우 줄기가 가늘게 웃자라는 것은 물론 잎들이 떨어지며 줄기와 뿌리가 썩는 경우가 있다. 줄기를 잘라 삽목 하거나 어린 개체를 나누거나, 취목으로도 번식 할 수 있다. 잎끝 색이 바뀌거나 말라 들어가는 경우가 있으므로 2년에 한번 정도 청결한 흙으로 분갈이하는 것이 좋다. 줄기와 잎이 부드러운 느낌을 주어 실내 분화로 인기가 많다.', '보통 (약간 잘 견딤)', '거실 내측 (실내깊이 300~500cm),거실 창측 (실내깊이 150~300cm),발코니 내측 (실내깊이 50~150cm),발코니 창측 (실내깊이 0~50cm)', 5, '겨울철에는 차가운물을 사용하면 잎이 황변할 수 있으므로 하루쯤 받아둔 물을 사용 해야해요.', 4, '반양지~ 반음지에서 잘자라요. 햇빛이 어느 정도 들어오는 밝은 곳에 두면 잎의 색깔이 더욱 선명해져요.', 25, 18, '겨울에 창을 열어두고 오랜 시간 외출하는 일이 없도록 조심해 주세요. 또 여름에서 가을, 가을에서 겨울로 계절이 바뀔 때 창문을 열어두면 갑작스러운 온도 변화에 냉해를 입을 수 있어요. 일교차가 심할 때도 마찬가지로 냉해를 조심해 주세요.', 'plant/21.jpg', '초보집사,공기정화,집꾸미기', NULL),
	(22, '드라세나  \'와네끼\'', 'Dracaena deremensis \'Warneckii\'', 'striped dracaena ', '드라세나 \'와네끼\'', '아프리카', 150, 70, '약함', '애완동물에게 해로울 수 있음.', '초보자', '16~20℃', '13℃ 이상', '40 ~ 70%', '길쭉길쭉한 초록 잎 위에 흰색,노란색 선이 들어간 드라세나 와네키는 튼튼한 줄기가 길쭉길쭉하게 자라요. 위로 길게 자라는 식물을 좋아하는 가드너라면 꼭 추천하는 식물이예요.', '', '드라세나 와네키는 생육속도가 느린 편 이지만 누구나 쉽게 키울 수 있는 공기정화 식물이다. 가정에서 키우면 키가 보통 1m 안팎으로 자라지만 환경이 좋은 곳에서는 3m까지도 자란다. (잎의 길이: 20~50cm 폭 2~5cm정도 된다.) 물은 보통이며 약간 건조한 환경에서도 스프레이로 분무하면 잘 자란다. (물을 과하게 줄 경우 잎 끝이 갈색으로 변하기도 하고 물이 너무 부족하면 병약한 잎이 나오기도 한다.) 분갈이 시 화원에서 판매하는 배수성이 좋은 화분용 배합토에 모래나 마사토를 20~30% 섞어서 하면 된다. 반그늘을 좋아하며 여름철에는 다습한 환경을 좋아한다. (주기적으로 화분 위치를 바꿔 골고루 햇빛을 받을 수 있도록 한다.) 벤젠 제거에 효과적인 에코플랜트이다.', '보통 (약간 잘 견딤)', '거실 내측 (실내깊이 300~500cm),거실 창측 (실내깊이 150~300cm),발코니 내측 (실내깊이 50~150cm),발코니 창측 (실내깊이 0~50cm)', 7, '균일하게 촉촉함 유지하고, 빗물사용시 산성화 주의, 따뜻한물 사용해요', 5, '햇살이 드는 창문 앞, 햇살이 드는 실내에 두면 좋아요', 25, 18, '겨울에 창을 열어두고 오랜 시간 외출하는 일이 없도록 조심해 주세요. 또 여름에서 가을, 가을에서 겨울로 계절이 바뀔 때 창문을 열어두면 갑작스러운 온도 변화에 냉해를 입을 수 있어요. 일교차가 심할 때도 마찬가지로 냉해를 조심해 주세요.', 'plant/22.jpg', '초보집사,공기정화,집꾸미기', NULL),
	(23, '드라세나 \'송오브인디아\'', 'Dracaena reflexa \'Song of India\'', 'song of India', '송오브인디아, 송오브인디, (추천 유통명: 송오브인디아 드라세나)', '아프리카', 150, 50, '약함', '없음', '초보자', '16~20℃', '5℃', '40 ~ 70%', '번영과 영광\'이라는 꽃말이 있는 드라세나 송오브인디아는 노란 바탕에 초록 무늬가 들어간 긴 잎이 시원시원한 느낌을 줘요. 이국적인 느낌을 내고싶다면 꼭 추천하는 식물 중 하나예요.', '', '고급스러운 이미지에 맞게 꽃말은 번영과 영광, 다양한 크기와 무늬를 가진 품종이다. 어두운 그늘에서 잘 적응하는 반음지 식물, 직사광선은 피하고 추위에 약해 겨울에 따뜻하게 관리해야 한다. 잎과 가지를 가지치기해서 정리해 주어야 새로운 가지가 잘 나온다. 영양공급을 뒷받침에 주어야 약하게 자라지 않고 3~4개 이상의 굵고 튼튼한 여러 개의 가지로 자라나게 할 수 있다. 노란색 바탕의 잎에 짙은 녹색 무늬를 가진 소형종이며, 낮은 광도 등의 환경이 비교적 좋지 않는 곳에서도 잘 자라므로 실내조경에 자주 사용될 뿐 아니라 일반 가정에서도 매우 인기가 있어서 선물용으로 많이 이용되고 있다.', '보통 (약간 잘 견딤)', '거실 내측 (실내깊이 300~500cm),거실 창측 (실내깊이 150~300cm),발코니 내측 (실내깊이 50~150cm),발코니 창측 (실내깊이 0~50cm)', 14, '송오브 인디아는 쾌적할 정도의 토양습도가 느껴지는 토양을 좋아하는 나무에요. 물은 화분의 겉흙이 마르고 나서 조금 헤쳐보아 속흙까지 어느정도 일정 깊이까지 말라들어갈 무렵 다시 물을 주는 식으로 물관리를 해요.', 5, '실내의 가장 밝은 장소에서 잘 자라는 편이에요.너무 어두운 그늘에 두고 키울 경우 극심한 광량부족과 화분흙의 과습현상과 같은 이중의 스트래스를 받게 될 경우 줄기가 가늘게 웃자라는 것은 물론 잎들이 떨어져 버리며 줄기와 뿌리부분이 썩어들어가는 경우까지 있어요.', 25, 18, '혹한기에 창가로부터 밀려드는 한기에 잎이 지속적으로 접하게 되거나 영상 8도 이하의 저론에 처하게 되는 경우 이의 끝부분들이 갈색으로 말라들어가게 되는 경우가 있어 외모를 해치게 되니 주의할 필요가 있습니다.', 'plant/23.jpg', '초보집사,공기정화,집꾸미기,반려동물', NULL),
	(24, '드라세나 \'콤팩타\'', 'Dracaena deremensis \'Virens Compacta\'', 'calypso queen, dwarf bouquet, dracaena compacta', '콤팩타 (추천유통명: 드라세나 \'콤팩타\')', '아프리카', 100, 50, '약함', '애완동물에게 해로울 수 있음', '초보자', '16~20℃', '13℃ 이상', '40 ~ 70%', '드라세나 콤팩타는 1800년대 유럽에서 처음으로 인기를 끌었던 아이에요. 콤팩타라는 단어에서 유추할 수 있듯이 옥수수자루처럼 넓은 잎이 촘촘하게, 겹겹으로 자라나있어요. 가정에서 키우기 쉽고, 포름알데히드 제거에 탁월한 효과가 있어서 집들이 선물이나 개업 선물로도 좋아요.', '', '집안에서 키우기 아주 좋은 식물이며, 여름철에는 직사광선을 반드시 피해야 하고, 전체적으로 옥수수자루 같은 넓은 잎들이 방사형으로 무성하게 달리고 기왓장을 쌓듯 층층으로 성장한다. 수분은 약간 축축해도 상관없지만 과습할 경우 잎이 가늘고 거칠어진다. 잎은 짙은 암녹색이고 광택이 나며 줄기에서 나선형으로 촘촘하게 돌려 나온다. 밭흙, 부엽, 모래를 3:5:2의 비율로 혼합하고, 4~9월에 월 1회 복합비료를 준다. 고온다습한 장마철 겨울은 물주기를 줄인다. 건조한 것을 싫어하는 식물이기 때문에 겨울에 건조해지면 분무기로 한 번씩 뿌려 주는 것이 좋다. 공기정화능력으로 뛰어나다.(포름알데히드, 벤젠, 톨루엔 등 제거)', '보통 (약간 잘 견딤)', '실내 어두운 곳 (실내깊이 500 이상cm),거실 내측 (실내깊이 300~500cm),거실 창측 (실내깊이 150~300cm),발코니 내측 (실내깊이 50~150cm),발코니 창측 (실내깊이 0~50cm)', 7, '물을 지나치게 주어 과습 할 경우 잎이 가늘어지는 편이에요. 드라세나 콤팩타가 빠르게 성장하는 봄~가을에는 보통 주 1회 겉흙이 마르면 화분 밑으로 물이 흘러 나올만큼 듬뿍 주세요. ', 3, '반양지 ~ 반음지 햇빛을 좋아하지만, 그늘에서도 잘자라요', 25, 18, '포근한 온도에서 무난하게 잘 자라요. 따뜻한 온도에서 빠르게 성장하지만 온도가 낮아질수록 성장속도가 느려져요. 4℃ 이하에서는 냉해를 입을 수 있으니 추운 겨울철에는 실내 또는 베란다의 따뜻한 곳에서 키우는 것이 좋아요.', 'plant/24.jpg', '초보집사,공기정화', NULL),
	(25, '드라세나 드라코', 'Dracaena draco', 'dragon tree', '드라코 (추천 유통명 : 드라세나 드라코)', '아프리카', 150, 50, '약함', '애완동물에게 해로울 수 있음', '경험자', '21~25℃', '13℃ 이상', '40 ~ 70%', '드라세나 드라코는 목대에서 뻗어나오는 가늘고 긴 잎들이 멋진 식물로 공기정화효과가 뛰어나고 관리가 쉬워 실내에서 키우기 좋은 식물이에요.', '', '드라세나 드라코는 자연서식지에서는 거목이나 실내에서는 겨우 1m까지만 자란다. 빛이 충분하면 잎 가장자리에 약간 붉은색을 띄운다. 오래된 잎은 아래쪽으로 아치형을 그린다. 줄기나 잎을 자르면 그 단면에 붉은 액체가 흐른다고 해서 ‘용혈수’(龍血樹)라 불린다. 산소와 음이온을 많이 내뿜어 공기정화 효과가 뛰어나다. 이국적인 느낌의 관상가치가 높은 실내식물이다. ', '필요함', '거실 내측 (실내깊이 300~500cm),거실 창측 (실내깊이 150~300cm),발코니 내측 (실내깊이 50~150cm),발코니 창측 (실내깊이 0~50cm)', 14, '드라세나 드라코는 과습한 환경이 더 좋지 않아요. 드라세나 드라코가 빠르게 성장하는 봄~가을에는 보통 2주 1회 겉흙이 마르면 화분 밑으로 물이 흘러 나올만큼 듬뿍 주세요. 물을 준 뒤 통풍이 잘 되는 곳에서 관리해주세요.', 5, '햇빛은 식물이 살아가는데 있어서 꼭 필요한 요소에요. 드라세나 드라코는 창문이나 커튼을 거친 부드러운 햇빛을 좋아해요. 어두운 곳에서도 잘자라지만 햇빛이 부족할 경우 웃자랄 수 있으니 밝은 곳에서 키우는 것이 좋아요.', 25, 21, '포근한 온도에서 무난하게 잘 자라요. 따뜻한 온도에서 빠르게 성장하지만 온도가 낮아질수록 성장속도가 느려져요. 5℃ 이하에서는 냉해를 입을 수 있으니 추운 겨울철에는 실내 또는 베란다의 따뜻한 곳에서 키우는 것이 좋아요.', 'plant/25.jpg', '초보집사,공기정화', NULL),
	(26, '드라세나 마지나타', 'Dracaena marginata', 'Madagascar dragon tree, red edged Dracaena', '드라세나 마지나타', '아프리카', 150, 50, '약함', '없음', '초보자', '16~20℃', '10℃', '40 ~ 70%', '가느다랗고 긴 줄기 끝에서 얇고 긴 잎들이 퍼져나오듯 자라는 드라세나 마지나타는 빛이 들어오는 방향으로 줄기를 뻗는 습성이 있어 화분을 돌려가며 키우면 감각적인 수형을 만들 수 있어요. 많은 관리가 필요하지 않아 바쁜 가드너들도 키울 수 있는 식물이예요.', '컨테이너, 경계식재, 기본식재', '우리나라에는 1960년대부터 들어와서 실내식물로 많이 알려졌다. 드라세나 마지나타는 잎 모양이 창처럼 가느다랗고 잎 길이는 60cm 내외이다. 또한, 야자수 잎처럼 뭉쳐나는 아름다운 잎들은 미술관, 관공서, 호텔, 쇼핑몰, 고급 레스토랑의 입구에서 우아한 자태를 뽐내곤 한다. 뿌리가 화분구멍으로 나오는 경우 흙이 굳어져서 물 흡수가 제대로 되지 않는 경우나, 뿌리가 썩어 식물 아랫부분 잎이 시드는 경우, 분갈이를 해주는 것이 좋다. 봄 4~6월, 겨울은 9~10월 사이에 하는 것이 좋다. 드라세나 마지나타는 자일렌과 트리클로로에틸렌 등 실내 독성물질 제거 능력이 우수해 공기청정기 역할을 톡톡히 해내므로 실내공기 정화에 좋다.', '보통 (약간 잘 견딤)', '거실 내측 (실내깊이 300~500cm),거실 창측 (실내깊이 150~300cm),발코니 내측 (실내깊이 50~150cm),발코니 창측 (실내깊이 0~50cm)', 20, '드라세나 마지나타는 뿌리가 잘 발달되어 있어 건조에 견디는 힘이 강하고 과습에는 약해요. 물이 과다하면 줄기가 물러지고 잎이 갈색으로 변해요. 항상 흙마름을 체크하신 후 물을 주셔야 뿌리 과습을 예방할 수 있어요. 화분의 절반 정도 높이의 흙이 보송하게 말랐을 때 물을 주세요. ', 4, '드라세나 마지나타는 밝은 빛을 좋아해요. 빛이 부족한 실내에서도 잘 자라지만 너무 어두운 곳에서는 잎 색이 흐릿해지고 줄기가 웃자랄 수 있어요. 직접적인 강한 빛 아래에서는 잎 끝이 탈 수 있으니 주의해주세요.', 32, 24, '추위에 예민한 식물이에요. 온도 변화가 심한 창가나 에어컨, 난방 기구 근처에 두지 마세요. 특히 차가운 바람이 드나드는 곳은 피해주세요. 드라세나 마지나타의 잎이 툭 떨어질 수 있습니다.', 'plant/26.jpg', '초보집사,공기정화,집꾸미기', NULL),
	(27, '디펜바키아 \'마리안느\'', 'Dieffenbachia \'Marianne\'', 'dieffenbachia maculata', '마리안느, 옥마리안느 (추천 유통명 : 마리안느 디펜바키아)', '열대 아메리카', 50, 30, '거의 없음', '있음 (수액이 피부 자극을 일으킬 수 있음)', '경험자', '21~25℃', '13℃ 이상', '40 ~ 70%', '디벤바키아 마리안느는 넓은 잎과 연녹색의 무늬가 특징인 식물이에요. 실내의 포름알데히드 제거 등 공기정화효과가 뛰어난 식물로도 알려져 있어요.', '화단화초, 컨테이너, 특색있는식물, 실내식물, 열대식물', '부드러운 연녹색 잎의 중앙에 선명한 흰색 무늬가 있는 소형종이다. 잎 모양, 색깔, 크기 등에 따른 다양한 품종이 있다. 밝은 반그늘이 적합하고, 5~9월의 생장기에는 실외에서 키울 수 있다. 빛이 적고 따뜻한 실내에서 잘 자라고, 추위에 매우 약한 식물이기 때문에 찬바람에 노출되지 않게 주의하고, 분갈이는 따뜻한 봄에 하는 것이 좋다. 녹색 바탕 잎 중앙부분에 황백색의 무늬가 있어 부드러운 느낌을 자아낸다. 수액이 피부에 닿으면 알레르기, 가려움증이 생길 수 있으므로 주의한다.', '필요함', '거실 창측 (실내깊이 150~300cm),발코니 내측 (실내깊이 50~150cm),발코니 창측 (실내깊이 0~50cm)', 4, '디펜바키아는 꾸준한 수분 공급이 중요한 식물입니다. 물을 주기 전 겉 흙이 3~5cm정도 마른 것을 확인한 후 물을 주시는 것이 좋아요. 물을 과하게 주면 뿌리가 숨을 잘 쉬지 못하기 때문에 물을 주신 후에는 환기를 시켜 공기를 순환시키고, 화분 받침대에 고인 물은 바로 버려주어야 한답니다.', 2, '디펜바키아는 빛이 적은 환경에서도 잘 자라요. 밝은 간접광을 받을 수 있는 곳에서 가장 건강하게 잘 자란답니다.', 25, 21, '따뜻한 온도를 좋아하고 추위에는 아주 약하기 때문에 여름철에는 에어컨 바람을 직접 받지 않는 곳에서 키워주시고, 겨울철에는 꼭 따뜻한 실내에서 키워주세요. 온도가 낮아질수록 성장속도가 느려져 새 잎을 내어주지 않을 수 있어요.', 'plant/27.jpg', '초보집사,공기정화', NULL),
	(28, '디펜바키아 \'트로픽스노우\'', 'Dieffenbachia amoena \'Tropic snow\'', 'dumb cane', '디펜카키아, 디펜바키아 (추천 유통명 : 디펜바키아 \'트로픽스노우\')', '열대 아메리카', 50, 30, '거의 없음', '강함 (수액이 피부 자극을 일으킬 수 있음)', '경험자', '21~25℃', '13℃ 이상', '40 ~ 70%', '가운데 하얗게 퍼지는 흰색 무늬가 매력적인 디펜바키아 트로픽스노우는 크고 넓게 나는 잎이 이국적인 느낌을 줘요.', '컨테이너, 특색있는 식물, 실내식물, 열대식물', '줄기는 굵고 크며, 잎은 두껍고 넓다. 생육이 강건한 품종으로 내한력이 약하다. 대형종이며 줄기는 두터워지고, 잎은 광택이 있는 짙은 녹색으로 유백색의 불규칙한 반점 무늬가 있다. 직사광선이 아닌 실내 밝은 장소에서 잘 자란다. 식물 전체에 독이 있기 때문에 일단, 입에 들어가면 심하게 아프고 혀와 성대에 마비 증상이 생겨 한동안 말하기가 어렵고 또 수액이 피부에 닿으면 알레르기, 가려움증이 생길 수 있다. 식물 전체에 독이 있기 때문에 식용은 금한다. 일단 입에 들어가면 심하게 아프고 혀와 성대에 마비 증상이 생겨 한동안 말하기가 어렵고 또 수액이 피부에 닿으면 알레르기, 가려움증이 생길 수 있다.', '필요함', '거실 내측 (실내깊이 300~500cm),거실 창측 (실내깊이 150~300cm),발코니 내측 (실내깊이 50~150cm),발코니 창측 (실내깊이 0~50cm)', 4, '디펜바키아 트로픽스노우가 빠르게 성장하는 봄~가을에는 보통 주 1~2회 겉흙이 마르면 화분 밑으로 물이 흘러 나올만큼 듬뿍 주세요. 여름 장마철과 겨울에는 성장속도가 느려지기 때문에 물 주는 주기를 늘려주세요. ', 4, '디펜바키아 트로픽스노우는 창문이나 커튼을 거친 부드러운 햇빛을 좋아해요. 직접적인 햇빛을 오랜시간 받으면 잎이 탈 수 있으니 주의해주세요. 잎이 탔다면 소독한 가위로 말끔하게 잘라내주세요.', 27, 16, '포근한 온도에서 무난하게 잘 자라요. 따뜻한 온도에서 빠르게 성장하지만 온도가 낮아질수록 성장속도가 느려져요. 8℃ 이하에서는 냉해를 입을 수 있으니 추운 겨울철에는 실내 또는 베란다의 따뜻한 곳에서 키우는 것이 좋아요.', 'plant/28.jpg', '초보집사', NULL),
	(29, '떡갈잎 고무나무', 'Ficus lyrata', 'fiddle leaf fig', '떡갈나무, 떡깔나무 (추천 유통명 : 떡갈잎고무나무)', '서아프리카', 200, 70, '거의 없음', '강함 (식물체 전체에 독이 있음)', '초보자', '16~20℃', '13℃ 이상', '40 ~ 70%', '잎이 풍성하면서도 굵은 나뭇가지에 달려있어 힘이 느껴지는 아이예요. 진한 녹색에 윤기도 흐르는 잎을 가지고 있어서 실내에 두면 분위기가 한 번에 초록초록 싱그러워져요. 잎 크기도 상당해서 어느 곳에 둬도 존재감이 느껴져요. 그래서 아파트 거실, 카페, 레스토랑처럼 비교적 큰 공간에서 더욱 사랑을 받고 있어요.', '컨테이너, 실내식물, 나무그늘, 가로수, 토피어리, 분재, 열대식물', '큼직하고 진한 잎 색상 때문에 중후한 멋이 있는 떡갈잎 고무나무는 강한 생명력과 멋진 모양 덕분에 인기가 많다. 잎의 길이는 평균 30cm 정도이며, 잎이 두껍다. 잎자루가 짧고 잎면은 파상이 우글쭈글하다. 과습으로 인해 잎이 검게 변하면서 떨어질 수 있으므로 주의해야 한다. 갈나무에 익숙한 우리에게는 친근감이 감겨 단독으로 식재하는 것보다 모아 심는 것이 운치 있어 보인다.', '필요함', '거실 창측 (실내깊이 150~300cm),발코니 내측 (실내깊이 50~150cm),발코니 창측 (실내깊이 0~50cm)', 4, '흙이 축축한 것은 좋아하지 않아 화분 속 흙이 대부분 보송하게 마른 것을 확인한 후 물을 주시는 게 좋아요. 흙의 축축한 상태가 오래 지속되면 뿌리가 숨을 잘 쉴 수 없게 만들어 뿌리썩음을 유발할 수 있어요. 또한 온도 변화에 예민해 물을 주실 때는 너무 차가운 온도의 물 보다 살짝 미지근한 온도의 물을 주는 게 좋아요.', 3, '떡갈잎 고무나무는 은은한 밝은 빛을 좋아해요. 직접적인 강한 빛 아래에서는 잎 끝이 탈 수 있으니 주의해주세요. 너무 어두운 곳에서는 잎 색이 흐릿해지고 잎을 떨굴 수 있어요. 떡갈잎 고무나무는 적은 빛 조건에도 잘 적응하지만, 밝은 빛도 좋아해요.', 20, 16, '보통 실내 온도에서 잘 자라고 따뜻한 환경을 좋아해요. 하지만 추위에는 아주 약해 겨울철의 추위를 신경 써야 한답니다.', 'plant/29.jpg', '초보집사,공기정화', NULL),
	(30, '러브체인', 'Ceropegia woodii', 'rosary vine, string of hearts', '러브체인', '짐바브웨, 나타루(브라질)', 5, 30, '거의 없음', '없음', '경험자', '16~20℃', '10℃', '40% 미만', '하트모양의 잎이 줄기를 따라 마주보면서 자라나는 러브체인은 덩굴형태로 자라나는 식물이에요. 식물로 공간을 예쁘게 연출한다면 필수인 아이예요. 잎이 통통하고 하트모양이라 만져보면 정말 귀여워요. 줄기마다 뿌리를 가지고 있어 하나의 화분을 들이고 난 뒤 여러개로 나누어 키우는 식집사도 많아요.', '행잉 바스켓', '온도가 적당하여 정상적인 성장이 지속한다면 그에 맞춰 비료도 자주 주어야 길게 늘어지며 자란다. 폭포처럼 아래쪽으로 길게 늘어지는 특성이 있어 거실이나 베란다에 걸어두면 보기 좋다. 줄기는 1~3m까지 자라며, 잎 앞면에 회백색 그물 무늬가 있고 뒷면은 적자색이다. 다른 덩굴식물과는 달리 땅속줄기에 덩이뿌리(물 저장뿌리)가 있어 다습한 환경을 싫어하고, 건조에 강하다. 여름철에 1~2cm 분홍색 깔때기 모양으로 생긴 독특한 통꽃이 피고 꽃이 피는 기간은 긴 편이다. 번식은 줄기 삽목을 주로 이용하는데, 덩굴을 두세 마디씩 잘라서 땅에 꽂거나 덩굴에 생기는 작은 덩이를 묻어두면 싹이 난다. - 환기: 규칙적인 환기가 필요. - 물관리: 과습과 과한 물주기는 피해야 함. 빗물을 주면 토양이 산성화 될 수도 있음. 따뜻한 물을 사용하세요. - 행잉 바구니에 적합한 식물.', '보통 (약간 잘 견딤)', '거실 창측 (실내깊이 150~300cm),발코니 내측 (실내깊이 50~150cm),발코니 창측 (실내깊이 0~50cm)', 12, '러브체인은 잎이 다육질로 이루어져있어요, 과잉 관수로 인한 다습한 환경이 더 좋지 않아요, 겨울, 가을에는 관수 횟수를 줄여주세요. 봄, 여름철 2주 1회 통풍이 잘되는 곳에서 12~18일 에 한 번씩 물을 주세요.', 3, '러브체인은 창문이나 커튼을 거친 부드러운 햇빛을 좋아해요. 어두운 곳에서도 잘자라지만 햇빛이 부족할 경우 웃자랄 수 있으니 밝은 곳에서 키우는 것이 좋아요. 러브체인은 직접적인 햇빛을 오랜시간 받으면 잎이 탈 수 있으니 주의해주세요.', 20, 16, '서늘한 온도에서 무난하게 잘 자라요. 따뜻한 온도에서 빠르게 성장하지만 온도가 낮아질수록 성장속도가 느려져요. 추위에 약해 10℃ 이하에서는 냉해를 입을 수 있어요. 추운 겨울철에는 실내의 따뜻한 곳에서 키우는 것이 좋아요.', 'plant/30.jpg', '초보집사,공기정화,반려동물', NULL),
	(31, '마삭줄', 'Trachelospermum asiaticum', 'Trachelospermum asiaticum', '마삭나무, 마삭줄 (추천 유통명 : 마삭줄)', '한국, 일본, 대만', 100, 50, '강함', '', '초보자', '16~20℃', '0℃ 이하', '40 ~ 70%', '흰색, 핑크색, 초록색, 붉은색의 조화를 한 화분에서 감상할 수 있는 아이예요. 가을에는 붉게 단풍도 든답니다.', '컨테이너, 지피식재, 행잉바스켓, 암석정원, 토피아리, 분재, 울타리', '상록의 덩굴성 목본으로 흑갈색 줄기를 가지고 있다. 줄기는 길게 약 5m 정도 뻗으며, 줄기에서 뿌리를 내려 바위나 나무 등에 기어오른다. 꽃은 5~6월에 흰색으로 피고 지름은 2~3cm이며, 흰색에서 노란색으로 변하고 취산꽃차례를 이룬다. 타원형의 잎은 마주나며, 길이 2~5cm로 윤이 나고 두껍다. 열매는 원통형의 골돌과로 9월에 익으며 길이 12~22cm로 2개가 달린다. 잎과 줄기는 해열, 강장, 진통 및 생리통 등에 약용으로 쓰이기도 한다. 산지 숲 가장자리나 숲 속 습기가 있는 곳의 바위나, 큰 나무줄기에 칭칭 동여맨 듯 부착되어 있다.', '보통 (약간 잘 견딤)', '거실 창측 (실내깊이 150~300cm),발코니 내측 (실내깊이 50~150cm),발코니 창측 (실내깊이 0~50cm)', 7, '건조에도 잘 견디는 식물이지만 목이 마르면 새 잎이 말라 흙이 바싹 마르지 않게 관리해주시는 게 좋아요. 화분 위에서 3cm 정도 높이의 흙이 보송하게 말랐을 때 물을 주세요. 물을 주실 때는 화분 밑으로 물이 빠져나올 때까지 충분히 주셔야 흙 전체에 충분히 물이 흡수될 수 있답니다. ', 5, '오색마삭줄은 강한 햇빛 아래에서도 잎 색을 바꾸어가며 잘 자라요. 실외에서 강한 햇빛을 받으며 자라왔기 때문에 바깥만큼 빛이 강하지 않은 실내에서는 잎 색이 짙은 녹색으로 변할 수 있어 실내공간에서도 가장 빛이 잘 들어오는 곳에서 키워주는 게 좋아요.', 20, 16, '온도에 대한 적응력이 뛰어난 식물입니다. 보통 실내 온도에서 잘 자라고 추위에도 강한 편이지만 무더운 여름철 온도관리에 주의해야해요.', 'plant/31.jpg', '초보집사,공기정화', NULL),
	(32, '만데빌라', 'Mandevilla sanderi', 'Brazilian Jasmine, Red Riding Hood, Pink Allamanda', '넬슨, 만데빌라 (추천 유통명 : 만데빌라)', '브라질', 100, 50, '거의 없음', '강함 (식용하면 안됨)', '경험자', '16~20℃', '13℃ 이상', '40 ~ 70%', '나팔꽃 모양의 꽃이 매력적인 만데빌라는 브라질 자스민이라는 별명이 있어요. 자스민처럼 향기로운 향을 풍겨요. 길게 자라는 덩굴식물로 행잉 바스켓 등에 넣어 키우면 멋지게 연출할 수 있어요.', '컨테이너, 행잉바스켓, 토피아리, 분재, 실내식물, 열대식물', '브라질 자스민, 동백 자스민이란 이름처럼 꽃이 화려하고 은은한 향기를 지닌 매력적인 덩굴식물로 약간 건조하게 관리한다.', '필요함', '거실 창측 (실내깊이 150~300cm),발코니 내측 (실내깊이 50~150cm),발코니 창측 (실내깊이 0~50cm)', 14, ' 만데빌라를 키우실 때에는 물에 영양제를 희석해서 2주에 한번 정도 주시는 게 좋으며, 겨울철에는 영양제 없이 그냥 물만 주셔도 돼요', 5, '실외 직사광, 햇살이 드는 창문 앞에 두면 좋아요', 23, 16, '겨울에 창을 열어두고 오랜 시간 외출하는 일이 없도록 조심해 주세요. 또 여름에서 가을, 가을에서 겨울로 계절이 바뀔 때 창문을 열어두면 갑작스러운 온도 변화에 냉해를 입을 수 있어요. 일교차가 심할 때도 마찬가지로 냉해를 조심해 주세요.', 'plant/32.jpg', '집꾸미기', NULL),
	(33, '멕시코소철', 'Zamia pumila', 'sago palm', '멕시코소철', '멕시코, 자마이카, 콜롬비아, 서인도', 100, 100, '거의 없음', '열매식용하면 안됨', '초보자', '21~25℃', '10℃', '40 ~ 70%', '다른 소철보다 넓고 둥근 잎을 가진 멕시코소철은 열대 아메리카에서 온 관엽식물이예요. 성장속도는 느리지만, 그만큼 오래오래 푸른 빛을 보여줘요. ', '컨테이너, 지피식재, 혼합테두리식재, 해안식재, 특색있는식물, 열대식물', '소철은 열대 및 아열대 아메리카에 약 40종이 분포한다. 잎은 1년에 한번씩 새로 자라나며, 줄기의 끝이 굵은 것 일수도록 많이 나오고, 새로 나온 잎이 완전히 굳어질 때까지 먼저 잎을 자르지 않는 것이 좋다. 잎은 골판지처럼 딱딱해서 이국적인 모습을 연출할때 이용한다. 줄기는 괴경상으로 높이는 15cm, 엽장은 120cm까지 있고 소엽은 딱딱하고 4~22 개가 마주난다. 잎은 반 광택이 있는 황록색으로 마치 소철잎과 같이 붙어 있으나 엽육이 두텁고 잎이 크며 주로 관엽식물로 재배되고 있으며, 깃털모양의 우상엽(깃털잎)이다. 줄기와 잎은 갈색의 뽀얀 털 내지는 가루 같은 것으로 덮여있다.', '낮음 (잘 견딤)', '거실 창측 (실내깊이 150~300cm),발코니 내측 (실내깊이 50~150cm),발코니 창측 (실내깊이 0~50cm)', 14, '멕시코 소철이 빠르게 성장하는 봄~가을에는 보통 2주 1회 겉흙이 마르면 화분 밑으로 물이 흘러 나올만큼 듬뿍 주세요. 겨울에는 성장속도가 느려지기 때문에 물 주는 주기를 늘려주세요.', 5, '멕시코 소철은 강렬한 햇빛을 좋아해요. 야외에서 키우거나, 실내의 경우 햇빛이 가장 많이 드는 밝은 곳에서 키우는 것이 좋아요. 한여름의 뜨거운 햇빛 아래서는 잎이 탈 수 있으니 주의해주세요.', 26, 18, '포근한 온도에서 무난하게 잘 자라요. 따뜻한 온도에서 빠르게 성장하지만 온도가 낮아질수록 성장속도가 느려져요. 추위에 약해 10℃ 이하에서는 냉해를 입을 수 있어요. 추운 겨울철에는 실내의 따뜻한 곳에서 키우는 것이 좋아요.', 'plant/33.jpg', '공기정화,반려동물', NULL),
	(34, '멜라니 고무나무', 'Ficus elastica \'Robusta\'', 'Robust Rubbertree, Rubber Plant, Rubbertree', '멜라니 고무나무', '인도, 말레이시아', 150, 70, '거의 없음', '', '경험자', '21~25℃', '13℃ 이상', '40 ~ 70%', '멜라니 고무나무는 식물계의 미니멀리스트 같아요. 인도고무나무와 비슷한 모습을 가지고 있지만 붉은 기가 도는 입맥, 그리고 더 어두운 초록색의 잎을 펼쳐요. 이 아이는 작은 키일 때 귀여워요. 공기정화효과가 뛰어나고 대부분 실내환경에서 키우기 좋아 인기가 많아요.', '컨테이너, 열대식물, 실내식물, 그늘제공', '야생에서는 커다란 교목으로 자라는 고무나무로 잎 모양은 크고 넓은 둥근 타원형으로 엽육이 두껍고 생육이 왕성하고, 음이온과 산소발생량이 많은 식물이다. 형태로 새로 나오는 잎은 색이 붉은빛이나 차츰 성장하며 짙은 녹색으로 바뀌는 아름다운 품종입니다. 라텍스를 포함하고 있는 가죽질감의 짙은 녹색을 띤 뚜꺼운 잎을 가지고 있으며, 이면의 주맥과 잎대는 적갈색이고, 2,5m까지 자란다. 작은 그릇에 꽃 2~3송이와 잎 1장으로도 아름다움을 살릴수 있는 식물이다. 세계적으로 약 800~2000종이 분포되어 있다.', '필요함', '거실 창측 (실내깊이 150~300cm),발코니 내측 (실내깊이 50~150cm),발코니 창측 (실내깊이 0~50cm)', 7, '멜라니 고무나무는 흙이 축축한 것은 좋아하지 않아 화분 위에서 3~5cm 정도 높이까지 보송하게 마른 것을 확인한 후 물을 주시는 게 좋아요. 흙의 축축한 상태가 오래 지속되면 뿌리가 숨을 잘 쉴 수 없게 만들어 뿌리썩음을 유발할 수 있어요. 또한 온도 변화에 예민해 물을 주실 때는 너무 차가운 온도의 물 보다 살짝 미지근한 온도의 물을 주는 게 좋아요.', 4, '은은한 밝은 빛을 좋아해요. 직접적인 강한 빛 아래에서는 잎 끝이 탈 수 있으니 주의해주세요. 너무 어두운 곳에서는 잎 색이 흐릿해지고 잎을 떨굴 수 있어요. 멜라니 고무나무는 적은 빛 조건에도 잘 적응하지만, 밝은 빛도 좋아해요.', 25, 21, '따뜻한 열대 지역에서 온 멜라니 고무나무는 추위에 아주 약하고 온도변화에 예민한 식물이에요. 온도 변화가 심한 창가나 에어컨, 난방기구 아래에 두지 마세요. 특히 차가운 바람이 드나드는 곳은 피해주세요. 멜라니 고무나무의 잎이 떨어질 수 있어요.', 'plant/34.jpg', '초보집사,공기정화', NULL),
	(35, '몬스테라 델리시오사', 'Monstera deliciosa', 'swiss cheese plant, window plant, cut leaf philodendron, geriman, fruit salad plant', '몬스테라', '멕시코남부, 파나마, 중앙 아메리카(과테말라)', 150, 100, '약함', '식물체 독성임. (어린이주변에 두지말 것)', '초보자', '16~20℃', '13℃ 이상', '70% 이상', '플랜테리어의 대표적인 식물이에요. 잎 사이가 찢어진 모습, 구멍이 난 이국적인 모습과 함께 잎의 크기가 압도적이라 실내 분위기를 한번에 바꿔줘요. 열대 아프리카, 멕시코에서 온 몬스테라는 어느정도 건조하거나 과하게 습해도 잘 살아남는 생명력을 자랑해요.', '식용, 특색있는 식물, 실내식물, 덩굴식물', '몬스테라는 덩굴성 대형관엽식물로 6~8m 까지 자란다. 잎은 어긋나고 성숙한 것은 지름 1m 정도이다. 잎은 진녹색으로 크고 광택이 나며 잎맥 사이에 군데군데 타원형의 구멍이 파여 있어 폭우나 강한 바람에도 견딜 수 있는 구조로 발달 됐다. 흰색의 꽃이 피고 열매도 달린다. 그리고 잎은 절엽으로 하여 꽃꽂이 재료로도 쓰인다. 직시광선에 노출시키면 잎이 타기 쉬우므로 그늘에 둬야 한다.', '보통 (약간 잘 견딤)', '거실 창측 (실내깊이 150~300cm),발코니 내측 (실내깊이 50~150cm),발코니 창측 (실내깊이 0~50cm)', 7, '촉촉한 공기는 좋아하지만, 뿌리 과습에는 약한 식물입니다. 항상 흙마름을 체크하신 후 물을 주셔야 뿌리 과습을 예방할 수 있답니다. 화분 위에서 3cm 정도 높이의 흙이 보송하게 말랐을 때 물을 주세요. ', 2, '키 큰 나무 밑에서 빛이 반쯤 드는 그늘에서 살고 있어요. 그래서 직접적인 햇빛보다 밝은 간접적인 빛을 좋아해요.', 25, 15, '열대 지역에 사는 몬스테라 델리시오사는 따뜻한 환경을 좋아하고 보통 실내 온도에서 잘 자라요. 다만 겨울철의 추위를 신경 써야 한답니다.', 'plant/35.jpg', '초보집사,공기정화', NULL),
	(36, '무늬 벤자민 고무나무', 'Ficus benjamina \'Variegata\'', 'weeping fig, Benjamin tree', '무늬벤자민고무나무', '남아시아(인도), 동남아시아(말레이시아), 오스트랄리아북부', 150, 100, '거의 없음', '', '초보자', '21~25℃', '13℃ 이상', '40 ~ 70%', '무늬 바로크 벤자민은 고무나무 종류로, 건조와 여름 더위에 강하기 때문에 집에서 키우기 쉬운 아이 중 하나예요. 머리에 헤어롤을 말아놓은 것처럼 안쪽으로 말린 잎과 아이보리색 무늬가 무척 매력적이에요. 햇빛을 잘 쬐어줘야 더욱 예쁜 무늬를 가질 수 있으니 햇빛이 잘 드는 창가에서 키우는 것을 추천드려요.', '꽃말 \'변덕쟁이\' (컨테이너, 특색있는 식물, 분재, 실내식물, 차폐방풍식재, 그늘제공, 토피아리 용)', ' 저온에서도 잘 견디지만 저온, 음지, 과습 조건이 되면 잎이 떨어지기 쉬운 실내 환경이나 햇볕이 잘 드는 곳에 두고 잎에 영양을 공급해 주면 좋고 지나친 과습이나 건조는 피한다. 젖은 물수건으로 잎을 닦아주며 잎이 작고 성장함에 따라 가지는 우아하게 늘어지며 건조한 환경에 강하다. 줄기에 탄력성이 좋아 줄기를 만져줄 수록 부드러워지고, 그런 후 원하는 모양대로 유인할 수 있다. 공기정화능력은 포름알데히드, 벤젠, 톨루엔, 크실렌, 클로로포름 제거한다.', '보통 (약간 잘 견딤)', '거실 창측 (실내깊이 150~300cm),발코니 내측 (실내깊이 50~150cm),발코니 창측 (실내깊이 0~50cm)', 7, '벤자민 고무나무는 화분 속 흙이 바싹 마르지 않게 관리해야하는 식물이에요. 하지만 흙이 계속 물에 잠겨있으면 뿌리가 호흡을 하지 못해 과습의 피해를 입을 수 있으므로, 화분 위에서 3~5cm 정도의 높이까지 흙이 보송하게 마른 것을 확인한 후 물을 주시는 게 좋아요.', 3, '벤자민 고무나무는 은은한 밝은 빛을 오래 볼 수 있는 공간을 좋아해요. 직접적인 강한 빛 아래에서는 잎 끝이 탈 수 있으니 주의해주세요. 너무 어두운 곳에서는 잎 색이 흐릿해지고 잎을 떨굴 수 있어요. 다른 고무나무 종류보다 빛에 예민한 편이기 때문에 밝은 빛을 유지해 주는 게 중요해요.', 25, 21, '따뜻한 지역에서 온 벤자민 고무나무는 추위에 아주 약하고 온도변화에 예민한 식물이에요. 온도 변화가 심한 창가나 에어컨, 난방기구 아래에 두지 마세요. 특히 차가운 바람이 드나드는 곳은 피해주세요.', 'plant/36.jpg', '초보집사,공기정화', NULL),
	(37, '무늬산호수', 'Ardisia pusilla \'Variegata\'', 'Japanese Ardisia, Marlberry, Variegated Japanese Ardisia', '무늬산호수', '한국, 중국, 일본', 30, 30, '', '(섭취하면 안됨)', '초보자', '21~25℃', '0℃ 이하', '40 ~ 70%', '종이같은 독특한 질감과 아름다운 무늬를 가진 무늬산호수예요. 어느 장소라도 잘 어울리는 자연스러운 매력을 가지고 있어요.', '꽃말 \'용감, 총명\' (컨테이너, 테두리식재, 혼합경계식재, 암석정원, 토피아리, 실내식물)', '야생화초로 키우지만 예로부터 약용으로 쓰이던 식물입니다. 반양지성 식물로 밝은 실내나 오전 1-2시간 햇빛이 드는 베란다 등에서 기르면 되고 한낮의 직사광선에는 잎이 화상을 입어 모양이 흉해진다. 산호수는 햇볕의 세기에 따라서 열매가 빨리 자라기도 하고 색깔도 빨리 빨개지며 특히, 관수를 잘 해주어야 하며, 배수상태에 따라서 틀리지만, 보통의 경우 2~3일에 한번, 겨울철엔 4~5일 정도에 한번 흠뻑 주어야 말라 떨어지지 않는다. 물 관리만 잘하면 몇 년이 지나도 열매가 떨어지지 않고 그대로 달려 있으며 다음해엔 또 새로운 꽃이 피고 열매를 맺지만, 무늬산호수는 열매 맺기가 쉽지 않다.', '보통 (약간 잘 견딤)', '거실 창측 (실내깊이 150~300cm),발코니 내측 (실내깊이 50~150cm),발코니 창측 (실내깊이 0~50cm)', 7, '무늬 산호수가 빠르게 성장하는 봄~가을에는 보통 주 1~2회 겉흙이 마르면 화분 밑으로 물이 흘러 나올만큼 듬뿍 주세요. 겨울에는 성장속도가 느려지기 때문에 물 주는 주기를 늘려주세요.', 4, '무늬 산호수는 창문이나 커튼을 거친 부드러운 햇빛을 좋아해요. 햇빛이 부족할 경우 잎의 색이 연해질 수 있으니 밝은 곳에서 키우는 것이 좋아요. 한여름의 뜨거운 햇빛 아래서는 잎이 탈 수 있으니 주의해주세요.', 26, 18, '포근한 온도에서 무난하게 잘 자라요. 따뜻한 온도에서 빠르게 성장하지만 온도가 낮아질수록 성장속도가 느려져요. 5℃ 이하에서는 냉해를 입을 수 있으니 추운 겨울철에는 베란다나 실내의 따뜻한 곳에서 키우는 것이 좋아요.', 'plant/37.jpg', '공기정화,집꾸미기', NULL),
	(38, '무늬유카', 'Yucca elephantipes \'Variegata\'', 'Spineless yucca, Giant yucca', '무늬유카', '중앙아메리카 (사막, 평원)', 150, 50, '거의 없음', '', '초보자', '21~25℃', '7℃', '40 ~ 70%', '가느다란 유카 잎에 노란색,분홍색 무늬가 있는 실유카의 무늬종이예요. 따뜻한 지역에서는 월동할 수 있어 조경용으로 많이 심어요.', '실내식물, 열대식물, 모래사장식재', '주간이 있는 나무로 진녹색 잎이 노레트 형태로 나온다. - 잎은 가죽 질감에 가장자리가 거칠고, 줄기끝이 연하다.', '보통 (약간 잘 견딤)', '발코니 내측 (실내깊이 50~150cm),발코니 창측 (실내깊이 0~50cm)', 10, '잎이 두껍다는 것은 그만큼 물을 많이 머금고 있따는 것이므로 너무 물을 자주 주게 되면, 뿌리가 썩어서 죽게 돼요. 절대 과습은 피해주세요.', 5, '실외 직사광, 햇살이 드는 창문 앞에 두세요', 25, 0, '겨울에 창을 열어두고 오랜 시간 외출하는 일이 없도록 조심해 주세요. 또 여름에서 가을, 가을에서 겨울로 계절이 바뀔 때 창문을 열어두면 갑작스러운 온도 변화에 냉해를 입을 수 있어요. 일교차가 심할 때도 마찬가지로 냉해를 조심해 주세요.', 'plant/38.jpg', '초보집사,집꾸미기', NULL),
	(39, '무늬접란', 'Chlorophytum comosum var. variegatum', 'spider plant', '무늬접란', '남아프리카', 40, 40, '거의 없음', '', '초보자', '21~25℃', '13℃ 이상', '40 ~ 70%', '시원시원한 긴 잎에 흰 무늬가 매력적인 나비란은 실내에서도 무난히 잘 자라는 식물이예요. 길게 뻗어나온 줄기 끝에 런너(새끼화초)를 만들어 번식해요. 작고 귀여운 흰색 꽃도 피워내요.', '컨테이너, 지피식물, 행잉바스켓, 혼합테두리', '', '보통 (약간 잘 견딤)', '거실 창측 (실내깊이 150~300cm),발코니 내측 (실내깊이 50~150cm),발코니 창측 (실내깊이 0~50cm)', 7, '접란이 빠르게 성장하는 봄~가을에는 보통 주 1~2회 겉흙이 마르면 화분 밑으로 물이 흘러 나올만큼 듬뿍 주세요. 물을 준 뒤 통풍이 잘 되는 곳에서 관리해주세요.', 3, '빛은 식물이 살아가는데 있어서 꼭 필요한 요소에요. 접란(클로로피텀)은 창문이나 커튼을 거친 부드러운 햇빛을 좋아해요. 어두운 곳에서도 잘자라지만 햇빛이 부족할 경우 웃자랄 수 있으니 밝은 곳에서 키우는 것이 좋아요. 직접적인 햇빛을 오랜시간 받으면 잎이 탈 수 있으니 주의해주세요. 잎이 탔다면 소독한 가위로 말끔하게 잘라내주세요.', 28, 16, '포근한 온도에서 무난하게 잘 자라요. 따뜻한 온도에서 빠르게 성장하지만 온도가 낮아질수록 성장속도가 느려져요. 7℃ 이하에서는 냉해를 입을 수 있으니 추운 겨울철에는 실내 또는 베란다의 따뜻한 곳에서 키우는 것이 좋아요.', 'plant/39.jpg', '초보집사,공기정화,집꾸미기,반려동물', NULL),
	(40, '무늬털머위', 'Farfugium japonicum \'Argenteum\'', 'leopard plant', '무늬털머위', '한국남해안, 일본, 대만, 중국 원산종의 변종', 40, 40, '거의 없음', '', '초보자', '16~20℃', '5℃', '40 ~ 70%', '동그랗고 넓적한 잎 가장자리에 흰 무늬가 매력적인 흰무늬털머위는 일반적인 털머위의 변이종으로 태어난 식물이예요. 우리가 아는 그 머위가 맞나? 싶을 정도로 감각적이고 아름다운 흰무늬털머위는 머위를 좋아하는 식물집사라면 놓칠 수 없는 식물이랍니다. 물이 모자라면 바로 잎이 축 늘어지며 신호를 주는, 키우기 쉬운 식물이기도 해요.', '습지, 컨테이너, 실내식물, 혼합테두리', '', '낮음 (잘 견딤)', '거실 창측 (실내깊이 150~300cm),발코니 내측 (실내깊이 50~150cm),발코니 창측 (실내깊이 0~50cm)', 7, '겉흙이 살짝 말랐을 때 주면 돼요', 5, '햇살이 드는 실내, 햇살이 드는 창문 앞, 햇살이 없지만 밝은 실내에 두면 좋아요', 21, 10, '겨울에 창을 열어두고 오랜 시간 외출하는 일이 없도록 조심해 주세요. 또 여름에서 가을, 가을에서 겨울로 계절이 바뀔 때 창문을 열어두면 갑작스러운 온도 변화에 냉해를 입을 수 있어요. 일교차가 심할 때도 마찬가지로 냉해를 조심해 주세요.', 'plant/40.jpg', '초보집사,공기정화,집꾸미기,반려동물', NULL),
	(41, '트리안', 'Muehlenbeckia complexa', 'maidenhair vine, creeping wire vine, lacy wire vine, mattress vine', '트리안', '뉴질랜드, 호주', 30, 30, '거의 없음', '', '', '16~20℃', '10℃', '40 ~ 70%', '트리안은 가느다란 가지에 나는 동글동글한 잎이 매력적인 다년생 식물이예요. 동그랗게 뭉친 덤불처럼 자라나는 트리안은 예쁜 바구니에 담아 행잉플랜트로 많이 키운답니다. 아주 작고 여린 투명한 흰 꽃이 피어나요. 허전한 공간을 채우고 싶다면, 트리안 어떠세요?', '덩굴성 관엽식물/실내화단 지피용, 공중걸이', '대체로 키우기 쉬운 식물로, 직사광선만 피하면 잘 자란다.', '낮음 (잘 견딤)', '거실 내측 (실내깊이 300~500cm),거실 창측 (실내깊이 150~300cm),발코니 내측 (실내깊이 50~150cm)', 3, '트리안이 빠르게 성장하는 가을~봄에는 보통 주 2~3회 겉흙이 마르면 화분 밑으로 물이 흘러 나올만큼 듬뿍 주세요. 온도가 높앚면 휴면기에 접어들어 늦봄부터 성장속도가 느려지기 때문에 물 주는 주기를 늘려주세요. 잎에 물이 묻은 상태로 햇빛을 보게 되면 잎이 탈 수 있으니 저면관수를 추천해드려요.', 4, '트리안은 창문이나 커튼을 거친 부드러운 햇빛을 좋아해요. 햇빛이 부족할 경우 웃자랄 수 있으니 밝은 곳에서 키우는 것이 좋아요. 여름에 구근을 수확 뒤에 빛이 적게 드는곳에서 관리해주세요.', 20, 16, '늘한 온도에서 무난하게 잘 자라요. 따뜻한 온도에서 빠르게 성장하지만 온도가 낮아질수록 성장속도가 느려져요. 추위에 강한 편이지만, 0℃ 이하에서는 냉해를 입을 수 있으니 추운 겨울철에는 베란다의 따뜻한 곳에서 키우는 것이 좋아요.', 'plant/41.jpg', '집꾸미기,반려동물', NULL),
	(42, '바위취', 'Saxifraga stolonifera', 'strawberry saxifrage, magic carpet, mother of thousands', '바위취', '일본, 중국, 한국, 대만', 20, 20, '', '', '', '16~20℃', '0℃ 이하', '40 ~ 70%', '분홍빛이 도는 잎이 오밀조밀 모여 피어나는 무늬바위취는 키우기 쉽고 어디서든 잘 자라는편이예요. ', '', '바위취는 우리나라 중부 이남의 반음지,음지에 조경용으로 식재하는는 상록 다년생 초본이다. 잎은 녹색에 연한 무늬가 있고, 뒷면은 자줏빛이 도는 붉은색이며 길이는 3~5㎝이다. 잎 가장자리에 치아 모양의 얕은 결각이 있으며 길이는 3~5㎝이며 꽃은 백색으로 꽃자루의 높이는 20~40㎝로서 곧게 서며 길이는 10~20㎝이고 짧은 홍자색의 선모가 있으며 줄기 꼭대기에서 핀다. 열매는 7~8월경에 달리고 길이는 4~5㎜로 원형이고 종자는 난형(달걀 모양)이며 관상용, 지피식물 또는 분화용으로 쓰이며, 전초는 약용으로 쓰인다.', '보통 (약간 잘 견딤)', '거실 창측 (실내깊이 150~300cm),발코니 내측 (실내깊이 50~150cm),발코니 창측 (실내깊이 0~50cm)', 3, '사계절 내내 토양을 축축하게 유지하며 건조하지 않도록 한다.', 5, '햇살이 드는 실내, 햇살이 드는 창문 앞, 햇살이 없지만 밝은 실내에 두면 좋아요', 15, 10, '겨울에 창을 열어두고 오랜 시간 외출하는 일이 없도록 조심해 주세요. 또 여름에서 가을, 가을에서 겨울로 계절이 바뀔 때 창문을 열어두면 갑작스러운 온도 변화에 냉해를 입을 수 있어요. 일교차가 심할 때도 마찬가지로 냉해를 조심해 주세요.', 'plant/42.jpg', '초보집사,집꾸미기,반려동물', NULL),
	(43, '박쥐란', 'Platycerium bifurcatum', 'common staghorn fern, elkhorns', '박쥐란', '오스트레일리아', 30, 30, '거의 없음', '', '전문가', '16~20℃', '13℃ 이상', '40 ~ 70%', '박쥐란은 플랜테리어의 끝을 보여주는 아이예요. 원래는 나무에 붙어서 자라는 착생식물이예요. 그래서 박쥐란을 검색해보면 나무에 박쥐란이 붙어 있는 모습을 쉽게 볼 수 있어요. 진한 녹색의 잎은 아래로 처지는 경향이 있어요. 그래서 유목에 박쥐란을 뿌리내리게 하고, 그 유목을 끈으로 천장, 행거에 걸어 행잉 플랜트로 걸어두면 실내가 정글 느낌으로 한 순간에 바뀌어 버려요.', '상층행임초본', '본 종의 포자엽은 30~70㎝이고 길이는 60~90㎝로 기부는 좁고 직립한다. 잎 기부로부터 잎 끝까지의 형태는 V자형으로 상부에는 2~3회 우상으로 갈라져서 늘어진다. 잎 표면은 회녹색이고 뒷면은 녹백색이다. 외투엽은 원형으로 불룩하게 튀어 나오고 처음에는 녹색, 후에는 갈색으로 변한다. 외투 직경은 20㎝로 잎 가장자리는 약간의 파상이며 본 엽은 총생하고 좁고 길다. 갈라진 잎의 길이는 10㎝, 폭은 4㎝로 회녹색이고 뒷면은 회녹백색으로 털이 있다. 포자낭군은 황갈색이고 열편의 정점이 착생한다. 그래서 갈라진 풀잎은 황갈색으로 변한다. 원산지는 열대 아프리카, 열대 아시아, 온대 오스트레일리아로 14종이 있다. 회녹색의 사슴뿔 모양을 지니고 있으며 밝은 곳을 좋아한다. 건조한 것 보다는 습한 환경을 좋아하므로 잎에 자주 분무해 준다.', '필요함', '거실 창측 (실내깊이 150~300cm),발코니 내측 (실내깊이 50~150cm),발코니 창측 (실내깊이 0~50cm)', 7, '박쥐란은 다른 고사리보다 건조에 견디는 능력이 있는 식물이에요. 하지만 흙이 너무 바싹 마르지 않도록 신경 써주시면 더 건강하게 키울 수 있어요. 화분 위에서 3~5cm 정도 높이의 흙이 보송하게 말랐을 때 물을 주세요. 혹시 박쥐란을 이끼나 나무에 붙여서 키우시는 경우에는 뿌리를 감싼 수태가 바싹 마르지 않도록 해주는 게 좋아요.', 3, '박쥐란은 다른 고사리 친구들 보다는 밝은 빛을 좋아하는 식물입니다. 적은 빛에서도 잘 견디지만 커튼이나 블라인드를 한 번 거친 부드러운 밝은 빛을 좋아해요.', 25, 16, '박쥐란은 평균 실내 온도에서 잘 적응해요. 추위는 견디기 힘들어하므로 겨울철 온도 관리에 신경을 써줘야 해요.', 'plant/43.jpg', '공기정화,반려동물', NULL),
	(44, '반딧불털머위', 'Farfugium japonicum', 'Japanese silver leaf', '반딧불털머위', '한국, 일본', 40, 40, '거의 없음', '', '경험자', '16~20℃', '5℃', '40 ~ 70%', '반딧불이처럼 동그랗고 은은한 노란 무늬가 있는 반딧불이머위는 매번 달라지는 새 잎의 무늬를 기다리는 재미가 있는 식물이예요. 빛과 수분을 잘 공급해주면 자라나는 새순의 무늬가 많아지고, 커져요.  물이 모자라면 바로 잎이 축 늘어지며 신호를 주는, 키우기 쉬운 식물이기도 해요.', '하층식재상록다년초', ' 국화과의 여러해살이풀로 남부지방이나, 울릉도 ,제주도의 바닷가에서 자란다. 늘 푸른 잎이며 뿌리줄기는 굵고 짧으며 줄기는 곧게 서며 꽃대 모양이고 흰빛이 도는 갈색털이 덮여 있다. 9~10월에 머리모양 꽃차례를 이루고 노랑색의 꽃이 피며 꽃대 모양의 줄기 끝에 여러 개가 모여서 고른꽃차례를 이룬다. 한방과 민간에서 뿌리와 식물체를 진통, 보익, 진정 등의 약재로 쓰며 민간에서 줄기와 잎을 해독제로 쓰고 싱싱한 잎을 습진 또는 곪는데 약으로 쓰며, 관상용으로 많이 심는다. ', '보통 (약간 잘 견딤)', '거실 창측 (실내깊이 150~300cm),발코니 내측 (실내깊이 50~150cm),발코니 창측 (실내깊이 0~50cm)', 3, '비교적 물을 좋아합니다. 계절에 따라 차이가 있지만 주로 많이 성장하는 2월부터는 흙이 너무 마르지 않도록 흠뻑 줍니다. 특히 6~8월 기온이 높을 때는 흙에 물을 많이 줘야 잎이 건강하게 오래 갑니다.', 4, '햇살이 드는 실내, 햇살이 없지만 밝은 실내, 햇살이 드는 창문 앞에 두면 좋아요', 21, 10, '겨울에 창을 열어두고 오랜 시간 외출하는 일이 없도록 조심해 주세요. 또 여름에서 가을, 가을에서 겨울로 계절이 바뀔 때 창문을 열어두면 갑작스러운 온도 변화에 냉해를 입을 수 있어요. 일교차가 심할 때도 마찬가지로 냉해를 조심해 주세요.', 'plant/44.jpg', '초보집사,공기정화,집꾸미기,반려동물', NULL),
	(45, '백량금', 'Ardisia crenata', 'spear flower, coral berry, spice berry, Hen\'s eyes', '백량금', '한국, 중국, 인도, 말레이시아', 90, 40, '거의 없음', '', '', '16~20℃', '5℃', '40 ~ 70%', '정식 명칭은 백냥금으로 겨울에 빨간 열매가 많이 열리는 식물이예요. 따뜻한 지역에서 잘 자라지만 비교적 추위에도 강하기 때문에 남부지방이라면 베란다에서 월동도 가능해요.', '', '부식질이 풍부하고 보수력이 좋은 토양이 적합하며 약간 응달진 장소가 좋음', '보통 (약간 잘 견딤)', '실내 어두운 곳 (실내깊이 500 이상cm),거실 내측 (실내깊이 300~500cm),거실 창측 (실내깊이 150~300cm),발코니 내측 (실내깊이 50~150cm),발코니 창측 (실내깊이 0~50cm)', 7, '홍공작은 생각보다 건조한 환경을 잘 견뎌요. 오히려 물을 너무 자주 혹은 많이 주어서 과습의 피해를 입을 수 있어 흙이 마른 것을 확인하신 후 물을 주세요. 화분 위에서 3~5cm 정도 높이의 흙이 보송하게 말랐을 때 물을 주세요.', 3, '홍공작은 촉촉한 숲에서 적은 양의 빛을 받고 살아가는 식물입니다. 빛을 좋아하지만 적은 양의 빛에서도 잘 견뎌서 집 안 어디서도 키울 수 있어요. 너무 강한 직사광선 아래에서는 잎이 탈 수 있으니 주의해주세요.', 20, 16, '동아시아 지역이 고향인 홍공작은 실내의 온도에 잘 적응하는 식물이예요. 한겨울 최저기온이 5℃ 이하로 내려가지 않도록 주의해주세요. 따뜻한 날씨에서는 성장이 왕성한편이지만 날씨가 추워지면 성장이 느려져요.', 'plant/45.jpg', '초보집사,공기정화', NULL),
	(46, '백정화', 'Serissa foetida', 'japanese serissa', '백정화', '아시아 동남부', 50, 40, '중간', '', '경험자', '16~20℃', '5℃', '40 ~ 70%', '별처럼 작고 귀여운 흰색~분홍색의 꽃을피우는 단정화는 봄과 여름에 작은 기쁨을 주는 꽃이예요. \'당신을 버리지 않겠습니다\'라는 꽃말을 가지고 있어요.', '', '만천성(滿天星)·두메별꽃이라고도 한다. 높이 약 1m이다. 가지가 많이 갈라져서 퍼진다. 잎은 마주나며 긴 타원형이고 길이 2cm 정도이다. 가장자리가 밋밋하며 턱잎은 가시처럼 되어 있다. 꽃은 5∼6월에 흰색 또는 연한 붉은빛을 띤 자주색으로 피고 잎겨드랑이에 달린다. 화관은 깔때기 모양이고 끝이 5개로 갈라져서 퍼지며 안에 털이 난다. 수술은 화관통에 붙어 있는데, 암술보다 긴 것과 짧은 것의 2종류가 있다. 열매는 핵과로서 7월에 익는다. 번식은 꺾꽂이와 포기나누기로 한다. 중국 남부 원산이며 관상용으로 쓰고 울타리에 많이 심는다. 원예품종으로는 겹꽃·만첩꽃, 잎에 반점이 있는 것 등을 개발하였다. 옆에서 볼 때는 T자같이 보이므로 흰색 꽃이 피는 정화라는 이름이 생겼다. 중국 남쪽에서 인도차이나 반도까지 분포한다. ', '필요함', '발코니 내측 (실내깊이 50~150cm),발코니 창측 (실내깊이 0~50cm)', 2, '초반 2주 정도 화분 위의 흙에 물이 마르는 간격을 확인해보시고 물을 주시면 좋아요', 5, '실외 직사광, 햇살이 드는 창문 앞에 두면 좋아요', 25, 5, '겨울에 창을 열어두고 오랜 시간 외출하는 일이 없도록 조심해 주세요. 또 여름에서 가을, 가을에서 겨울로 계절이 바뀔 때 창문을 열어두면 갑작스러운 온도 변화에 냉해를 입을 수 있어요. 일교차가 심할 때도 마찬가지로 냉해를 조심해 주세요.', 'plant/46.jpg', '집꾸미기,반려동물', NULL),
	(47, '백화등', 'Trachelospermum asiaticum var. majus', 'trachelospermum', '마삭줄, 백화등', '한국, 남부지방', 50, 50, '강함', '', '', '16~20℃', '0℃ 이하', '40 ~ 70%', '백화등은 5~6월에 바람개비 모양의 꽃이 개화하는 식물로 자스민 향이 강하게 나요.', '', '마삭줄 증에서 가장 잎과 꽃이 크며 향기도 강하다. 5-6월 개화하며 내건성은 강하나 내한성은 다소 약한 편이다.', '필요함', '거실 창측 (실내깊이 150~300cm),발코니 내측 (실내깊이 50~150cm),발코니 창측 (실내깊이 0~50cm)', 30, '한참 성장기에 화분가에 덧거름을 올려 주고 월 1-2회정도 물거름을 엷게 타서 물주기를 대신해 주면 줄기가 왕성하게 벋어나게 돼요', 4, '햇살이 드는 창문 앞, 햇살이 드는 실내에 두면 좋아요', 20, 16, '겨울에 창을 열어두고 오랜 시간 외출하는 일이 없도록 조심해 주세요. 또 여름에서 가을, 가을에서 겨울로 계절이 바뀔 때 창문을 열어두면 갑작스러운 온도 변화에 냉해를 입을 수 있어요. 일교차가 심할 때도 마찬가지로 냉해를 조심해 주세요.', 'plant/47.jpg', '초보집사,공기정화', NULL),
	(48, '벤자민고무나무', 'Ficus benjamina', 'Weeping Fig', '벤자민고무나무', '히말라야 인도 미얀마 중국남부', 150, 100, '거의 없음', '', '', '21~25℃', '13℃ 이상', '40 ~ 70%', '벤자민 고무나무는 두 가지 매력을 가지고 있어요. 작은 아이일 땐 아이보리와 초록이 섞인 잎무늬를 보는 재미가 있는데, 크게 성장했을 땐 잎 보다도 한 그루의 나무가 보여주는 형태에서 위엄을 느껴요 잎을 보면 줄을 그어 놓은 듯 한 잎맥 패턴이 보여요. 또 아이보리와 연노란색의 무늬가 가장자리를 감싸며 잎 중앙으로 들어와요. 잎 관찰을 좋아하는 사람이라면 벤자민 고무나무를 사랑할 수 밖에 없어요.', '꽃말 \'변덕쟁이\'', '상록 교목, 실내 대형 화분, 줄기가 유연하여 자유롭게 구부릴 수 있다.', '보통 (약간 잘 견딤)', '거실 내측 (실내깊이 300~500cm),발코니 내측 (실내깊이 50~150cm),발코니 창측 (실내깊이 0~50cm)', 7, '벤자민 고무나무는 화분 속 흙이 바싹 마르지 않게 관리해야하는 식물이에요. 하지만 흙이 계속 물에 잠겨있으면 뿌리가 호흡을 하지 못해 과습의 피해를 입을 수 있으므로, 화분 위에서 3~5cm 정도의 높이까지 흙이 보송하게 마른 것을 확인한 후 물을 주시는 게 좋아요. 또한 온도 변화에 예민해 물을 주실 때는 너무 차가운 온도의 물 보다 살짝 미지근한 온도의 물을 주는 게 좋아요.', 3, '벤자민 고무나무는 은은한 밝은 빛을 오래 볼 수 있는 공간을 좋아해요. 직접적인 강한 빛 아래에서는 잎 끝이 탈 수 있으니 주의해주세요. 너무 어두운 곳에서는 잎 색이 흐릿해지고 잎을 떨굴 수 있어요. 다른 고무나무 종류보다 빛에 예민한 편이기 때문에 밝은 빛을 유지해 주는 게 중요해요.', 25, 21, '따뜻한 지역에서 온 벤자민 고무나무는 추위에 아주 약하고 온도변화에 예민한 식물이에요. 온도 변화가 심한 창가나 에어컨, 난방기구 아래에 두지 마세요. 특히 차가운 바람이 드나드는 곳은 피해주세요.', 'plant/48.jpg', '초보집사,공기정화', NULL),
	(49, '뱅갈고무나무', 'Ficus benghalensis', 'banyan tree, east Indian fig tree', '벵갈고무나무', '인도, 동남아시아', 150, 100, '거의 없음', 'Parts of plant are poisonous if ingestedHandling', '', '21~25℃', '13℃ 이상', '40 ~ 70%', '싱그러운 잎이 매력적인 뱅갈고무나무는 다양한 매장이나 카페 등의 플랜테리어 식물로 많은 사랑을 받고 있어요. 실내에서도 잘 자라 처음 식물을 키운다면 추천하는 식물이예요. ', '줄기는 회백색으로 가지에서 실타래와 같은 많은 기근을 늘어뜨린다.', '', '보통 (약간 잘 견딤)', '거실 창측 (실내깊이 150~300cm),발코니 내측 (실내깊이 50~150cm),발코니 창측 (실내깊이 0~50cm)', 7, '벵갈 고무나무는 흙이 축축한 것은 좋아하지 않아 화분 속 흙이 대부분 보송하게 마른 것을 확인한 후 물을 주시는 게 좋아요. 흙의 축축한 상태가 오래 지속되면 뿌리가 숨을 잘 쉴 수 없게 만들어 뿌리썩음을 유발할 수 있어요. 또한 온도 변화에 예민해 물을 주실 때는 너무 차가운 온도의 물 보다 살짝 미지근한 온도의 물을 주는 게 좋아요.', 3, '벵갈 고무나무는 은은한 밝은 빛을 좋아해요. 직접적인 강한 빛 아래에서는 잎 끝이 탈 수 있으니 주의해주세요. 너무 어두운 곳에서는 잎 색이 흐릿해지고 잎을 떨굴 수 있어요. 떡갈잎 고무나무는 적은 빛 조건에도 잘 적응하지만, 밝은 빛도 좋아해요.', 25, 21, '따뜻한 열대 지역에서 온 벵갈 고무나무는 추위에 아주 약하고 온도변화에 예민한 식물이에요. 온도 변화가 심한 창가나 에어컨, 난방기구 아래에 두지 마세요. 특히 차가운 바람이 드나드는 곳은 피해주셔야 잎이 떨어지는 것을 방지할 수 있어요.', 'plant/49.jpg', '초보집사,공기정화', NULL),
	(50, '병솔나무', 'Callistemon spp.', 'bottlebrush', '병솔나무', '호주', 100, 50, '거의 없음', '', '경험자', '21~25℃', '7℃', '40 ~ 70%', '봄과 초여름에 피어나는 꽃이 병을 닦는 솔처럼 생겼다고 해서 병솔나무라는 이름이 붙었어요. ', '', '꽃처럼 보이는 붉은 솔은 가느다란 수술이 모여 방망이를 이룬 것이다. 상록 소교목으로 지름 10cm 키 8m정도 자라며 호주, 파푸아뉴기니아 지역이 원산이다. 병솔나무속에는 30여종이 있으며 대부분 원예종으로 재배되고 있다. 줄기는 회색으로 어릴 때는 갈색으로 매끄럽다가 나이가 들면 세로로 갈라진다. 긴 가지는 버들처럼 늘어지며 잎 모양도 버들과 비슷하나 오래된 잎은 딱딱하며 잎은 폭 1cm, 길이 6~8cm 정도이며 톱니가 없고 잎의 앞, 뒷면이 유사하다. 5~8월에 피는 꽃은 병을 닦는 솔처럼 피며 가느다란 수술이 모여 지름 5~6cm, 길이 15cm전후의 진한 붉은 색의 꽃방망이를 만든다. 꽃모양을 따서 나무이름이 Bottlebrush 또는 bottle brush tree이며 우리말도 \'병솔나무\'이다. 꽃이 진 자리에는 콩알크기의 열매가 달린다. 호주지역에서 잎을 향신료로 사용 한다. ', '필요함', '거실 창측 (실내깊이 150~300cm),발코니 내측 (실내깊이 50~150cm),발코니 창측 (실내깊이 0~50cm)', 2, '초반 2주 정도 화분 위의 흙에 물이 마르는 간격을 확인해보시고 물을 주시면 좋아요', 5, '실외 직사광, 햇살이 드는 창문 앞에 두면 좋아요', 25, 18, '겨울에 창을 열어두고 오랜 시간 외출하는 일이 없도록 조심해 주세요. 또 여름에서 가을, 가을에서 겨울로 계절이 바뀔 때 창문을 열어두면 갑작스러운 온도 변화에 냉해를 입을 수 있어요. 일교차가 심할 때도 마찬가지로 냉해를 조심해 주세요.', 'plant/50.jpg', '집꾸미기,반려동물', NULL),
	(51, '보스턴 고사리', 'Nephrolepis exaltata \'Bostoniensis\'', 'Boston fern', '보스톤고사리', '열대원산종의 원예품종', 40, 40, '', '', '초보자', '16~20℃', '13℃ 이상', '70% 이상', '실내에서 풍성한 수풀 느낌을 내고싶다, 하면 단연 보스턴 고사리를 추천해요. 행잉으로 공중에 걸어두면 아래로 후두둑 흘러내릴 듯 한 모습을 보여줘요. 식물로 공간을 연출할 때 없어서는 안 될 친구예요. 보스턴 고사리는 습지가 고향이에요. 그래서 물을 자주 주고, 분무도 자주 해주면 좋아요. 보스턴 고사리는 관리하기 까다롭긴 하지만 실내 습도를 잘 올려주는 고마운 아이예요.', '공중걸이형', '풍성하고 아름다운 잎 때문에 빅토리아 시대부터 실내에 도입되어 사랑을 받아왔으며, 오늘날에도 여전히 인기가 높은 실내식물이다.', '보통 (약간 잘 견딤)', '거실 내측 (실내깊이 300~500cm),거실 창측 (실내깊이 150~300cm),발코니 내측 (실내깊이 50~150cm)', 7, '보스턴 고사리는 물을 좋아하는 식물이에요. 흙이 바싹 마르지 않도록 잎과 줄기 주변을 항상 촉촉하게 해 주시면 건강하게 키울 수 있어요. 물을 좋아한다고 해서 항상 흙이 과하게 젖어있다면 뿌리가 얕은 보스턴 고사리의 뿌리가 호흡을 할 수 없게 되어 과습의 피해가 올 수 있으니 물을 주신 후에는 환기를 시켜 공기를 순환시켜 주셔야 한답니다.', 4, '보스턴 고사리는 창문이나 커튼을 거친 부드러운 햇빛을 좋아해요. 직접적인 햇빛은 잎 끝이 탈 수 있으니 주의해주세요.', 20, 16, '보스턴 고사리는 평균 실내온도에서 잘 자라요. 뜨거운 여름 낮의 더위와 겨울의 추위는 피해주세요. 온도가 낮아질수록 성장속도가 느려져 새 잎을 내어주지 않을 수 있어요.', 'plant/51.jpg', '초보집사,공기정화,반려동물', NULL),
	(52, '프테리스 고사리', 'Pteris multifida', 'spidar fern, spidar brake, chinese brake', '프테리스, 봉의꼬리', '한국, 일본, 중국, 인도차이나, 대만', 40, 40, '거의 없음', '', '', '16~20℃', '5℃', '70% 이상', '갈대처럼 길고 하늘하늘한 잎을 가진 푸테리스 고사리는 실내에서 키우기에 더할나위없는 식물 중 하나예요. ', '', '잎은 우상복엽으로 1-3쌍이고 증산효과가 뛰어나다.', '보통 (약간 잘 견딤)', '거실 내측 (실내깊이 300~500cm),거실 창측 (실내깊이 150~300cm),발코니 내측 (실내깊이 50~150cm)', 4, '프테리스 고사리는 물을 좋아하는 식물이에요. 흙이 바싹 마르지 않도록 잎과 줄기 주변을 항상 촉촉하게 해 주시면 건강하게 키울 수 있어요. 프테리스 고사리가 물을 좋아한다고 해서 항상 흙이 과하게 젖어있다면 뿌리가 얕은 프테리스 고사리의 뿌리가 호흡을 할 수 없게 되어 과습의 피해가 올 수 있으니 물을 주신 후에는 환기를 시켜 공기를 순환시켜 주셔야 한답니다. ', 2, '프테리스 고사리는 창문이나 커튼을 거친 부드러운 햇빛을 좋아해요. 그늘진 환경에서도 잘 자라는 반음지 식물입니다.', 25, 15, '프테리스 고사리는 포근한 온도에서 잘 자라요. 온도가 낮아질수록 성장속도가 느려져 새 잎을 내어주지 않을 수 있어요.', 'plant/52.jpg', '초보집사,공기정화,집꾸미기,반려동물', NULL),
	(53, '부겐빌레아', 'Bougainvillea glabra', 'paper flower, Bougainvillea', '부갠빌레아, 부겐베리아 (추천유통명: 부겐빌레아)', '남아메리카', 150, 100, '약함', '', '초보자', '21~25℃', '13℃ 이상', '40 ~ 70%', '종이꽃\'이라는 별명을 가진 부겐빌레아는 독특한 질감의 포엽과 아주 작은 꽃이 피어나요. 분홍, 흰색, 주황색 등 다양한 색이 있어요. ', '', '덩굴성 관목으로 남아메리카 원산이다. 13종 내외가 알려져 있고 그 중에서 2종이 주로 재배된다. 부겐빌레아(B. glabra)는 브라질 원산으로서 높이 4∼5m 자라고 곧은 가시가 있다. 잎은 어긋나고 달걀 모양이며 가장자리가 밋밋하고 광택이 있으며 털이 없다. 꽃은 4월에서 11월까지 연중 피고 총상꽃차례를 이루며 3개의 포에 싸인다. 꽃색은 흰색, 빨강색, 분홍색, 노란색 등 다양하다. 포는 꽃처럼 보이며 그 안에 들어 있는 진짜 꽃은 작고 눈에 잘 띄지 않는다. 털부겐빌레아(B. spectabilis)는 이와 비슷하지만 잎에 털이 많다. 많은 품종이 있으며 한국에서는 온실에서 재배한다. ', '필요함', '거실 창측 (실내깊이 150~300cm),발코니 내측 (실내깊이 50~150cm),발코니 창측 (실내깊이 0~50cm)', 7, '화분의 흙을 살펴서 화분 속 겉 흙이 마르면 흠뻑 주도록 하세요. 만일 화분에 물 빠짐이 좋지 않다면 과습 하지 않도록 주의하셔야 합니다', 5, '햇살이 드는 창문 앞, 실외 직사광에 두면 좋아요', 25, 18, '겨울에 창을 열어두고 오랜 시간 외출하는 일이 없도록 조심해 주세요. 또 여름에서 가을, 가을에서 겨울로 계절이 바뀔 때 창문을 열어두면 갑작스러운 온도 변화에 냉해를 입을 수 있어요. 일교차가 심할 때도 마찬가지로 냉해를 조심해 주세요.', 'plant/53.jpg', '집꾸미기', NULL),
	(54, '브룬펠시아', 'Brunfelsia australis Bench', 'yesterday today and tomorrow', '브룬펠시아', '브라질', 150, 100, '강함', '', '초보자', '21~25℃', '10℃', '40 ~ 70%', '보랏빛과 흰색의 꽃이 한데 모아 피어나는 브룬펠시아 자스민은 사실 보라색 꽃잎이 점점 흰색으로 변하는 식물이예요. 자스민과의 식물은 아니지만 꽃의 향기가 진하고 향기로워서 자스민이라고 불려요. ', '', '실내에서 아기자기한 여러 가지 색의 꽃들이 은은한 향기를 뿜어내는 사랑스러운 나무이다. 처음 꽃이 필 때는 진보라색이지만 차츰 연보라색으로 변하여 최종에는 흰색으로 바뀐다. 햇빛과 통풍이 필요하며 물을 너무 자주 주면 잎이 마르듯이 우수수 떨어진다. 브룬펠시아의 개화습성은 새로운 가지에서 다시 꽃이 맺히므로 꽃이 진 가지를 전정해 주면 더 많은 꽃을 볼 수 있다. 향이 짙으므로 밀폐된 공간에서 너무 오래 향기를 맡지 말고 환기를 시켜준다. 원래는 아메리카 원산의 상록 관목이며 30여 종이 알려져 있다. 미국브룬펠시아(lady-of-the night : B. americana)는 서인도 원산이고 높이 2.4m에 달한다. 잎은 넓은 달걀 모양에서 달걀을 거꾸로 세운 듯한 모양이며 길이 10cm이다. 꽃은 대개 1개씩 달리고 흰색이지만 노란색으로 변하며 지름 5cm, 길이 10cm이고 밤에 향기가 강하다. 꽃받침은 짧고 열매는 장과로서 지름 2cm 내외이며 노란색으로 익는다.', '필요함', '거실 창측 (실내깊이 150~300cm),발코니 내측 (실내깊이 50~150cm),발코니 창측 (실내깊이 0~50cm)', 3, '건조한 여름에는 흙이 마르지 않도록 주의가 필요해요. 겨우내 가지고 잎던 잎들을 떨구고 새로운 잎이나기 시작할 때 물이 마르지 않도록 잘 관리만 해도 빠른속도로 성장이 가능해요', 5, '실외 직사광, 햇살이 드는 창문 앞에 두면 좋아요', 25, 18, '겨울에 창을 열어두고 오랜 시간 외출하는 일이 없도록 조심해 주세요. 또 여름에서 가을, 가을에서 겨울로 계절이 바뀔 때 창문을 열어두면 갑작스러운 온도 변화에 냉해를 입을 수 있어요. 일교차가 심할 때도 마찬가지로 냉해를 조심해 주세요.', 'plant/54.jpg', '집꾸미기,반려동물', NULL),
	(55, '산세베리아', 'Sansevieria trifasciata', 'mother in law\'s tongue, snake plant', '산세베리아', '남아프리카', 70, 30, '약함', '', '초보자', '21~25℃', '13℃ 이상', '40 ~ 70%', '산세베리아는 혼자서 잘 크는 식물이에요. 그늘에서도 잘 살고, 물이 부족해도 잘 견뎌주는 아이예요. 무늬가 있는 아이들과 없는 아이까지 다양한 산세베리아가 있어요. 독특한건 밤에 이산화탄소를 흡수하고 산소를 방출한다는 점이에요. 침실에 두면 우리가 잠든 내내 신선한 공기를 만들어줄 고마운 친구예요.', '꽃말 \'관용\' \'산세베리아\'는 이탈리아 산 세베로의 왕자 라이문도 디 산그로(Raimondo di Sangro, 1710~1771)를 기리기 위해 이름을 붙임', '산세베리아는 이탈리아 산 세베로의 왕자 라이문도 디 산그로(Raimondo di Sangro, 1710~1771)를 기리기 위해 붙인 이름이다. 공기정화식물로 인기 있는 산세베리아는 대표적인 CAM식물이다. 그러나 개나 고양이와 같은 애완동물이 섭취했을 경우는 구토나 설사를 일으킬 수 있으므로 조심해야 한다. 이 식물의 영어 이름이 ‘시어머니의 혀’인 것은 꼿꼿하게 자라면서 가죽처럼 잎이 질기기 때문에 붙여진 이름이다. 실내에서 꽃 피기는 상당히 어렵지만, 환경이 좋으면 흰빛에 가까운 옅은 그린색의 작은 꽃들이 핀다. 품종은 여러 종류가 있지만 가장자리에 노란 테두리가 있는 종이 가장 보편적으로 이용되고 있다. 과습하지 않더라도 실내 온도가 10℃ 이하인 경우 썩는 원인이 된다. 특히 삽목 후 온도 관리에 주의해야 한다. ', '낮음 (잘 견딤)', '실내 어두운 곳 (실내깊이 500 이상cm),거실 내측 (실내깊이 300~500cm),거실 창측 (실내깊이 150~300cm),발코니 내측 (실내깊이 50~150cm),발코니 창측 (실내깊이 0~50cm)', 30, '산세베리아는 잎에 수분을 저장하는 능력이 있어 물이 많이 필요하지 않아요. 오히려 물을 과하게 주어 산세베리아의 뿌리가 과습에 죽는 경우가 많아요. 물을 주기 전에는 꼭 흙이 다 말랐는 지 확인하고 주고, 흙 상태를 파악하고 물 주기가 어렵다면 산세베리아가 조금 쪼글쪼글해지면 물을 주세요. ', 4, '산세베리아는 빛에 대한 적응력이 뛰어난 식물입니다. 빛이 적은 곳에서도 잘 자라 실내 형광등으로도 잘 살 수 있지만 어두운 환경이 오래 지속되면 성장이 아주 느려진답니다.', 30, 18, '산세베리아는 평균 실내온도에서 잘 자라는 식물입니다. 한겨울의 추위만 피해주신다면 건강하게 키우실 수 있어요.', 'plant/55.jpg', '초보집사,공기정화', NULL),
	(56, '산세베리아 \'골든 하니\'', 'Sansevieria trifasciata ‘Golden Hahnii’', 'golden bird’s nest', '산세베리아 \'골든 하니\'', '열대 서부아프리카 원산종의 변종', 25, 20, '거의 없음', '', '초보자', '21~25℃', '13℃ 이상', '40 ~ 70%', '가장자리의 금빛의 무늬가 들어간 산세베리아 골든 하니는 실내에서 쉽게 키울 수 있는 식물이예요.', '', '연중 빛이 좋은 반그늘에서 잘 자란다. 그러나 여름철에 너무 강한 직사광선은 피하는 것이 좋다. 겨울에 냉해를 입으면 아래쪽이 허물거리면서 썩어버리는데, 마치 관수를 너무 많이 하여 나타나는 현상처럼 보인다. ', '낮음 (잘 견딤)', '실내 어두운 곳 (실내깊이 500 이상cm),거실 내측 (실내깊이 300~500cm),거실 창측 (실내깊이 150~300cm),발코니 내측 (실내깊이 50~150cm),발코니 창측 (실내깊이 0~50cm)', 30, '산세베리아는 잎에 수분을 많이 저장하고 있는 다육식물이에요. 물이 많이 필요하지 않답니다. 잎이 쪼글쪼글해질 때 물을 주면 과습의 위험 없이 안전하게 줄 수 있어요.', 4, '산세베리아는 다양한 빛 조건에서 견디는 힘이 강한 식물이에요. 직사광선도 그늘에서도 잘 견딘답니다', 30, 15, '열대 및 아열대가 원산지인 산세베리아는 추위에 약하고 더위에 강해요.', 'plant/56.jpg', '초보집사,공기정화,집꾸미기,반려동물', NULL),
	(57, '산호수', 'Ardisia pusilla', 'Small coralberry', '산호수', '한국,중국, 일본, 타이완, 인도', 30, 30, '약함', '', '초보자', '16~20℃', '5℃', '40 ~ 70%', '열매가 마치 적색산호의 빛깔과 닮아 산호수라는 이름이 붙었다고고 해요. 산호수는 톱니 모양의 윤기있는 잎과 인상적인 붉은 열매를 가진 식물이에요. 관리만 잘해준다면 열매를 오래 감상할 수 있어요. 잎,열매, 꽃 어느것 하나 빠짐없이 매력적인 아이여서 분명 반하실거예요. 키우기 쉬운 편이라 식물 초보분들께 추천드려요.', '꽃말 \'용감, 총명\' (바다의 보석이라 일컫는 ‘산호’가 있는데, 산호 중에도 으뜸으로 치는 것이 적색산호라 한다. 산호수의 빨간 열매가 이 바다의 산호를 꼭 닮아서 붙여진 이름)', '자금우, 백량금과 함께 자금우과에 속하며 빨간 열매가 인상적인 덩굴식물이다. 잎에 무늬가 있는 산호수도 있지만 무늬종은 일반종에 비해 열매가 잘 열리지 않는 특징이 있다. 꽃, 열매, 잎 모두 다 관상가치가 있으며 키우기 쉬운 관엽 식물이다. 산호 중에서도 가장 비싼 것이 적색 산호인데, 산호수의 열매가 적색산호의 빛깔과 닮아있어 산호수라는 이름이 붙었다고 한다. ', '낮음 (잘 견딤)', '거실 내측 (실내깊이 300~500cm),거실 창측 (실내깊이 150~300cm),발코니 내측 (실내깊이 50~150cm)', 7, '산호수가 빠르게 성장하는 봄~가을에는 보통 주 1~2회 겉흙이 마르면 화분 밑으로 물이 흘러 나올만큼 듬뿍 주세요. 겨울에는 성장속도가 느려지기 때문에 물 주는 주기를 늘려주세요.', 4, '햇빛은 식물이 살아가는데 있어서 꼭 필요한 요소에요. 산호수는 창문이나 커튼을 거친 부드러운 햇빛을 좋아해요. 햇빛이 부족할 경우 잎의 색이 연해질 수 있으니 밝은 곳에서 키우는 것이 좋아요. 한여름의 뜨거운 햇빛 아래서는 잎이 탈 수 있으니 주의해주세요.', 26, 18, '18~26℃ - 포근한 온도에서 무난하게 잘 자라요. 따뜻한 온도에서 빠르게 성장하지만 온도가 낮아질수록 성장속도가 느려져요. 5℃ 이하에서는 냉해를 입을 수 있으니 추운 겨울철에는 베란다나 실내의 따뜻한 곳에서 키우는 것이 좋아요.', 'plant/57.jpg', '초보집사,공기정화,집꾸미기', NULL),
	(58, '후마타 고사리', 'Humata tyermannii (Davallia griffithiana)', 'squirrel\'s (bear\'s, white rabbit\'s) foot fern', '상록넉줄고사리 \'후마타\'', '열대아시아, 말레이시아', 25, 30, '거의 없음', '', '초보자', '16~20℃', '5℃', '70% 이상', '후마타고사리는 털이 있는 뿌리줄기를 내는 것이 특징으로 다른 고사리보다 조금 더 건조한 환경에서도 잘 자라나는 식물이에요.', '흙 위로 올라온 발이 매력적이며 그 발에서 계속 새순을 낸다.', '너무 습기가 많으면 민달팽이의 피해와 곰팡이병이 생기지만 너무 건조할 때는 깍지벌레, 온실가루이, 가루깍지벌레 등이 발생한다. 그러나 거미발만 살아있다면 언제든지 새 순을 낼 수 있다.', '보통 (약간 잘 견딤)', '실내 어두운 곳 (실내깊이 500 이상cm),거실 내측 (실내깊이 300~500cm),거실 창측 (실내깊이 150~300cm),발코니 내측 (실내깊이 50~150cm),발코니 창측 (실내깊이 0~50cm)', 7, '건조에 잘 견디는 편이지만 흙이 항상 촉촉하도록 물을 주기적으로 주면 더 건강하게 키울 수 있어요.', 4, '후마타 고사리는 밝은 간접광에서 가장 잘 자라요. 약한 빛 조건도 잘 견딜 수 있습니다.', 20, 16, '후마타 고사리는 서늘한 온도를 좋아해요. 극심한 추위와 더위를 주의한다면 실내에서 잘 적응할 거예요.', 'plant/58.jpg', '공기정화,반려동물', NULL),
	(59, '세네시오 라디칸스', 'Senecio radicans', 'String of pearls, Necklace plant', '세네시오 라디칸스', '남아프리카', 25, 30, '약함', '', '초보자', '21~25℃', '13℃ 이상', '40% 미만', '휘어진 잎이 돌고래를 닮아 돌고래 다육이라는 별명이 있어요. ', '행잉이용', ' 녹영이 둥근 구슬을 꿴 모양이라면, 세네시오 라디칸스는 작은 녹색 바나나를 줄에 꿰어놓은 형상의 다육식물이다. 다육질의 다년초로 잎은 호생하며 짧은 엽병이 있다. 잎의 길이는 2-3cm 정도로 선단이 위로 향하며 초생달 모양으로 바깥쪽에 암녹색의 세로줄 무늬가 있다. 꽃은 흰색으로 향기가 나며 잎은 약용으로 쓰인다. 낮은 온도에서도 잘 견디는 편이나 계속적인 생장을 위해서는 야간 온도를 13℃이상은 유지해야 한다. 행잉바스켓용으로 좋다. ', '필요함', '거실 창측 (실내깊이 150~300cm),발코니 내측 (실내깊이 50~150cm),발코니 창측 (실내깊이 0~50cm)', 7, '건조에 강한 식물이에요. 세네시오 칸디단스(엔젤윙)가 빠르게 성장하는 봄~가을에는 보통 주 1회 겉흙이 마르면 화분 밑으로 물이 흘러 나올만큼 듬뿍 주세요.', 5, '햇빛은 식물이 살아가는데 있어서 꼭 필요한 요소에요. 세네시오 칸디단스(엔젤윙)는 창문이나 커튼을 거친 부드러운 햇빛을 좋아해요. 직접적인 햇빛을 오랜시간 받으면 잎이 탈 수 있으니 주의해주세요. 잎이 탔다면 소독한 가위로 말끔하게 잘라내주세요.', 25, 20, '포근한 온도에서 무난하게 잘 자라요. 따뜻한 온도에서 빠르게 성장하지만 온도가 낮아질수록 성장속도가 느려져요. 0℃ 이하에서는 냉해를 입을 수 있으니 추운 겨울철에는 베란다의 따뜻한 곳에서 키우는 것이 좋아요.', 'plant/59.jpg', '초보집사,집꾸미기,반려동물', NULL),
	(60, '셀라지넬라', 'Selaginella', 'blue-green peacock fern, spike moss', '셀라기넬라', '멕시코 우림지대, 남아프리카', 25, 30, '', '', '', '21~25℃', '13℃ 이상', '70% 이상', '미모사를 닮은 섬세한 잎이 특징인 셀라지넬라 운시나타는 비바리움이나 테라리움에 널리 사용되는 식물이예요. 번식력이 강하고 적은 광량에도 잘 자라요.', '봄 ~ 가을 성장 (여름 생장형, 겨울에 휴면)', ' 줄기와 잎이 향나무 가지와 비슷하고, 수태같이 생기기도 하다. 줄기가 연해 누워 자라고 줄기에 뿌리가 내리며 자란다. 포기는 밀집해서 소복하게 모여 자라고 잎은 밝은 녹색 또는 연녹색으로 비늘같이 부드러운 짧은 잎이 나 있다. 원산은 1과 1속으로 세계에 700종이 나며 주로 열대 우림지대에 자생하며 일본에 16종이 나고 한국에 6종이 난다. 화훼 장식 재료로 일반적으로 사용 되지는 않으나 작품의 밑 부분을 가려야 한다든지 수반화 아랫부분에 쓰여 작품의 아름다움을 더한다.', '필요함', '거실 창측 (실내깊이 150~300cm),발코니 내측 (실내깊이 50~150cm),발코니 창측 (실내깊이 0~50cm)', 2, '흙을 촉촉하게 유지해야 해요. 단, 물에 잠기지 않도록 주의하세요', 3, '빛 없는 곳~많은 곳 모두 잘 맞아요', 21, 10, '겨울에 창을 열어두고 오랜 시간 외출하는 일이 없도록 조심해 주세요. 또 여름에서 가을, 가을에서 겨울로 계절이 바뀔 때 창문을 열어두면 갑작스러운 온도 변화에 냉해를 입을 수 있어요. 일교차가 심할 때도 마찬가지로 냉해를 조심해 주세요.', 'plant/60.jpg', '반려동물', NULL),
	(61, '소철', 'Cycas revoluta', 'cycad, sago cycas, sago palm, Japanese fern palm, Japanese sago palm', '소철', '한국, 일본, 중국남부, 인도네시아(자바 섬)', 150, 100, '거의 없음', '', '초보자', '21~25℃', '5℃', '40 ~ 70%', '공룡이 살던 시대부터 지금까지 같은 모습을 하고 있는 아이예요. 식물계의 살아있는 화석인 거죠. 소철은 동그랗게 올라온 뿌리에서 길쭉한 잎을 펼쳐내요. 야자수처럼 활짝 펼쳐내는 잎이 아름다워서 작은 크기의 공간에서 소품을 키워도 존재감이 엄청나요.', '봄 ~ 가을 성장 (여름 생장형, 겨울에 휴면)', 'Skill Level: Beginner Exposure: Full sun Soil type: Well-drained/light **Despite its common name, this plant is not in fact a palm but in fact a cycad. Originally from Japan and Korea, it has been cultivated for centuries. It\'s undemanding and easy to care for, and can also be kept as a long-lived house plant. It has a reputation for being slow-growing, but it will often suddenly swing into action and grow several new leaves within a matter of weeks. A sago palm make a great addition to a summer patio, but larger specimens can also be planted out into the garden. Mature plants can withstand quite severe frosts, but do insulate any younger plants against cold weather. ##Soil Type: A GOOD general purpose potting soil (a soil that retains water yet drains well) will suffice. Check purchased soil to see that it is well aerated and add sand or perlite and peat moss if it seems to pack too tightly. Give the plants a chance to settle in before going back to whatever fertilization program has been successful for you. If you want to mix your own take: 1 part garden soil, 1 part coarse sand or perlite, 1 part moist peat or humus (leaf mold) and a light dusting of lime. Always use a pot with a hole.', '낮음 (잘 견딤)', '거실 내측 (실내깊이 300~500cm),거실 창측 (실내깊이 150~300cm),발코니 내측 (실내깊이 50~150cm),발코니 창측 (실내깊이 0~50cm)', 30, '소철은 두꺼운 줄기에 수분을 유지하며 건조한 환경에 잘 견디는 식물입니다. 화분 속 흙이 거의 다 말랐을 때 너무 차갑지 않은 온도의 물을 듬뿍 주세요. 토양이 완전히 마르기 전에 물을 주시면 뿌리 호흡이 불량해져 과습의 피해를 입을 수 있으니 주의해주세요.', 4, '소철은 은은한 빛이 많이 머무는 곳에서 키워주세요. 직접적인 강한 빛 아래에서는 잎 끝이 타들어갈 수 있어요.', 25, 21, '소철은 무더운 여름철에는 그늘과 선선한 바람이 부는 곳에서, 추운 겨울에는 실내의 밝은 햇빛이 드는 따뜻한 곳에서 키워주시면 건강하게 키울 수 있어요.', 'plant/61.jpg', '초보집사,공기정화', NULL),
	(62, '소피아 고무나무', 'Ficus elastica \'Sofia\'', 'Ficus sofia', '소피아', '인도', 150, 100, '거의 없음', '', '', '', '13℃ 이상', '40 ~ 70%', '인도 고무나무를 개량한 품종인 소피아 고무나무는 고무나무의 대명사로 통하고 있으며 다른 고무나무 종류보다 잎이 넓고 큰 것이 특징이에요.', '', '고무식물은 고무질을 생산하는 식물로 전 세계의 400종 이상 알려져 있는데 한국에서 흔히 고무나무라고 하는 것은 인도고무나무이다. 인도고무나무는 고무를 채취할 목적보다는 관상식물로 정원에 심거나 화분에 심어 실내장식용에 쓰이고 있다. 소피아 고무나무는 인도고무나무를 개량한 품종으로 일반적인 멜라닌 고무나무 보다 잎이 크다. 강한 직사광선을 피하되 실내의 밝은 곳에서 재배하고 실내습도를 40~70% 유지하며 깍지벌레와 응애와 같은 병충해를 조심해야 한다. 넓은 잎에 먼지가 쌓이면 식물의 호흡작용에 장해를 받아 생육에 영향을 미치므로 젖은 헝겊으로 잎을 닦아준다. ', '필요함', '거실 내측 (실내깊이 300~500cm),거실 창측 (실내깊이 150~300cm),발코니 내측 (실내깊이 50~150cm),발코니 창측 (실내깊이 0~50cm)', 7, '흙이 축축한 것은 좋아하지 않아 화분 위에서 3~5cm 정도 높이까지 보송하게 마른 것을 확인한 후 물을 주시는 게 좋아요. 흙의 축축한 상태가 오래 지속되면 뿌리가 숨을 잘 쉴 수 없게 만들어 뿌리썩음을 유발할 수 있어요. 또한 온도 변화에 예민해 물을 주실 때는 너무 차가운 온도의 물 보다 살짝 미지근한 온도의 물을 주는 게 좋아요. ', 4, '은은한 밝은 빛을 좋아해요. 직접적인 강한 빛 아래에서는 잎 끝이 탈 수 있으니 주의해주세요. 너무 어두운 곳에서는 잎 색이 흐릿해지고 잎을 떨굴 수 있어요. 인도 고무나무는 적은 빛 조건에도 잘 적응하지만, 밝은 빛도 좋아해요.', 25, 21, '추위에 아주 약하고 온도변화에 예민한 식물이에요. 온도 변화가 심한 창가나 에어컨, 난방기구 아래에 두지 마세요. 특히 차가운 바람이 드나드는 곳은 피해주세요. 인도 고무나무의 잎이 떨어질 수 있어요.', 'plant/62.jpg', '공기정화', NULL),
	(63, '솔레이롤리아', 'Soleirolia soleirolii', 'Mind your own business, baby\'s tears, irish moss', '천사의 눈물, 병아리 눈물, 또래기', '이탈리아(사르데냐 섬)', 5, 30, '', '', '', '16~20℃', '5℃', '40 ~ 70%', '아주 작고 오밀조밀한 잎이 사랑스러운 천사의눈물은 쐐기풀과에 속하는 식물이예요. 외국에서는 baby\'s tears이라고 불려요.', '', '내한성이 강한 상록 여러해살이풀로 키는 약 5cm이며 줄기는 붉은색으로 30cm정도 뻗어 나간다. 둥근 작은 잎이 촘촘히 달려있고 흰색 작은 꽃이 피며 생명력이 강해 실내적응력이 뛰어나다. 관수는 화분에 흙이 말랐을 때 하며 잎이나 줄기에 물이 닿으면 곰팡이 병이 생길 수 있어 물을 줄때에는 저면관수 한다. ', '낮음 (잘 견딤)', '거실 창측 (실내깊이 150~300cm),발코니 내측 (실내깊이 50~150cm),발코니 창측 (실내깊이 0~50cm)', 7, '화분의 흙이 말랐다 싶으면 물을 흠뻑 주세요', 4, ' 햇살이 드는 창문 앞, 햇살이 드는 실내에 두면 좋아요', 20, 10, '겨울에 창을 열어두고 오랜 시간 외출하는 일이 없도록 조심해 주세요. 또 여름에서 가을, 가을에서 겨울로 계절이 바뀔 때 창문을 열어두면 갑작스러운 온도 변화에 냉해를 입을 수 있어요. 일교차가 심할 때도 마찬가지로 냉해를 조심해 주세요.', 'plant/63.jpg', '초보집사,공기정화,집꾸미기,반려동물', NULL),
	(64, '수박페페로미아', 'Peperomia sandersii', 'watermelon peperomia, watermelon begonia', '수박페페', '중앙 아메리카 ', 20, 20, '거의 없음', '', '경험자', '21~25℃', '13℃ 이상', '40 ~ 70%', '동글동글한 잎을 자세히 보면 수박 껍질같은 무늬를 가지고 있어요. 그래서 수박페페라는 이름이 붙었어요. 귀여운 식물을 좋아하는 식집사라면 수박페페를 꼭 들이곤 해요. 줄기들이 서로 가까이 붙어 잎을 내기 때문에 낮은 높이에서 다글다글 잎이 나요. 그래서 낮은 높이의 화분에 이 아이를 심어주면 잘 어울려요.', '', ' 수박 페페로미아는 자일렌 제거량이 ‘중’등급이고, 포름알데히드 제거량은 ‘중상’등급으로 우수한 공기정화식물이다. 새집증후군 원인물질인 자일렌과 포름알데히드의 제거효과가 우수하나, 빛을 너무 적게 받으면 도장(웃자람)하고 실내에서 재배할 때 습도 40~70%를 유지해야한다. 추위에 약해 겨울철 온도관리에 주의하고 부엽토성분의 배수가 잘되는 토양에 심는다. 깍지벌레 응애와 같은 병충해에 주의한다. ', '필요함', '거실 창측 (실내깊이 150~300cm),발코니 내측 (실내깊이 50~150cm),발코니 창측 (실내깊이 0~50cm)', 7, '수박페페의 두꺼운 잎에는 수분을 저장하는 능력이 있어 화분 위에서 3~5cm 정도 높이의 흙이 보송하게 마른 것을 확인한 후 물을 주세요. 목이 마를 때는 잎에 힘이 없이 축 처지는 현상이 나타나 눈으로도 물 주는 시기를 체크할 수 있답니다.', 4, '수박페페는 빛이 적은 환경에서도 잘 견디지만, 밝은 간접광을 충분히 받을 수 있는 공간이 가장 적합해요. 화분을 주기적으로 돌려 빛을 골고루 받게 해주시면 더 풍성하고 통통한 수박 페페를 만날 수 있어요.', 25, 21, '수박 페페는 평균 실내 온도에서 잘 적응해요. 추위에 약해 주변 온도를 따뜻하게 관리해주셔야 한답니다.', 'plant/64.jpg', '공기정화,집꾸미기,반려동물', NULL),
	(65, '수박필레아', 'Pilea cadierei', 'Aluminum plant', '수박필레아', '베트남, 멕시코', 40, 30, '거의 없음', '', '', '21~25℃', '13℃ 이상', '40 ~ 70%', '길쭉한 타원형 잎에 은펄이 자르르 도는 무늬가 있는 수박필레아는 키우기 쉬워 초보들에게도 추천하는 식물이예요. ', '', '잎 위쪽에 성긴 톱니가 있는 타원형 잎 표면에 규칙적인 은색 무늬가 있다.', '특별 관리 요구', '거실 창측 (실내깊이 150~300cm),발코니 내측 (실내깊이 50~150cm),발코니 창측 (실내깊이 0~50cm)', 7, '화분의 겉흙이 말랐을 때 물을 흠뻑 주시면 돼요', 4, ' 햇살이 드는 창문 앞, 햇살이 드는 실내에 두면 좋아요', 25, 18, '겨울에 창을 열어두고 오랜 시간 외출하는 일이 없도록 조심해 주세요. 또 여름에서 가을, 가을에서 겨울로 계절이 바뀔 때 창문을 열어두면 갑작스러운 온도 변화에 냉해를 입을 수 있어요. 일교차가 심할 때도 마찬가지로 냉해를 조심해 주세요.', 'plant/65.jpg', '초보집사,공기정화,집꾸미기,반려동물', NULL),
	(66, '수염 틸란드시아', 'Tillandsia usneoides', 'spanish moss', '수염 틸란드시아', '미국 남동부, 중부, 아르헨티나 중부 ', 50, 25, '거의 없음', '', '경험자', '21~25℃', '13℃ 이상', '70% 이상', '은빛이 도는 굵은 실 잎이 매력적이에요. 큰 웨이브를 준 듯 아름다운 곡선을 보여줘요. 중력 방향대로 늘어지며 자라기 때문에 공중에 걸어놓고 키우는 대표적인 플랜테리어 식물이에요. 공중의 습도, 먼지를 먹고 산소를 뿜어주는 고마운 아이예요. 분무기로 물만 한 번씩 뿌려주면 계속 성장하니 눈에 띄는 곳에 걸어두면 키우기도 쉬워요.', '행잉이용', '', '필요함', '거실 내측 (실내깊이 300~500cm),거실 창측 (실내깊이 150~300cm),발코니 내측 (실내깊이 50~150cm),발코니 창측 (실내깊이 0~50cm)', 7, '분무기를 이용해서 잎 전체를 충분히 적셔주거나, 양동이에 물을 받아 30분 정도 담가 놓으면 되요. 과습에 취약하기 때문에 물 주고나서 중심부에 물이 고이지 않도록 살살 털어주거나 바람이 잘드는 곳에서 충분히 물기를 말려주세요.', 5, '수염 틸란시아는 창문이나 커튼을 거친 부드러운 햇빛을 좋아해요. 직접적인 햇빛을 오랜시간 받으면 잎이 탈 수 있으니 주의해주세요. 잎이 탔다면 소독한 가위로 말끔하게 잘라내주세요.', 25, 16, '포근한 온도에서 무난하게 잘 자라요. 따뜻한 온도에서 빠르게 성장하지만 온도가 낮아질수록 성장속도가 느려져요. 10℃ 이하에서는 냉해를 입을 수 있으니 추운 겨울철에는 실내의 따뜻한 곳에서 키우는 것이 좋아요.', 'plant/66.jpg', '초보집사,공기정화', NULL),
	(67, '숙근이베리스', ' Iberis sempervirens', 'Evergreen candytuft, Perennial candytuft', '이베리스', '지중해 연안', 25, 25, '약함', '', '경험자', '21~25℃', '10℃', '40 ~ 70%', '토끼 귀 같은 꽃잎이 둥글게 모여 피어나는 이메리스는 여러 해에 걸쳐 꽃을 볼 수 있는 다년생 숙근식물이예요. 주로 유럽 남부에서 관상용으로 많이 재배하고 있어요.', '', '', '필요함', '거실 창측 (실내깊이 150~300cm),발코니 내측 (실내깊이 50~150cm),발코니 창측 (실내깊이 0~50cm)', 7, '규칙적으로 해주는게 가장 좋아요. 화분흙이 말라서 지속되지 않도록 신경써 주세요. ', 5, '실외 직사광, 햇살이 드는 창문 앞에 두면 좋아요', 25, 10, '겨울에 창을 열어두고 오랜 시간 외출하는 일이 없도록 조심해 주세요. 또 여름에서 가을, 가을에서 겨울로 계절이 바뀔 때 창문을 열어두면 갑작스러운 온도 변화에 냉해를 입을 수 있어요. 일교차가 심할 때도 마찬가지로 냉해를 조심해 주세요.', 'plant/67.jpg', '집꾸미기,반려동물', NULL),
	(68, '홍콩야자 (쉐프렐라 홍콩)', 'Schefflera arboricola', 'queensland umbrella tree, octopus tree, dwarf umbrella tree, parasol plant, star leaf', '홍콩야자', '뉴질랜드, 오스트레일리아, 뉴기니 자바, 대만', 150, 50, '거의 없음', '', '초보자', '21~25℃', '7℃', '40 ~ 70%', '잎이 우산을 펴놓은 듯한 모양의 홍콩야자는 사실 야자수가 아니라 두릅나무과랍니다. 잎이 하나씩 나는 것이 아니라 우산 펴지듯 한번에 여러장이 나는 모습이 더욱 매력적인 친구예요. 집에 들이고 며칠만 지나면 금방 적응해요. 알아서 잘 크고, 성장하는 모습이 눈에 쉽게 보이기 때문에 키우는 재미가 좋아 인기가 많아요.', '', '홍콩야자라고 알려진 쉐플레라 ‘홍콩’은 실내공기정화력이 우수한, 특히 담배연기를 잘 흡수하는 식물로 알려져 있으며 키가 큰 종류의 쉐플레라와 키가 작은 왜성종 쉐플레라가 있다. 물 꽂이 화분에 심어도 뿌리가 내리는 적응력이 강한 식물이지만, 추위에는 약하다. 수건으로 잎을 닦아 주면 잎에서 윤기가 생겨 관상하기 좋다. ', '보통 (약간 잘 견딤)', '실내 어두운 곳 (실내깊이 500 이상cm),거실 내측 (실내깊이 300~500cm),거실 창측 (실내깊이 150~300cm),발코니 내측 (실내깊이 50~150cm),발코니 창측 (실내깊이 0~50cm)', 7, '홍콩야자는 높은 공중습도를 좋아하지만, 흙이 축축한 것은 좋아하지 않아 화분 속 흙이 대부분 마른 후 물을 주시는 게 좋아요. 물이 과다하면 잎을 잘 떨어뜨린답니다. 차가운 온도에 약해 물을 주실 때는 살짝 미지근한 온도의 물을 천천히 주는 게 좋아요. 항상 흙마름을 체크하신 후 물을 주셔야 뿌리 과습을 예방할 수 있답니다.', 2, '홍콩야자는 은은한 밝은 빛을 좋아해요. 실내에서 잘 자라지만 너무 어두운 곳에서는 잎 색이 흐릿해지고 줄기가 웃자랄 수 있어요. 직접적인 강한 빛 아래에서는 잎 끝이 탈 수 있으니 주의해주세요.', 25, 21, '따뜻한 열대 지역에서 온 홍콩야자는 추위에 예민한 식물이에요. 온도 변화가 심한 창가나 에어컨, 난방 기구 근처에 두지 마세요. 특히 차가운 바람이 드나드는 곳은 피해주세요. 홍콩야자의 잎이 떨어질 수 있어요.', 'plant/68.jpg', '초보집사,공기정화', NULL),
	(69, '스킨답서스', 'Epipremnum aureum', 'scindapsus, devils ivy, goden pothos, hunter’s robe', '스킨다비스, 신답서스', '솔로몬군도, 인도네시아(자바 섬)', 20, 30, '거의 없음', '', '', '21~25℃', '13℃ 이상', '40 ~ 70%', '카페, 식당, 사무실 등 주변에서 쉽게 볼 수 있는 식물이에요. 어디서나 보인다는 것은 어떤 환경에서도 쉽게 키울 수 있다는 뜻이죠. 엄청난 생명력을 가진데다 공기정화 능력도 좋아요. 덩굴 식물이기 때문에 쭉 늘어지는 모양을 가지고 있어요. 초록빛이 가득한 공간을 만들고 싶다면 스킨답서스는 필수예요.', '행잉이용', '에코플렌트 중에서 가장 관리가 쉽고 잘 자라는 식물로 병해충에 대한 강한 저항성을 갖고 있다. 실내관엽 식물중 일산화탄소 제거능이 우수하여 주방의 기능성 식물로 알려진 종으로 어두운 곳에서도 잘 적응한다. 약 40m 길이까지 자랄 수 있는 덩굴성으로 행잉으로 이용하며 기근을 갖는다. 여러무늬 종들이 있으며 공기 정화력도 가지고 있다. 칼슘옥살레이트 성분을 가지고 있어 애완동물에게는 독성이 있다. 수경재배가 가능하여 줄기를 잘라 물꽂이 삽목하여 재배한다. 반음지에서 잘 자라며 겨울철에는 충분히 빛을 받게 하면서 물은 적게준다. ', '보통 (약간 잘 견딤)', '실내 어두운 곳 (실내깊이 500 이상cm),거실 내측 (실내깊이 300~500cm),거실 창측 (실내깊이 150~300cm),발코니 내측 (실내깊이 50~150cm),발코니 창측 (실내깊이 0~50cm)', 7, '스킨답서스는 화분 위에서 3~5cm 정도 높이의 흙이 보송하게 마른 것을 확인한 후 물을 주세요. 목이 마를 때는 잎에 힘이 없이 축 처지는 현상이 나타나 눈으로도 물 주는 시기를 체크할 수 있답니다. 흙이 다 마르기 전에 물을 주면 뿌리의 호흡이 불량해져 과습의 피해를 입기 쉬워요.', 4, '우거진 숲속에 사는 스킨답서스는 빛이 적은 환경에서도 잘 견디지만 너무 어두운 곳에서는 잎의 크기가 줄어들고 잎의 무늬가 없어질 수 있어 밝은 간접광이 드는 곳에 놓아주면 더 건강하게 잘 키울 수 있답니다. 화분을 주기적으로 돌려 빛을 골고루 받게 해주시면 더 풍성한 스킨답서스를 만나볼 수 있어요.', 25, 21, '고온다습한 열대성 기후의 솔로몬 제도에서 온 스킨답서스는 추위에 아주 약해 주변 온도를 따뜻하게 관리해주셔야 한답니다. 만약 실외나 베란다에서 키우고 계시다면, 늦가을~초봄까지는 실내로 들여서 키워주셔야 건강하게 키울 수 있습니다.', 'plant/69.jpg', '초보집사,공기정화', NULL),
	(70, '스파티필룸', 'Spathiphyllum wallisii', 'spath, peace lilies', '스파트, 스파티필럼', '콜롬비아, 베네수엘라', 40, 30, '거의 없음', '약간 있음', '경험자', '21~25℃', '13℃ 이상', '40 ~ 70%', '식물 킬러라면 스파티필름을 키워 보세요. 자신감을 회복할 수 있어요. 이 아이는 푸르고 싱싱한 잎을 잘 내어주면서 하얀 꽃도 피우는 재미를 덤으로 줘요. 공기 정화에 탁월한 능력을 가지고 있고 관리가 쉽고 예쁜 모양을 갖고 있어 가장 인기 많은 반려식물 중 하나에요.', '불염포는 흰색이나 나이가 들면 녹색을 띤다.', '대표적인 품종은 다음과 같다. ① 파티니이(S. patinii): 원산지는 확실하지 않으며 한국에서 흔히 재배한다. 높이 40∼50cm 정도로 자라며 무리 지어 난다. 잎은 혁질(革質:가죽 같은 질감)로서 긴 타원 모양 바소꼴이며 길이 약 20cm, 나비 8cm 정도이다. 불염포는 길이 8∼10cm로서 흰색이다. 그늘진 곳에서도 잘 자란다. ② 칸니폴리움(S. cannifolium): 남아메리카 북부와 트리니다드토바고 원산이다. 원예종이 많으며 높이 80∼100cm 정도이다. 땅속줄기가 자란 것으로서 무리지어 난다. 잎은 두껍고 길이 30∼50cm, 나비 10∼18cm이며 잎자루와 같은 길이이다. 추위에는 약하나 그늘에서도 자란다. ③ 플로리분둠(S. floribundum): 콜럼비아 원산이다. 높이 약 30cm이다. 왜성종으로서 잎은 빽빽이 나나 무리를 이루지 못하고 생장도 더디다. 잎은 타원 모양으로서 둥그스름하며 혁질이다. 잎은 길이 15∼20cm, 나비 8cm 정도이다. 불염포는 넓은 달걀 모양이며 육수꽃차례로 달린다. 향기가 강하고 열매를 잘 맺는다. 번식은 종자로 한다. ④ 왈리시(S. wallisii): 중앙 아메리카가 원산지인 상록다년초다. 최대 90cm까지 자라며 10~12cm의 타원형 불염포를 가지고 있다. 불염포는 흰색이나 나이가 들면 녹색을 띤다. 광택이 있는 잎은 약 60cm까지 자라며 타 종보다 큰 편이다. 마우나로아(mauna loa), 센세이션(sensation), 도미노(domino)를 비롯한 다양한 원예 품종의 모태가 되었다. 상업적으로 가장 많이 이용되고 있는 대형 원예종인 마우나로아는 미항공우주국(NASA)의 공기정화식물 실험을 거친 원예종으로 벤젠, 폼알데하이드, 트릴클로로에틸렌, 크실렌, 톨루엔, 암모니아, ,아세톤 등의 제거 능력이 특히 매우 뛰어나 공기정화식물로도 인기가 많다. 꽃자루가 길고 흰색의 아름다운 포엽에 꼬리같은 육수화서가 붙어있다. 공기정화식물로도 유명하지만, 칼라를 닮은 포엽이 완전히 전개되면 우아한 꽃과 같은 느낌이다. 흰색의 포엽은 시간이 지날수록 녹색으로 바뀌어 간다. 공중습도 관리에 유의하며 습한 여름철을 제외하고 잎에 자주 분무한다. 재배가 쉽지만 추위에는 조금 약하므로 겨울철 냉해를 받지 않도록 주의한다. ', '보통 (약간 잘 견딤)', '실내 어두운 곳 (실내깊이 500 이상cm),거실 내측 (실내깊이 300~500cm),거실 창측 (실내깊이 150~300cm),발코니 내측 (실내깊이 50~150cm),발코니 창측 (실내깊이 0~50cm)', 7, '스파티필름은 촉촉한 공기는 좋아하지만, 뿌리 과습에는 약한 식물입니다. 항상 흙마름을 체크하신 후 물을 주셔야 뿌리 과습을 예방할 수 있답니다. 화분 위에서 3cm 정도 높이의 흙이 보송하게 말랐을 때 물을 주세요. 물 주는 타이밍 잡기가 어렵다면 약간 축 처졌을 때 물을 주는 방법도 있답니다.', 4, '스파티필름은 빽빽한 나무 그늘 아래 적은 양의 빛을 받고 살아가는 식물이에요. 빛이 적은 실내에서도 잘 견뎌서 집 안 어디서도 키울 수 있어요. 하지만 스파티필름의 꽃을 보고 싶으시다면 밝고 은은한 간접광을 오래 쐴 수 있게 해주어야 한답니다.', 32, 18, '평균 실내온도에서 잘 자라는 식물입니다. 한겨울의 추위만 피해주신다면 건강하게 키우실 수 있어요.', 'plant/70.jpg', '초보집사,공기정화', NULL),
	(71, '시클라멘', 'Cyclamen persicum', 'Cyclamen', '시클라멘', '유럽', 30, 30, '중간', '', '전문가', '16~20℃', '7℃', '40 ~ 70%', '시클라멘은 대표적인 겨울화초로 11월부터 3월까지 겨울 내내 아름다운 꽃을 피우는 식물입니다. 공기정화효과도 좋아 더욱 인기가 많습니다.', '', '덩이줄기 구근식물인 시클라멘의 꽃은 11월~3월까지 피고, 한줄기 끝에 1개의 꽃이 피며, 보라색, 분홍색, 빨강색, 흰색 등 꽃 색이 다양하다. 통풍이 잘 되는 서늘한 곳을 좋아한다. 하트모양의 독특한 화형을 오랫동안 감상 할 수 있고 겨울철 실내에서 재배가 용이한 장점이 있다. 관수는 잎과 구근이 닿지 않도록 저면관수 하는 것이 좋다. 생육온도는 16~20℃로 여름철 차광을 하여 온도조절을 해준다. 진딧물, 응애, 온실가루이 등 병충해에 조심한다. ', '필요함', '거실 창측 (실내깊이 150~300cm),발코니 내측 (실내깊이 50~150cm),발코니 창측 (실내깊이 0~50cm)', 7, '시클라멘이 빠르게 성장하는 가을~봄에는 보통 주 1~2회 겉흙이 마르면 화분 밑으로 물이 흘러 나올만큼 듬뿍 주세요. 온도가 높앚면 휴면기에 접어들어 늦봄부터 성장속도가 느려지기 때문에 물 주는 주기를 늘려주세요.', 4, '햇빛은 식물이 살아가는데 있어서 꼭 필요한 요소에요. 시클라멘은 창문이나 커튼을 거친 부드러운 햇빛을 좋아해요. 햇빛이 부족할 경우 잎의 색이 연해질 수 있으니 밝은 곳에서 키우는 것이 좋아요. 한여름의 뜨거운 햇빛 아래서는 잎이 탈 수 있으니 주의해주세요.', 20, 12, '늘한 온도에서 무난하게 잘 자라요. 따뜻한 온도에서 빠르게 성장하지만 온도가 낮아질수록 성장속도가 느려져요. 10℃ 이하에서는 냉해를 입을 수 있으니 추운 겨울철에는 베란다나 실내의 따뜻한 곳에서 키우는 것이 좋아요.', 'plant/71.jpg', '공기정화', NULL),
	(72, '싱고니움', 'Syngonium podophyllum', 'Goose foot', '싱고니움', '열대아메리카', 30, 30, '거의 없음', '', '경험자', '21~25℃', '10℃', '40 ~ 70%', '싱고니움은 잎이 작을 땐 가늘고 긴 화살촉 모양이었다가 성장하고 나면 방패같은 모습을 보여줘요. 단순한 무늬, 반반 무늬, 화려한 무늬, 고스트 까지 다양한 형태의 무늬를 가지고 있어요. 이 아이는 색깔도 정말 다양해요. 핑크, 옐로우, 아이보리, 레드 등 다양한 색의 스펙트럼이 잎 위에 펼쳐지는데, 콜렉터라면 사랑할 수 밖에 없는 친구예요.', '', '연두색, 흰색, 빨강, 분홍색등의 잎색과 줄무늬, 점무늬 등 다양한 잎모양을 지닌 대표적인 잎보기식물이다. 실내 암모니아 제거능력 우수하고 반그늘을 좋아하며 고온다습한 환경에서 잘 자란다. 덩굴성이면서 줄기 마디에서 기근이 나와 다른 물체에 붙어 자란다. 줄기를 자르면 즙액이 나오고 이를 식용하면 위험하다. 응애, 깍지벌레, 온실가루이 병충해를 조심한다. ', '필요함', '거실 창측 (실내깊이 150~300cm),발코니 내측 (실내깊이 50~150cm),발코니 창측 (실내깊이 0~50cm)', 7, '싱고니움은 꾸준한 수분 공급이 중요한 식물입니다. 물을 주기 전 겉 흙이 3cm정도 마른 것을 확인한 후 물을 주시는 것이 좋아요. 물을 과하게 주면 뿌리 주변의 흙들이 숨을 잘 쉬지 못해요. 물을 주신 후에는 환기를 시켜 공기를 순환시켜 주셔야 한답니다. 또한 싱고니움은 차가운 온도에 약하기 때문에 차가운 물보다 살짝 미지근한 온도의 물을 주는 게 좋아요.', 2, '싱고니움은 나무 아래에서 살아가는 식물이므로 빛이 적은 환경에서도 잘 자라요. 직접적인 강한 햇빛은 피해서 키워주세요. 강한 햇빛 아래에서는 잎이 탈 수 있어요.', 25, 21, '싱고니움은 따뜻하고 습도가 높은 환경을 좋아해요. 싱고니움은 고온에 가장 잘 견디는 관엽식물에 속해요. 반면 추위에는 아주 약하기 때문에 여름철에는 에어컨 바람을 직접 받지 않는 곳에서 키워주시고, 겨울철에는 꼭 따뜻한 실내에서 키워주세요. 온도가 낮아질수록 성장속도가 느려져 새 잎을 내어주지 않을 수 있어요.', 'plant/72.jpg', '초보집사,공기정화', NULL),
	(73, '아글라오네마 스노우사파이어', 'Aglaonema \'Snow White\'', 'spotted evergreen, silver evergreen', '아글라오네마, 아그로네마', '말레이시아, 타이, 필리핀', 50, 30, '거의 없음', '', '경험자', '21~25℃', '13℃ 이상', '40 ~ 70%', '홈가드닝이 처음이라면 스노우 사파이어 키우기로 시작해 보는걸 추천해요. 잎에 무늬가 화려하면서, 가만히 둬도 알아서 잘 자라요. 빛이 조금 부족한 곳에서도 잘 커서 식집사들을 실망시키지 않거든요. 잎의 패턴이 특히 아름다워요. 사파이어에 눈이 내린 듯 하다고 하여 그 이름이 붙여졌어요. ', '', '영화 ‘레옹’의 주인공이 소중하게 여기던 화분식물로 잘 알려진 화분식물로 은빛과 녹색이 잘 배합되어 고급스러운 느낌을 전해준다. 최근에는 화사한 빛깔의 품종 ‘오로라’도 유통되고 있다. 밝은 빛을 공급하면 가장자리와 주맥의 붉은 빛이 선명해진다. 추위에 약하므로 겨울철 실내온도를 잘 관리하며 수경재배로 재배가 가능하다.', '보통 (약간 잘 견딤)', '실내 어두운 곳 (실내깊이 500 이상cm),거실 내측 (실내깊이 300~500cm),거실 창측 (실내깊이 150~300cm),발코니 내측 (실내깊이 50~150cm),발코니 창측 (실내깊이 0~50cm)', 7, '아글라오네마는 화분 속 흙이 절반정도 마른 것을 확인 한 후에 물을 주는 게 좋아요. 물을 과하게 주면 뿌리가 숨을 잘 쉬지 못하기 때문에 물을 주신 후에는 환기를 시켜 공기를 순환시키고, 화분 받침대에 고인 물은 바로 버려주어야 한답니다. 또한 디펜바키아는 차가운 온도에 예민하기 때문에 차가운 물보다 살짝 미지근한 온도의 물을 주는 게 좋아요.', 1, '아글라오네마는 빛이 적은 환경에서도 잘 자라요. 밝은 간접광을 받을 수 있는 곳에서 가장 건강하게 잘 자란답니다.', 25, 21, '아글라오네마는 따뜻한 온도를 좋아하고 추위에는 아주 약하기 때문에 여름철에는 에어컨 바람을 직접 받지 않는 곳에서 키워주시고, 겨울철에는 꼭 따뜻한 실내에서 키워주세요. 온도가 낮아질수록 성장속도가 느려져 새 잎을 내어주지 않을 수 있어요.', 'plant/73.jpg', '초보집사,공기정화', NULL),
	(74, '아데니움', 'Adenium obesum', 'desert rose, adenium, impala lily', '석화, 사막의 장미, (추천 유통명: 아데니움)', '남아프리카, 동아프리카', 40, 30, '거의 없음', '', '경험자', '21~25℃', '13℃ 이상', '40 ~ 70%', '흔히 \'사막의 장미\'라고 많이 불리는 아데니움,석화는 바오밥나무처럼 단단한 줄기에서 길쭉한 초록 잎이 나요. 선명한 분홍빛의 아름다운 꽃을 피워내서 많은 사랑을 받고 있어요. ', '', '', '보통 (약간 잘 견딤)', '거실 창측 (실내깊이 150~300cm),발코니 내측 (실내깊이 50~150cm),발코니 창측 (실내깊이 0~50cm)', 30, '아데니움은 통통한 줄기에 수분을 저장하는 능력이 뛰어난 식물입니다. 물을 주기 전에는 꼭 흙이 다 말랐는 지 확인하시고, 흙 상태를 파악하고 물 주기가 어렵다면 아데니움의 줄기가 살짝 말랑말랑하거나 쪼글쪼글 주름이 졌을 때 물을 주세요. 아데니움은 무름병에 취약해 물을 줄 때 줄기에 물이 닿지 않도록 주는 게 좋아요.', 5, '아데니움은 밝은 빛을 좋아하는 식물입니다. 햇빛이 가장 많이 드는 곳에 놓아주세요. 빛을 충분히 받지 못하는 환경이 오래 지속되면 성장이 아주 느려지고 물마름이 더뎌지며, 잎을 떨어뜨릴 수 있어요.', 25, 21, '아데니움은 추위에 약하지만 평균 실내온도에서 잘 자라는 식물입니다. 한겨울의 추위만 피해주신다면 건강하게 키우실 수 있어요.', 'plant/74.jpg', '집꾸미기', NULL),
	(75, '아디안텀', 'Adiantum raddianum', 'Delta maidenhair fern', '아디안텀', '브라질', 40, 30, '거의 없음', '', '경험자', '21~25℃', '13℃ 이상', '40 ~ 70%', '고사리류 중 가장 인기 많은 아이예요. 아디안텀 고사리는 작고 귀여운 잎을 촘촘히 내요. 잎이 가볍고 풍부해서 바람이 조금만 불어도 풍부한 자연을 느낄 수 있어요. 자주 찾는 공간에 두면 눈에 띌 때마다 웃음이 나요.', '테라리움, 실내 밝은 장소', '고사리류의 식물로 처음엔 위로 자라다가 어느 정도 자라면 아래로 처지는 형태로 밝은 녹색 잎이 많이 달려 있어 매우 섬세한 느낌을 준다.연한 녹색의 잎이 부드러운 관엽식물이고 원줄기는 윤기나는 검은색이다. ', '특별 관리 요구', '거실 창측 (실내깊이 150~300cm),발코니 내측 (실내깊이 50~150cm),발코니 창측 (실내깊이 0~50cm)', 7, '흙이 젖어 있도록 수분을 충분히 있어야 하고 배수도 잘 되는 토양으로 사용해야 해요.', 3, '햇살이 없지만 밝은 실내, 햇빛이 없고 어두운 실내에 두면 좋아요', 25, 20, '겨울에 창을 열어두고 오랜 시간 외출하는 일이 없도록 조심해 주세요. 또 여름에서 가을, 가을에서 겨울로 계절이 바뀔 때 창문을 열어두면 갑작스러운 온도 변화에 냉해를 입을 수 있어요. 일교차가 심할 때도 마찬가지로 냉해를 조심해 주세요.', 'plant/75.jpg', '초보집사,공기정화,반려동물', NULL),
	(76, '아라우카리아', 'Araucaria heterophylla', 'Norfolk island pine', '아라우카리아, 아로카리아', '뉴질랜드, 오스트레일리아', 150, 50, '거의 없음', '', '초보자', '21~25℃', '5℃', '40 ~ 70%', '호주의 크리스마스 트리, 아라우카리아는 뾰족하고 얇은 잎과 길고 시원시원한 줄기가 매력적인 식물이예요. 크리스마스 시즌이면 다양한 장식을 매단 아라우카리아를 만날 수 있어요. ', '', '송곳모양의 부드러운 바늘이 있는 가지가 수평으로 자라는 우아한 상록성 나무이다. 공기정화능력이 우수하고 재배가 쉬워 실내식물로 기르기에 적합하다. 반음지나 반양지에서 잘 자라며 직접적으로 빛을 받으면 잎이 누렇게 타므로 직사광선은 피하는 게 좋다. 키가 큰 실내식물로 겨울철 크리스마스트리로 사용하기도 하는데 어두운 곳에 오래두면 모양이 흐트러지므로 주의한다. 추위에 강해 남부 지방에서는 실외 정원에서 키우기도 하고 실내에서 2~3년에 한번 씩 분갈이를 한다. ', '낮음 (잘 견딤)', '거실 내측 (실내깊이 300~500cm),거실 창측 (실내깊이 150~300cm),발코니 내측 (실내깊이 50~150cm),발코니 창측 (실내깊이 0~50cm)', 7, '화분 위에서 3~5cm정도까지 흙이 보송하게 말랐을 때 물을 주세요. 물을 주실 때는 화분 밑으로 물이 빠져나올 때까지 충분히 주셔야 흙 전체에 충분히 물이 흡수될 수 있답니다. 아라우카리아는 물을 좋아하는 식물이지만 근계(지하부, 뿌리)가 약한 식물이므로 흙이 마른 것을 확인 한 후에 물을 주셔야 뿌리 과습을 예방할 수 있어요.', 5, '아라우카리아는 밝은 곳을 좋아하는 식물이예요. 비교적 빛이 적은 곳에서도 잘 자라지만 어두운 곳에 너무 오래 두어 빛이 부족해지면 잎이 축 처지고 잎 색이 옅어지거나 아랫 부분의 잎이 떨어질 수 있어요. 한여름 직접적인 뜨거운 빛을 많이 받으면 잎이 노랗게 변색되거나 잎 끝이 탈 수 있어요.', 25, 20, '아라우카리아는 추위에 약한편이예요. 겨울철에는 꼭 실내에서 관리해주셔야 한답니다. 한겨울 최저기온이 5℃ 이하로 내려가지 않도록 주의해주세요.', 'plant/76.jpg', '초보집사,집꾸미기,반려동물', NULL),
	(77, '아레카야자', 'Chrysalidocarpus lutescens', 'areca palm, butterfly palm, golden feather palm', '아레카야자', '인도 마다가스카르', 200, 100, '거의 없음', '', '경험자', '21~25℃', '13℃ 이상', '40 ~ 70%', '아레카야자는 아프리카 마다가스카르 열대 식물이에요. NASA 발표에 따르면 아레카야자는 가장 뛰어난 공기 정화 능력을 가진 식물이라고 해요. 키가 길쭉하고 줄기따라 잎을 촘촘히 내어주는 덕분에 울창해보이는 느낌이 멋스러운 아이에요. 수분을 많이 내뿜어 천연 가습기 역할도 해요.', '줄기가 황색을 나타내는 것은 병든 것이 아니라 원래 특성임', 'NASA가 지정한 실내공기 정화 식물 중에서 가장 일등공신으로 꼽히는 식물로 거실이나 사무실 등의 공기정화에 필수적인 식물이다.비교적 키우기 쉽지만 너무 강한 직사광선이나 건조한 공기는 싫어한다. 야자류 중에서는 질감도 부드럽고 여성스러운 느낌을 주며 가습기를 대신할 정도로 증산량이 뛰어난 식물이다. ', '필요함', '거실 창측 (실내깊이 150~300cm),발코니 내측 (실내깊이 50~150cm),발코니 창측 (실내깊이 0~50cm)', 4, '아레카 야자는 흙이 오래 축축한 상태에서는 잎 색이 까맣게 변하며 무르는 과습의 피해가 올 수 있어 화분 속 흙이 대부분 마른 것을 확인한 후 물을 주는 게 좋아요. 물을 주실 때는 화분 밑으로 물이 빠져나올 때까지 충분히 주셔야 흙 전체에 충분히 물이 흡수될 수 있답니다. ', 4, '아레카 야자는 밝은 간접광이 드는 곳을 좋아해요. 집 안에서 햇살이 가장 오래 머무는 곳에 위치시켜 주세요.', 24, 18, '따뜻한 마다가스카르 열대 우림에서 온 아레카 야자는 추위에 약한 식물이에요. 온도 변화가 심한 창가나 에어컨, 난방 기구 근처에 두지 마세요. 특히 차가운 바람이 드나드는 곳은 피해주세요.', 'plant/77.jpg', '초보집사,공기정화,반려동물', NULL),
	(78, '아마릴리스', 'Hippeastrum hybridum', 'amaryllis', '아마릴리스', '남아메리카', 50, 30, '거의 없음', '', '초보자', '21~25℃', '7℃', '40 ~ 70%', '쭉 뻗은 곧은 줄기와 백합을 닮은 아름답고 강렬한 꽃이 특징인 아마릴리스는 봄에 꽃을 피우는 구근식물이예요.', '', '', '낮음 (잘 견딤)', '발코니 내측 (실내깊이 50~150cm),발코니 창측 (실내깊이 0~50cm)', 2, '흙이 마르지 않도록 관리해야 해요', 5, '실외 직사광, 햇살이 드는 창문 앞에 두면 좋아요', 25, 18, '겨울에 창을 열어두고 오랜 시간 외출하는 일이 없도록 조심해 주세요. 또 여름에서 가을, 가을에서 겨울로 계절이 바뀔 때 창문을 열어두면 갑작스러운 온도 변화에 냉해를 입을 수 있어요. 일교차가 심할 때도 마찬가지로 냉해를 조심해 주세요.', 'plant/78.jpg', '초보집사,집꾸미기', NULL),
	(79, '아스파라거스 풀루모수스', 'Asparagus pulmosus var. nanus', 'Asparagus fern, smilax', '아스파라거스 나누스', '아프리카', 100, 50, '', '', '', '21~25℃', '10℃', '40 ~ 70%', '백합과 식물인 아스파라거스 나누스는 식용 아스파라거스와는 다르게 관상용으로 개량되었어요. 가늘고 작은 잎들이 촘촘히 자라나며 반그늘에서도 잘 자라나는 식물이에요.', '', '', '필요함', '거실 창측 (실내깊이 150~300cm),발코니 내측 (실내깊이 50~150cm),발코니 창측 (실내깊이 0~50cm)', 5, '아스파라거스는 물을 좋아해 흙이 바싹 마르지 않게 관리해주는 것이 좋아요. 건조가 지속되면 잎이 노랗게 변해서 낙엽이 진답니다. 주기적으로 관수를 해주시고, 관수 후에는 통풍이 잘 되는 곳에 놓아두세요. 물을 좋아한다고 해서 항상 흙이 과하게 젖어있다면 뿌리가 호흡을 할 수 없게 되어 과습의 피해가 올 수 있으니 물을 주신 후에는 환기를 시켜 공기를 순환시켜 주어야 한답니다.', 2, '아스파라거스 나누스는 직접적인 강한 햇빛을 피해주시는 게 좋아요. 너무 강한 햇빛은 초록색 구름 같은 아스파라거스의 잎을 누렇게 만들고 잎이 떨어지게 만든답니다. 커텐이나 블라인드로 걸러진 은은한 빛을 받는 것이 좋아요.', 25, 15, '아스파라거스 나누스는 평균적인 실내온도에 잘 적응하는 식물이예요. 보통 13℃ 이하로 내려가면 성장이 느려지므로 겨울철 온도 관리에 신경써주셔야 해요.', 'plant/79.jpg', '공기정화', NULL),
	(80, '헤데라 아이비', 'Hedera helix', 'english ivy, baltic ivy', '헤데라 아이비', '유럽, 서아시아, 북아프리카', 30, 40, '거의 없음', '', '초보자', '16~20℃', '5℃', '40 ~ 70%', '사계절 푸른잎을 내는 헤데라는 내한성도 뛰어나 실내외에서 모두 키우기 좋은 식물이에요.  공기정화효과가 뛰어나고 병해충에 강하여 반려식물로 인기가 많아요. ', '관엽, 반음지 덩굴형', '아이비는 더운 것을 싫어하므로 너무 더운 곳은 피하고 조금 서늘한 곳에서 키우는 것이 좋다. 주위가 건조할 때는 잎에 자주 분무해 준다.', '낮음 (잘 견딤)', '거실 내측 (실내깊이 300~500cm),거실 창측 (실내깊이 150~300cm),발코니 내측 (실내깊이 50~150cm),발코니 창측 (실내깊이 0~50cm)', 7, '이비는 건조에도 잘 견디는 식물이지만 목이 마르면 새 잎이 말라 흙이 바싹 마르지 않게 관리해주시는 게 좋아요. 화분 위에서 3cm 정도 높이의 흙이 보송하게 말랐을 때 물을 주세요. ', 1, '아이비는 양지에서 음지까지 다양한 빛 조건에서 키울 수 있어요. 그 중에서 하루에 2~3시간 이상의 간접광을 받을 수 있는 공간에서 가장 잘 자란답니다.', 20, 16, '아이비는 온도에 대한 적응력이 뛰어난 식물입니다. 보통 실내 온도에서 잘 자라고 추위에도 강한 편이지만 무더운 여름철 온도관리에 주의해야해요.', 'plant/80.jpg', '초보집사,공기정화', NULL),
	(81, '아펠란드라', 'Aphelandra squarrosa', 'zebra plant, saffron spike', '아펠란드라', '중앙 아메리카, 브라질', 50, 30, '거의 없음', '', '', '21~25℃', '13℃ 이상', '40 ~ 70%', '그림으로 그린 듯한 선명한 잎 색과 잎맥을 가진 아펠란드라예요. 어디에서든 확실한 존재감을 가지고 있어요. ', '', 'Soil Type: Use a GOOD rich potting soil (a soil that retains water yet drains well), such as an African violet mix. If you want to mix your own take: 1 part garden soil, 1 part coarse sand or perlite and 2 parts peat or humus (leaf mold). Always use a pot with a hole. Growing Ease: Requires a little extra care', '필요함', '거실 창측 (실내깊이 150~300cm),발코니 내측 (실내깊이 50~150cm),발코니 창측 (실내깊이 0~50cm)', 3, '잎이 살짝 처져 보일 때 혹은 겉흙이 말랐을 때 화분 아래로 물이 나올 때까지 충분하게 주시돼, 과습 할 경우 뿌리가 썩을 수 있기 때문에 통기성이 좋은 화분에서 아펠란드라 키우기를 하시는 것이 좋아요', 4, '햇살이 드는 창문 앞, 햇살이 드는 실내에 두세요', 25, 18, '겨울에 창을 열어두고 오랜 시간 외출하는 일이 없도록 조심해 주세요. 또 여름에서 가을, 가을에서 겨울로 계절이 바뀔 때 창문을 열어두면 갑작스러운 온도 변화에 냉해를 입을 수 있어요. 일교차가 심할 때도 마찬가지로 냉해를 조심해 주세요.', 'plant/81.jpg', '초보집사,공기정화,반려동물', NULL),
	(82, '아프리칸 바이올렛', 'Saintpaulia spp.', 'african violet', '아프리칸 바이올렛', '아프리카', 20, 20, '거의 없음', '', '경험자', '16~20℃', '13℃ 이상', '40 ~ 70%', '잎의 털에 물방울이 고여 있으면 곰팡이병이 생길 수 있고 진한 꽃잎에 물방울이 묻어 물방울이 데워짐으로 꽃 색이 바래질 수 있으므로, 물을 줄때 저면관수 방법이나, 흙으로만 물이 주어지도록 주의한다.', '꽃말 \'작은 사랑\' (꽃이 작고 귀여워서 붙여진 듯함)', '다년생, 다육질의 타원형 잎에 털이 있고 꽃의 색상과 형태에 따라 다양한 품종이 있음 ', '필요함', '거실 창측 (실내깊이 150~300cm),발코니 내측 (실내깊이 50~150cm),발코니 창측 (실내깊이 0~50cm)', 7, '아프리칸 바이올렛이 빠르게 성장하는 봄~가을에는 보통 주 1회 겉흙이 마르면 화분 밑으로 물이 흘러 나올만큼 듬뿍 주세요. 여름과 겨울에는 성장속도가 느려지기 때문에 물 주는 주기를 늘려주세요. ', 4, '아프리칸 바이올렛은 창문이나 커튼을 거친 부드러운 햇빛을 좋아해요. 너무 강한 햇빛에선 잎이 탈 수 있지만 햇빛이 부족할 경우 웃자랄 수 있으니 밝은 곳에서 키우는 것이 좋아요.', 26, 16, '포근한 온도에서 무난하게 잘 자라요. 따뜻한 온도에서 빠르게 성장하지만 온도가 낮아질수록 성장속도가 느려져요. 추위에 강한편이지만 5℃ 이하에서는 냉해를 입을 수 있으니 추운 겨울철에는 베란다의 따뜻한 곳에서 키우는 것이 좋아요.', 'plant/82.jpg', '초보집사,공기정화,반려동물', NULL),
	(83, '안스리움 안드레아눔', 'Anthurium andraeanum', 'common anthurium, flamingo flower, oilcloth flower, painters palette', '안스리움 안드레아눔', '중앙 아메리카', 60, 40, '거의 없음', '', '경험자', '21~25℃', '13℃ 이상', '40 ~ 70%', '사계절 내내 핑크색, 붉은색 꽃(불염포)과 초록 잎을 동시에 볼 수 있는 매력적인 아이, 안수리움이에요. 화분 하나에서도 다양한 색을 볼 수 있어 정말 싱그러워요. 마치 꽃다발이 자라는 듯 한 인상을 받아요. 꽃도 꽃이지만 잎은 하트 모양을 하고 있어요. 잎이 작지도 않아요. 조금 비어 있는 공간에 안수리움을 두면 어떤 데코도 더이상 필요하지 않아요.', '', '일산화탄소, 암모니아 가스 제거 능력이 좋기 때문에 주방이나 화장실이 적합하다. 오랫동안 감상 할 수 있는 광택이 있는 포엽이 아름다워 실내에서 분화로 기르는 열대 관엽 관화 식물이다.', '필요함', '거실 창측 (실내깊이 150~300cm),발코니 내측 (실내깊이 50~150cm),발코니 창측 (실내깊이 0~50cm)', 5, '안스리움은 촉촉한 공기는 좋아하지만, 뿌리 과습에는 약한 식물입니다. 항상 화분 위에서 3cm 정도 높이의 흙이 보송하게 말랐는지 확인한 후에 물을 주세요. ', 2, '안스리움은 창문이나 얇은 커튼으로 한 번 걸러진 빛을 받을 수 있는 환경이 적합해요. 간접적인 빛을 오래 받을 수 있는 공간에 놓아주세요.', 25, 18, '안스리움은 추위에 약한 식물입니다. 겨울철에도 15℃ 이하로 내려가지 않도록 관리해 주세요.', 'plant/83.jpg', '초보집사,공기정화', NULL),
	(84, '알로카시아 아마조니카', 'Alocasia amazonica', 'elephant\'s ear', '알로카시아 아마조니카/거북알로카시아', '동남아시아', 60, 40, '거의 없음', '', '전문가', '21~25℃', '13℃ 이상', '40 ~ 70%', '알로카시아 아마조니카는 거북이의 등을 닮았다고 하여 거북 알로카시아라고 많이 불리고 있어요. 짙은 녹색의 잎에 굵고 선명한 잎맥이 두드러져요.', '', '', '필요함', '거실 창측 (실내깊이 150~300cm),발코니 내측 (실내깊이 50~150cm),발코니 창측 (실내깊이 0~50cm)', 5, '알로카시아 아마조니카는 물을 좋아하는 식물이에요. 하지만, 물을 과하게 주면 무름병이 생기기 쉬워요. 물을 주기적으로 주되, 흙을 축축한 상태로 오래 두지 않도록 주의해야 합니다.', 4, '알로카시아 아마조니카는 밝은 간접광에서 잘 자라요.', 25, 21, '열대 식물인 알로카시아 아마조니카는 따뜻한 환경에서 가장 잘 자라고 추위에 약해요.', 'plant/84.jpg', '공기정화', NULL),
	(85, '얼룩자주달개비', 'Zebrina pendula', 'silvery wandering jew, zebrina inch plant', '얼룩자주달개비/제브리나', '멕시코', 20, 40, '거의 없음', '', '초보자', '21~25℃', '10℃', '40 ~ 70%', '은빛이 도는 초록빛 잎 위에 선명한 보라색 선이 들어간 무늬가 특징인 얼룩자주달개비는 보기에도 아름답고 자라기도 잘 자라는 팔방미인같은 식물이예요.', '', 'Soil Type: A GOOD general purpose potting soil (a soil that retains water yet drains well) will suffice. Check purchased soil to see that it is well aerated and add sand or perlite and peat moss if it seems to pack too tightly. Give the plants a chance to settle in before going back to whatever fertilization program has been successful for you. If you want to mix your own take: 1 part garden soil, 1 part coarse sand or perlite, 1 part moist peat or humus (leaf mold) and a light dusting of lime. Always use a pot with a hole. Growing Ease: Will grow for anybody', '보통 (약간 잘 견딤)', '거실 창측 (실내깊이 150~300cm),발코니 내측 (실내깊이 50~150cm),발코니 창측 (실내깊이 0~50cm)', 7, '표토에서 3 센티미터의 흙이 잘 마르면 화분 바닥에서 물이 흘러 나오는 정도 듬뿍 물을 주면 돼요', 5, '햇살이 드는 창문 앞, 실외 직사광에 두면 좋아요', 25, 15, '겨울에 창을 열어두고 오랜 시간 외출하는 일이 없도록 조심해 주세요. 또 여름에서 가을, 가을에서 겨울로 계절이 바뀔 때 창문을 열어두면 갑작스러운 온도 변화에 냉해를 입을 수 있어요. 일교차가 심할 때도 마찬가지로 냉해를 조심해 주세요.', 'plant/85.jpg', '초보집사,공기정화,집꾸미기', NULL),
	(86, '아크메아 파시아타', 'Aechmea fasciata', 'urn plant, silver vase', '아크메아 파시아타', '아메리카 대륙의 정글, 브라질', 50, 40, '거의 없음', '없음', '경험자', '21~25℃', '13℃ 이상', '40 ~ 70%', '은은한 은빛이 도는 넓은 잎 가운데로 압도적인 위용을 가진 분홍 포엽이 피어나는 아크메아 파시아타예요. 꽃이 져도 잎만으로도 충분히 감각적인 무드를 연출할 수 있어요.', '', '색깔이 선명한 포엽(苞 : 보통 꽃으로 감상하는 부분으로 잎이 변형된 것임)이 아름답고, 관상기간이 길다.', '보통 (약간 잘 견딤)', '거실 창측 (실내깊이 150~300cm),발코니 내측 (실내깊이 50~150cm),발코니 창측 (실내깊이 0~50cm)', 14, '에크메아 파시아타는 건조에 강한 식물이에요. 에크메아 파시아타가 성장하는 봄~가을에는 보통 2주 1회 겉흙이 마르면 화분 밑으로 물이 흘러 나올만큼 듬뿍 주세요. ', 4, '햇빛은 식물이 살아가는데 있어서 꼭 필요한 요소에요. 에크메아 파시아타는 창문이나 커튼을 거친 부드러운 햇빛을 좋아해요. 직접적인 햇빛을 오랜시간 받으면 잎이 탈 수 있으니 주의해주세요.', 25, 18, '포근한 온도에서 무난하게 잘 자라요. 따뜻한 온도에서 빠르게 성장하지만 온도가 낮아질수록 성장속도가 느려져요.', 'plant/86.jpg', '초보집사,집꾸미기,반려동물', NULL),
	(87, '여우꼬리풀', 'Acalypha reptans', 'Red-hot cat\'s tail', '여우꼬리풀, 붉은여우꼬리풀', '인도, 동남아시아', 25, 30, '거의 없음', '', '경험자', '21~25℃', '13℃ 이상', '40 ~ 70%', '붉은여우꼬리풀은 가지끝에 달리는 꽃차례의 모습이 여우 꼬리와 같은 모습을 하고 있어요.', '', '', '필요함', '거실 창측 (실내깊이 150~300cm),발코니 내측 (실내깊이 50~150cm),발코니 창측 (실내깊이 0~50cm)', 3, '흙 너무 건조하지 않도록 관리해 주시길 바래요. 물줄때는 붉은색 꽃에 물이 닿지 않도록 주의해 주세요', 5, '실외 직사광, 햇살이 드는 창문 앞에 두면 좋아요', 25, 21, '겨울에 창을 열어두고 오랜 시간 외출하는 일이 없도록 조심해 주세요. 또 여름에서 가을, 가을에서 겨울로 계절이 바뀔 때 창문을 열어두면 갑작스러운 온도 변화에 냉해를 입을 수 있어요. 일교차가 심할 때도 마찬가지로 냉해를 조심해 주세요.', 'plant/87.jpg', '초보집사,공기정화', NULL),
	(88, '옥살리스(사랑초)', 'Oxalis triangularis', 'red leaf oxalis', '옥살리스(사랑초)', '아열대 지방', 25, 25, '거의 없음', '', '경험자', '16~20℃', '10℃', '40 ~ 70%', '사랑초는 잎이 하트모양을 닮아 이름이 붙여졌어요. 기르기가 쉽고 햇빛을 잘 받으면 꽃을 오래 볼 수 있어 인기가 많아요.', '', '', '보통 (약간 잘 견딤)', '거실 창측 (실내깊이 150~300cm),발코니 내측 (실내깊이 50~150cm),발코니 창측 (실내깊이 0~50cm)', 4, '수분이 부족하면 잎이 얇아지고 축 늘어져요. 사랑초가 빠르게 성장하는 봄~가을에는 보통 주 1~2회 겉흙이 마르면 화분 밑으로 물이 흘러 나올만큼 듬뿍 주세요.', 5, '자주 사랑초는 강렬한 햇빛을 좋아해요. 야외에서 키우거나, 실내의 경우 햇빛이 가장 많이 드는 밝은 곳에서 키우는 것이 좋아요. 한여름의 뜨거운 햇빛 아래서는 잎이 탈 수 있으니 주의해주세요.', 20, 16, ' 포근한 온도에서 무난하게 잘 자라요. 따뜻한 온도에서 빠르게 성장하지만 온도가 낮아질수록 성장속도가 느려져요. 추위에 약해 10℃ 이하에서는 냉해를 입을 수 있어요.', 'plant/88.jpg', '공기정화', NULL),
	(89, '유카', 'Yucca', 'mound lily, candle yucca', '유카', '북부 아메리카', 150, 50, '거의 없음', '', '초보자', '21~25℃', '5℃', '40 ~ 70%', '쭉쭉 뻗은 잎이 동그랗게 퍼져 있는 실유카는 그 잎 가운데에서 길게 쑥 튀어나오는 개성 강한 꽃으로도 유명해요. 따뜻한 지역에서는 월동 할 수 있어 조경용으로 많이 심고 있어요.', '', 'Skill Level: Experienced Exposure: Full sun Soil type: Well-drained/light, Dry Height: 1000cm Spread: 800cm Time to plant seeds: March to May **Yuccas come from the deserts and plains of southern North and Central America and with their stiff, leathery leaves and panicles of creamy white flowers, they make great architectural plants. Y. elephantipes has light to mid-green leaves that are rough-edged but spineless. It can be grown as an indoor plant or as a patio plant but it will need a frost-free place in winter. It has been given an Award of Garden Merit (AGM), which is for plants of outstanding excellence.', '낮음 (잘 견딤)', '거실 내측 (실내깊이 300~500cm),거실 창측 (실내깊이 150~300cm),발코니 내측 (실내깊이 50~150cm),발코니 창측 (실내깊이 0~50cm)', 14, '유카가 성장하는 봄, 가을에는 보통 2주 1회 겉흙이 마르면 화분 밑으로 물이 흘러 나올만큼 듬뿍 주세요. 여름 장마철과 겨울에는 성장속도가 느려지기 때문에 물 주는 주기를 늘려주세요. ', 4, '유카는 창문이나 커튼을 거친 부드러운 햇빛을 좋아해요. 어두운 곳에서도 잘자라지만 햇빛이 부족할 경우 웃자랄 수 있으니 밝은 곳에서 키우는 것이 좋아요. ', 25, 21, '포근한 온도에서 무난하게 잘 자라요. 따뜻한 온도에서 빠르게 성장하지만 온도가 낮아질수록 성장속도가 느려져요. -4℃ 이하에서는 냉해를 입을 수 있으니 추운 겨울철에는 베란다의 따뜻한 곳에서 키우는 것이 좋아요.', 'plant/89.jpg', '초보집사,집꾸미기', NULL),
	(90, '익소라', 'Ixora chinensis', 'broken pot, prince of orange', '익소라', '동남아시아', 50, 30, '약함', '', '경험자', '21~25℃', '13℃ 이상', '40 ~ 70%', '오밀조밀하게 피는 선명한 색의 꽃이 매력적인 식물이예요. 꽃이 오래 가 관상용으로 키우기 좋아요.', '', '꽃이 피어 있는 시간이 길고 짙은 녹색의 잎이 매혹적으로 빛나서 인기 있는 상록저목이다. 또한 꽃이 피어도 열매는 맺지 않는 것이 특징이다.', '보통 (약간 잘 견딤)', '거실 창측 (실내깊이 150~300cm),발코니 내측 (실내깊이 50~150cm),발코니 창측 (실내깊이 0~50cm)', 7, '봄, 여름, 가을철에는 흙이 마르지 않도록 촉촉하게 유지해주어야 하며, 겨울철에는 속흙까지 말랐을 때 물을 흠뻑 주시면 된답니다.', 5, '실외 직사광, 햇살이 드는 창문 앞에 두세요', 25, 15, '겨울에 창을 열어두고 오랜 시간 외출하는 일이 없도록 조심해 주세요. 또 여름에서 가을, 가을에서 겨울로 계절이 바뀔 때 창문을 열어두면 갑작스러운 온도 변화에 냉해를 입을 수 있어요. 일교차가 심할 때도 마찬가지로 냉해를 조심해 주세요.', 'plant/90.jpg', '집꾸미기,반려동물', NULL),
	(91, '인삼벤자민', 'Ficus microcarpa \'Ginseng\'', 'Ginseng ficus', '인삼벤자민', '동남아시아', 50, 30, '거의 없음', '', '경험자', '21~25℃', '13℃ 이상', '40 ~ 70%', '인삼을 닮은 두꺼운 뿌리가 매력적인 인삼벤자민은 분재를 좋아하는 식물집사라면 꼭 체크해둘 필요가 있는 식물이예요. 아름다운 화기에 인삼벤자민을 심고 다양한 마감재로 마무리한 모습은 마치 한 폭의 그림을 연상시켜요.', '', '', '보통 (약간 잘 견딤)', '거실 내측 (실내깊이 300~500cm),거실 창측 (실내깊이 150~300cm),발코니 내측 (실내깊이 50~150cm),발코니 창측 (실내깊이 0~50cm)', 7, '봄~가을에는 보통 주 1~2회 겉흙이 마르면 화분 밑으로 물이 흘러 나올만큼 듬뿍 주세요. 겨울에는 성장속도가 느려지기 때문에 물 주는 주기를 늘려주세요.', 4, ' 햇살이 드는 실내, 햇살이 드는 창문 앞, 햇살이 없지만 밝은 실내에 두세요', 25, 18, '겨울에 창을 열어두고 오랜 시간 외출하는 일이 없도록 조심해 주세요. 또 여름에서 가을, 가을에서 겨울로 계절이 바뀔 때 창문을 열어두면 갑작스러운 온도 변화에 냉해를 입을 수 있어요. 일교차가 심할 때도 마찬가지로 냉해를 조심해 주세요.', 'plant/91.jpg', '초보집사,집꾸미기', NULL),
	(92, '자금우', 'Ardisia japonica', 'marlberry', '청냥금', '한국, 중국, 일본', 30, 45, '거의 없음', 'All parts of plant are poisonous if ingested', '초보자', '16~20℃', '0℃ 이하', '40 ~ 70%', '풍성한 초록 잎 사이로 새빨간 열매가 매력적인 아이예요. 새순을 정말 잘 내어주고 사랑스러운 핑크색 꽃도 보여줘요. 재물운을 부른다고 하여 천냥금이라고 불리고 있어요. 정말 그럴진 모르지만 미세먼지 제거와 실내 공기 정화는 제대로 책임져 준다고 해요!', '', '', '낮음 (잘 견딤)', '실내 어두운 곳 (실내깊이 500 이상cm),거실 내측 (실내깊이 300~500cm),거실 창측 (실내깊이 150~300cm),발코니 내측 (실내깊이 50~150cm),발코니 창측 (실내깊이 0~50cm)', 4, '천냥금이 빠르게 성장하는 가을~봄에는 보통 주 1~2회 겉흙이 마르면 화분 밑으로 물이 흘러 나올만큼 듬뿍 주세요. 무더운 여름과 추운 겨울에는 성장속도가 느려지기 때문에 물 주는 주기를 늘려주세요. ', 5, '천냥금은 강렬한 햇빛을 좋아해요. 야외에서 키우거나, 실내의 경우 햇빛이 가장 많이 드는 밝은 곳에서 키우는 것이 좋아요. 한여름의 뜨거운 햇빛 아래서는 잎이 탈 수 있으니 주의해주세요.', 20, 16, '서늘한 온도에서 무난하게 잘 자라요. 따뜻한 온도에서 빠르게 성장하지만 온도가 낮아질수록 성장속도가 느려져요. 추위에 강한 편이지만, 0℃ 이하에서는 냉해를 입을 수 있으니 추운 겨울철에는 베란다의 따뜻한 곳에서 키우는 것이 좋아요.', 'plant/92.jpg', '초보집사,공기정화,반려동물', NULL),
	(93, '군자란', 'Bletilla striata ', 'Chinese ground orchid', '자란', '아시아', 40, 30, '약함', '', '초보자', '16~20℃', '5℃', '40 ~ 70%', '이 아이는 뭉퉁하고 긴 잎을 내요. 그 중앙으로 길게 꽃대를 올리는데, 주황빛과 붉은 빛이 도는 꽃잎이 환상적인 색감을 표현해요. 처음부터 꽃을 피운 아이를 데려오면 키우기 좋아요. 매년 꽃을 볼 수 있어요.', '', '', '낮음 (잘 견딤)', '발코니 내측 (실내깊이 50~150cm),발코니 창측 (실내깊이 0~50cm)', 7, '여름에는 오후 5시 이후에, 겨울에는 따뜻한 낮에 물을 주면 더 좋아요!', 4, ' 햇살이 드는 창문 앞, 햇살이 드는 실내에 두면 좋아요', 20, 16, '겨울에 창을 열어두고 오랜 시간 외출하는 일이 없도록 조심해 주세요. 또 여름에서 가을, 가을에서 겨울로 계절이 바뀔 때 창문을 열어두면 갑작스러운 온도 변화에 냉해를 입을 수 있어요. 일교차가 심할 때도 마찬가지로 냉해를 조심해 주세요.', 'plant/93.jpg', '초보집사,공기정화', NULL),
	(94, '자주색만년초', 'Rhoeo discolor', 'Oyster plant , Moses-in-the-cradle', '부자란', '멕시코', 30, 30, '거의 없음', '', '경험자', '21~25℃', '7℃', '40 ~ 70%', '닭의장풀과의 식물인 부자란은 자주 만년초라고도 불려요. 삼색달개비와도 비슷하게 생겼지만 마디가 짧고 잎이 더 길쭉해요. 성장이 빠르고 잎이 금방금방 올라와 키우는 재미가 있어요.', '통풍이 좋은 곳에서 햇빛을 받아야 함', '자주빛을 띠는 닭의장풀과 식물로 단독화분에 심어도 아름답다.', '보통 (약간 잘 견딤)', '거실 창측 (실내깊이 150~300cm),발코니 내측 (실내깊이 50~150cm),발코니 창측 (실내깊이 0~50cm)', 7, '부자란은 과습에 약한 식물이에요. 부자란이 빠르게 성장하는 봄~가을에는 보통 주 1회 겉흙이 마르면 화분 밑으로 물이 흘러 나올만큼 듬뿍 주세요.', 4, '부자란(자주 만년초)은 창문이나 커튼을 거친 부드러운 햇빛을 좋아해요. 직접적인 햇빛을 오랜시간 받으면 잎이 탈 수 있으니 주의해주세요.', 26, 18, '포근한 온도에서 무난하게 잘 자라요. 따뜻한 온도에서 빠르게 성장하지만 온도가 낮아질수록 성장속도가 느려져요. 5℃ 이하에서는 냉해를 입을 수 있으니 추운 겨울철에는 실내 또는 베란다의 따뜻한 곳에서 키우는 것이 좋아요.', 'plant/94.jpg', '초보집사,공기정화,집꾸미기', NULL),
	(95, '제라니움', 'Pelargonium hortorum', 'geranium, fish geranium', '제라늄', '남아프리카 원산종의 원예교배종', 50, 40, '강함', '', '초보자', '21~25℃', '10℃', '40 ~ 70%', '제라늄은 다글다글한 꽃을 틔워주는 아이에요. 식탁, 방, 카페, 사무실 어디에 둬도 그 주변 분위기를 한번에 바꿔줘요. 심지어 키와 부피도 작게 차지해서 실내에 두기 더없이 좋아요. 더 놀라운건 키우기 쉽다는 점! 벌레가 거의 없어요. 제라늄의 향이 벌레를 방지하는 효과를 가지고 있거든요! 그러니 다른 식물들과도 언제나 잘 어울리는 친구에요.', '', '', '낮음 (잘 견딤)', '거실 창측 (실내깊이 150~300cm),발코니 내측 (실내깊이 50~150cm),발코니 창측 (실내깊이 0~50cm)', 4, '라늄이 빠르게 성장하는 봄, 가을에는 보통 주 1~2회 겉흙이 마르면 화분 밑으로 물이 흘러 나올만큼 듬뿍 주세요. 여름과 겨울에는 성장속도가 느려지기 때문에 물 주는 주기를 늘려주세요. ', 5, '제라늄은 강렬한 햇빛을 좋아해요. 야외에서 햇빛을 보거나, 실내의 경우 햇빛이 가장 많이 드는 밝은 곳에서 키우는 것이 좋아요. 여름의 강한 빛에선 잎이 탈 수 있으니 빛이 적은 곳에서 관리해주세요.', 26, 16, '포근한 온도에서 무난하게 잘 자라요. 따뜻한 온도에서 빠르게 성장하지만 온도가 낮아질수록 성장속도가 느려져요. 제라늄은 더위에 아주 약하기 때문에 더운 여름철에는 서늘한 곳에서 키우는 것이 좋아요. ', 'plant/95.jpg', '초보집사,공기정화', NULL),
	(96, '죽백나무', 'Podocarous nagi', 'nagi podocarpus, broadleaf podocarpus', '죽백나무', '북아메리카 남쪽', 100, 50, '약함', '', '초보자', '16~20℃', '10℃', '40 ~ 70%', '대나무를 닮은 넓적한 잎이 시원시원한 죽백이예요. 키우기 쉽고 어두운 장소에서도 잘 자라 초보자에게도 추천하는 식물이예요. 수경으로 심어도 잘 자라요.', '', '', '낮음 (잘 견딤)', '거실 창측 (실내깊이 150~300cm),발코니 내측 (실내깊이 50~150cm),발코니 창측 (실내깊이 0~50cm)', 2, '죽백은 보통 물을 좋아해요. 겉 흙의 물이 마르면 물을 주면 돼요.', 4, '햇살이 드는 창문 앞, 햇살이 드는 실내에 두면 좋아요', 25, 18, '겨울에 창을 열어두고 오랜 시간 외출하는 일이 없도록 조심해 주세요. 또 여름에서 가을, 가을에서 겨울로 계절이 바뀔 때 창문을 열어두면 갑작스러운 온도 변화에 냉해를 입을 수 있어요. 일교차가 심할 때도 마찬가지로 냉해를 조심해 주세요.', 'plant/96.jpg', '초보집사,공기정화,집꾸미기', NULL),
	(97, '줄리아 페페로미아', 'Peperomia puteolata', 'Parallel Peperomia', '줄리아페페', '중앙 아메리카', 20, 30, '거의 없음', '', '경험자', '21~25℃', '13℃ 이상', '40 ~ 70%', '싱그러운 연두색 잎이 사랑스러운 줄리아페페는 아몬드페페와 매우 닮은 페페로미아 속의 식물이예요. 아몬드페페보다 잎이 크고 흰 무늬가 더 진해요. ', '', '', '필요함', '거실 창측 (실내깊이 150~300cm),발코니 내측 (실내깊이 50~150cm),발코니 창측 (실내깊이 0~50cm)', 7, '물을 저장하는 두꺼운 잎을 가진 페페로미아는 물을 과하게 주면 썩기 쉬워요. 과습에 주의해 주세요.', 3, '줄리아 페페는 열대우림의 바닥에 살아서 직사광선보다 밝은 간접광이 적절합니다.', 25, 20, '따뜻한 열대우림에서 자라서 따뜻한 환경을 선호하고 추위에 약해요.', 'plant/97.jpg', '집꾸미기,공기정화', NULL),
	(98, '치자나무', 'Gardenia jasminoides ', 'common gardenia, cape jasmine or cape jessamine', '치자나무/가드니아', '아시아', 100, 50, '강함', '', '초보자', '21~25℃', '5℃', '40 ~ 70%', '동아시아에 자생하는 치자나무는 우리나라 남부지방에서 주로 자라며 키가 비교적 작은 관목이에요. 여름에 피는 흰 꽃은 아름답고 향기가 좋아 많은 곳에서 재배되고 있어요.', '', '', '낮음 (잘 견딤)', '발코니 내측 (실내깊이 50~150cm),발코니 창측 (실내깊이 0~50cm)', 3, '물은 겉흙이 마르는 대로 화분 배수구멍에 물이 빠져나올 때까지 듬뿍 주세요. 만약 스밈에서 키우신다면 보름에 한 번 정도 외피에 물이 있는지 확인하고, 충전해주시면 됩니다. ', 4, '햇살이 드는 창문 앞, 햇살이 드는 실내에 두면 좋아요', 25, 21, '겨울에 창을 열어두고 오랜 시간 외출하는 일이 없도록 조심해 주세요. 또 여름에서 가을, 가을에서 겨울로 계절이 바뀔 때 창문을 열어두면 갑작스러운 온도 변화에 냉해를 입을 수 있어요. 일교차가 심할 때도 마찬가지로 냉해를 조심해 주세요.', 'plant/98.jpg', '공기정화', NULL),
	(99, '칼라데아 마코야나', 'Calathea makoyana', 'brain plant, peacock plant', '칼라데아 마코야나', '중앙 아메리카', 50, 30, '거의 없음', 'N/A', '경험자', '21~25℃', '13℃ 이상', '40 ~ 70%', '넓고 둥근 잎 가운데 나뭇가지같은 독특한 무늬가 특징인 칼라데아 마코야나예요. ', '', '', '필요함', '거실 창측 (실내깊이 150~300cm),발코니 내측 (실내깊이 50~150cm)', 7, '마코야나는 흙이 바싹 마르기 전에 주기적으로 물을 주어 흙이 촉촉한 상태를 유지할 수 있도록 해주는 게 좋아요. 물이 과하면 뿌리가 썩을 수 있으니 물을 준 후에는 서큘레이터를 틀어주거나 통풍이 잘 되는 곳에 놓아주세요. ', 2, '마코야나는 빛이 적은 곳에서도 잘 자라 집 안 어디서도 키울 수 있는 식물이예요. 너무 강한 직사광선 아래에서는 화상을 입을 수 있어요. 커텐이나 블라인드로 걸러진 은은한 빛을 받는 것이 좋아요.', 25, 21, '마코야나는 따뜻한 환경을 좋아하고 추위에 아주 약한 식물입니다. 최저기온이 13℃ 이하로 내려가지 않도록 주의해주세요.', 'plant/99.jpg', '공기정화,집가꾸기', NULL),
	(100, '칼라데아 인시그니스', 'Calathea insignis', 'rattle snake plant', '인신그니스, 인시그니스 (추천유통명: 칼라데아 인시그니스)', '중앙 아메리카', 50, 30, '거의 없음', '알려져 있지 않음', '경험자', '21~25℃', '13℃ 이상', '40 ~ 70%', '잎 속에 가지가 있다구요? 칼라데아 인시그니스의 무늬는 꼬불꼬불한 잎 중간에 얇은 나뭇가지가 들어가 있는 것처럼 생겼어요. 잎 뒷면의 진보랏빛 반전 매력까지! 독특한 식물을 찾고 계신다면 처음 본 순간 마음을 빼앗기게 될 거예요.', '', '잎의 무늬가 선명하여 포인트로 적당하다. 덩이줄기에서 올라온 달걀모양 잎의 앞면에 주맥을 축으로 짙은 녹색 또는 암갈색의 반점이 있다.', '필요함', '거실 창측 (실내깊이 150~300cm),발코니 내측 (실내깊이 50~150cm)', 7, '칼라데아 인시그니스는 흙이 바싹 마르기 전에 주기적으로 물을 주어 흙이 촉촉한 상태를 유지할 수 있도록 해주는 게 좋아요. 물이 과하면 뿌리가 썩을 수 있으니 물을 준 후에는 서큘레이터를 틀어주거나 통풍이 잘 되는 곳에 놓아주세요. ', 2, '칼라데아 인시그니스는 빛이 적은 곳에서도 잘 자라 집 안 어디서도 키울 수 있는 식물이예요. 너무 강한 직사광선 아래에서는 잎이 탈 수 있으니 주의해주세요. 커텐이나 블라인드로 걸러진 은은한 빛을 받는 것이 좋아요.', 25, 15, '칼라데아 인시그니스는 따뜻한 남아메리카가 원산지이기 때문에 따뜻한 온도를 좋아하고 추위에 아주 약한 식물입니다. 따라서 겨울철 온도관리가 매우 중요하답니다. 최저기온이 15℃ 이하로 내려가지 않도록 주의해주세요.', 'plant/100.jpg', '공기정화,집가꾸기', NULL),
	(101, '칼라디움', 'Caladium bicolor (hortulantum) Vent.', 'angel\'s wing, elephant\'s ears', '칼라디움', '중앙 아메리카', 50, 30, '거의 없음', '', '전문가', '21~25℃', '13℃ 이상', '40 ~ 70%', '칼라디움은 흰색 잎에 붉은 반점, 붉은 잎에 흰 잎맥, 초록과 핑크의 조합 등 2,000여개가 넘는 다양한 품종을 자랑해요. 색감이 단조로운 공간과 벽 쪽에 보색 대비를 자랑하는 칼라디움을 두면 더없이 공긴이 화려해져요. 또 붉은 색과 주황색이 있는 공간에서는 희고 초록끼가 도는 칼라디움을 두면 분위기가 은은해져요. 같은 모양에 다른 패턴과 컬러를 보고 있으면 마치 패션 컬렉션을 보는 듯 다채로워요.', '', '', '특별 관리 요구', '거실 창측 (실내깊이 150~300cm),발코니 내측 (실내깊이 50~150cm)', 7, '칼라디움은 촉촉한 공기는 좋아하지만, 뿌리 과습에는 약한 구근 식물입니다. 항상 흙마름을 체크하신 후 물을 주셔야 뿌리 과습을 예방할 수 있답니다. 화분 위에서 3~5cm 정도 높이의 흙이 보송하게 말랐을 때 물을 주세요. ', 4, '칼라디움은 창문이나 얇은 커튼으로 한 번 걸러진 빛을 받을 수 있는 환경이 적합해요. 직접적인 햇빛보다 밝은 간접적인 빛을 오래 받을 수 있는 공간에 놓아주세요.', 25, 21, '칼라디움은 추위에 약한 식물입니다. 겨울철에도 15℃이하로 내려가지 않도록 관리해 주세요. 저온을 만나면 휴면에 돌입해 성장을 멈출 수 있어요.', 'plant/101.jpg', '공기정화,집가꾸기', NULL),
	(102, '칼랑코에', 'Kalanchoe blossfeldiana', 'kalanchoe, flaming katy', '칼랑코에', '마다가스카르', 30, 25, '거의 없음', 'All parts of plant are poisonous if ingested', '초보자', '16~20℃', '13℃ 이상', '40 ~ 70%', '관리가 쉬운 반면 색이 아름답고 작지만 풍성한 꽃을 피우기때문에 인기가 많은 아이에요. 꽃은 줄기 맨위의 꽃대가 자라서 끝쪽에 꽃이 펴요. 오렌지, 빨강, 노랑, 흰색의 색깔을 가진 꽃이 자라나기때문에 취향에 맞게 다양한 분위기를 낼 수 있어요. 두툼한 잎에 수분을 저장하는 다육식물이기때문에 과습에 주의해야해요.', '', '누구나 쉽게 키울 수 있음', '필요함', '거실 창측 (실내깊이 150~300cm),발코니 내측 (실내깊이 50~150cm),발코니 창측 (실내깊이 0~50cm)', 14, '잎에 물을 저장하고 있어서 물이 많이 필요하지 않은 다육식물이에요. 흙을 약간 건조하게 관리해 주세요. 여름 장마철에는 습도가 높아서 물을 덜 주는 것이 좋아요. 겨울에는 그보다 더 물을 줄여 주세요.', 5, '칼랑코에는 빛을 좋아하는 식물이에요. 꽃을 피우기 위해서 밝은 빛이 필요하답니다', 20, 16, '칼랑코에는 따뜻한 열대 지방에서 자라온 식물이에요. 겨울철 추위를 주의해 주세요.', 'plant/102.jpg', '초보집사,공기정화', NULL),
	(103, '커피나무', 'Coffea arabica', 'Coffee', '아라비카 커피나무', '열대 아시아 및 아프리카', 150, 50, '약함', 'N/A', '경험자', '21~25℃', '13℃ 이상', '40 ~ 70%', '커피를 좋아하시나요? 그럼 아라비카 커피나무가 더 애착이 갈 거예요. 집에서 키우는 커피나무로 커피콩을 얻기까지는 2년 정도의 시간이 걸리고 어려워요. 그렇지만 커피나무가 잎을 내며 자라는 모습을 보면, 커피 한 잔이 더 소중하게 느껴질 거예요. 잎이 싱그럽고 새 싹이 잘 나는 아이라 성장하는걸 보는 재미도 좋아요. 아파트 베란다, 사무실에 여유 있는 공간이 있다면 커피나무를 들여보세요.', '', '', '필요함', '거실 창측 (실내깊이 150~300cm),발코니 내측 (실내깊이 50~150cm),발코니 창측 (실내깊이 0~50cm)', 4, '여름엔 겉흙이 마르면 듬뿍 주시고, 겨울엔 속 흙까지 어느정도 말랐다 싶으면 듬뿍 주시면 돼요. ', 5, ' 실외 직사광, 햇살이 드는 창문 앞에 두면 좋아요', 24, 15, '겨울에 창을 열어두고 오랜 시간 외출하는 일이 없도록 조심해 주세요. 또 여름에서 가을, 가을에서 겨울로 계절이 바뀔 때 창문을 열어두면 갑작스러운 온도 변화에 냉해를 입을 수 있어요. 일교차가 심할 때도 마찬가지로 냉해를 조심해 주세요.', 'plant/103.jpg', '초보집사,공기정화', NULL),
	(104, '켄챠야자', 'Howea forsteriana ', 'belmore palm, curly palm, kentia palm, paradise palm, thatch leaf palm', '켄챠야자', '오스트레일리아', 200, 150, '거의 없음', '', '경험자', '21~25℃', '13℃ 이상', '40 ~ 70%', '길고 시원시원한 라인을 가진 켄차야자는 큼직큼직하게 자라나는 대형 야자종이예요. 한 그루만으로도 충분한 존재감을 가지고 있어요.', '', '', '필요함', '거실 내측 (실내깊이 300~500cm),거실 창측 (실내깊이 150~300cm),발코니 내측 (실내깊이 50~150cm),발코니 창측 (실내깊이 0~50cm)', 7, '켄차 야자는 흙이 오래 축축한 상태에서는 잎 색이 까맣게 변하며 무르는 과습의 피해가 올 수 있어 화분 속 흙이 대부분 마른 것을 확인한 후 물을 주는 게 좋아요. 물을 주실 때는 화분 밑으로 물이 빠져나올 때까지 충분히 주셔야 흙 전체에 충분히 물이 흡수될 수 있답니다. ', 4, '켄차 야자는 밝은 간접광이 드는 곳을 좋아해요. 집 안에서 햇살이 가장 오래 머무는 곳에 위치시켜 주세요.', 25, 21, '호주에서 온 켄차 야자는 온도에 대한 적응력이 뛰어난 식물지만 주변 온도를 따뜻하게 해주시면 더 건강하게 키울 수 있어요.', 'plant/104.jpg', '초보집사,공기정화,반려동물', NULL),
	(105, '크로톤', 'Codiaeum variegatum', 'garden croton, variegated croton', '크로톤', '동남아시아', 100, 50, '약함', '', '경험자', '21~25℃', '13℃ 이상', '40 ~ 70%', '화려함 그 자체인 크로톤은 다양한 색으로 물든 잎을 보는 재미가 있어요. 빛을 잘 받을수록 다채로운 색을 보여줘요.', '', '열대성 상록 관목으로 다양한 잎 모양과 잎색에 따른 품종이 많고 빛에 대한 적응성이 강하여 어두운 곳에서도 오래 견딘다.', '필요함', '거실 창측 (실내깊이 150~300cm),발코니 내측 (실내깊이 50~150cm),발코니 창측 (실내깊이 0~50cm)', 7, '크로톤은 흙이 축축한 것은 좋아하지 않아 화분 위에서 3~5cm 정도 높이까지 보송하게 마른 것을 확인한 후 물을 주시는 게 좋아요. 흙의 축축한 상태가 오래 지속되면 뿌리가 숨을 잘 쉴 수 없게 만들어 뿌리썩음을 유발할 수 있어요. ', 3, '크로톤은 은은한 밝은 빛을 좋아해요. 직접적인 강한 빛 아래에서는 잎 끝이 탈 수 있으니 주의해주세요.', 27, 21, '추위에 아주 약하고 온도변화에 예민한 식물이에요. 온도 변화가 심한 창가나 에어컨, 난방기구 아래에 두지 마세요. 특히 차가운 바람이 드나드는 곳은 피해주셔야 잎이 떨어지는 것을 방지할 수 있어요.', 'plant/105.jpg', '공기정화', NULL),
	(106, '테이블야자', 'Chamaedorea elegans', 'parlour palm, good luck palm, neanthe bella', '테이블 야자', '멕시코 과테말라', 200, 50, '약함', '', '초보자', '21~25℃', '13℃ 이상', '40 ~ 70%', '테이블야자는 이름처럼 테이블 위에서도 키울 수 있는 아담한 크기의 야자나무에요. 공부하거나 일하는 공간에 식물카페 분위기를 연출해주는 멋진 아이에요. 잎의 크기는 아래에서 위로 갈수록 점점 커지고, 잎을 내는 형태가 마치 규칙이라도 있는 것처럼 질서 있어서 전체적인 모습이 미니멀한 디자인 패턴의 반복 같아요. 내 공간에 단순하면서도 초록초록한 느낌을 주고 싶다면 이 아이가 그 역할을 해줄 거예요.', '책상 위에 올려놓고 키운다 하여 탁상야자, 테이블야자라고 불림', '공기중에 수분을 방출하는 능력이 뛰어나고 벤젠, 포름알데히드등의 화학물질을 제거하는데 좋아 공기정화식물로도 적절하다.', '보통 (약간 잘 견딤)', '실내 어두운 곳 (실내깊이 500 이상cm),거실 내측 (실내깊이 300~500cm),거실 창측 (실내깊이 150~300cm),발코니 내측 (실내깊이 50~150cm),발코니 창측 (실내깊이 0~50cm)', 5, '테이블 야자는 흙이 오래 축축한 것은 좋아하지 않아 화분 속 흙이 대부분 마른 것을 확인한 후 물을 주는 게 좋아요. 물이 과다하면 잎 끝이 타들어갈 수 있어요. 화분 위에서 3~5cm 정도 높이의 흙이 보송하게 말랐을 때 물을 주세요. ', 2, '테이블야자는 다양한 빛 조건에서도 잘 견디는 식물입니다. 실내 조명으로도 잘 자라지만, 은은한 햇빛이 드는 공간에서 가장 잘 자라요. 너무 강한 직사광선 아래에서는 잎이 탈 수 있어요.', 25, 21, '따뜻한 남아메리카 지역에서 온 테이블 야자는 추위에 약한 식물이에요. 온도 변화가 심한 창가나 에어컨, 난방 기구 근처에 두지 마세요. 특히 차가운 바람이 드나드는 곳은 피해주세요.', 'plant/106.jpg', '초보집사,공기정화,반려동물', NULL),
	(107, '틸란드시아 시아네아', 'Tillandsia cyanea', 'blue-flowered torch, pink quill', '틸란드시아 시아네아', '페루, 에콰도르', 30, 25, '거의 없음', '', '경험자', '21~25℃', '10℃', '40 ~ 70%', '틸란드시아 시아네아는 꽃을 닮은 분홍빛의 포엽이 아름다워요. 포엽 옆쪽으로 귀여운 보랏빛 꽃도 피워낸답니다. 포엽은 수분을 저장하고 있어 눌러보면 송글송글,물방울도 맺혀요. ', '파인애플과 난종류가 아님, 열대식물로 추위에는 약함', '화포틑 분홍색으로 각각의 포에서 남보라색 꽃이 차례로 피는데 같은 포에서 3~4장의 꽃잎을 올림', '필요함', '거실 창측 (실내깊이 150~300cm),발코니 내측 (실내깊이 50~150cm)', 7, '분무기를 이용해서 잎 전체를 충분히 적셔주거나, 양동이에 물을 받아 30분 정도 담가 놓으면 되요. 과습에 취약하기 때문에 물 주고나서 중심부에 물이 고이지 않도록 살살 털어주거나 바람이 잘드는 곳에서 충분히 물기를 말려주세요. ', 4, '틸란시아 시아네아는 창문이나 커튼을 거친 부드러운 햇빛을 좋아해요. 직접적인 햇빛을 오랜시간 받으면 잎이 탈 수 있으니 주의해주세요.', 25, 16, '포근한 온도에서 무난하게 잘 자라요. 따뜻한 온도에서 빠르게 성장하지만 온도가 낮아질수록 성장속도가 느려져요. 7℃ 이하에서는 냉해를 입을 수 있으니 추운 겨울철에는 실내의 따뜻한 곳에서 키우는 것이 좋아요.', 'plant/107.jpg', '초보집사,공기정화,반려동물', NULL),
	(108, '파키라', 'Pachira aquatica', 'guiana chestnut,malaba chestnut, provision tree, sava nut, money tree, money plant', '파키라', '중앙 아메리카', 200, 50, '거의 없음', '해독작용', '경험자', '21~25℃', '13℃ 이상', '40 ~ 70%', '실내 화분 중 가장 이국적인 느낌을 주는 아이 중 하나가 파키라에요. 화분에 심어져있는 모습이 하나의 자연 파라솔 같아요. 잎은 야자나무 잎모양을 가지고 있어 더욱 예뻐요. 파키라는 천연가습기란 별명도 있어요. 실내 습도 유지에 도움을 줘요. 해가 부족한 곳에서도 잘 자라서 실내에서 키우기에 더없이 좋은 아이예요.', '', '외국에서는 Money tree라고 불리우고, 잎과 꽃은 채소처럼 식용하고, 열매는 땅콩맛이 난다.', '필요함', '거실 내측 (실내깊이 300~500cm),거실 창측 (실내깊이 150~300cm),발코니 내측 (실내깊이 50~150cm)', 5, '파키라는 나무 줄기에 수분을 머금을 수 있어 건조한 환경에 잘 견디는 편이에요. 오히려 과습을 더 조심해야 한답니다. 화분 속 흙이 거의 다 말랐을 때 너무 차갑지 않은 온도의 물을 듬뿍 주세요. ', 4, '파키라는 밝은 간접광을 가장 좋아해요. 직접적인 강한 빛만 피해주신다면 실내 어디에서도 잘 자라 인테리어 식물로 키우기 아주 좋은 식물이랍니다.', 25, 21, '파키라는 무더운 여름철에는 그늘과 선선한 바람이 부는 곳에서, 추운 겨울에는 실내의 밝고 따뜻한 곳에서 키워주시면 건강하게 키울 수 있어요.', 'plant/108.jpg', '초보집사,공기정화', NULL),
	(109, '팔손이나무', 'Fatsia japonica', 'japanese fatsia, formosa rice tree, paper plant, false caster oil plant, fig leaf palm, japanese aralia', '팔손이', '한국 남해안, 일본', 150, 50, '약함', '', '초보자', '16~20℃', '5℃', '40 ~ 70%', '팔손이나무는 한국과 일본 등지가 원산인 식물로 공기정화효과가 뛰어나다고 해요. 남부지방에서는 실외에서 월동이 가능하지만 그 외 지역에서는 실내에서 키우는 것이 좋아요.', '꽃말 \'분별, 비밀\' (손처럼 생긴 넓은 잎이 8갈래로 갈라져 팔손이로 불림)', '마치 손가락처럼 7~11열로 깊게 갈라진 큰 잎이 호생하며, 잎 양면에 털이 없고 짙은 녹색으로 광택이 있고 뒷면은 황록색이다.', '낮음 (잘 견딤)', '거실 내측 (실내깊이 300~500cm),거실 창측 (실내깊이 150~300cm),발코니 내측 (실내깊이 50~150cm),발코니 창측 (실내깊이 0~50cm)', 7, '팔손이는 물을 좋아하는 식물이에요. 팔손이가 빠르게 성장하는 봄~가을에는 보통 주 1회 겉흙이 마르면 화분 밑으로 물이 흘러 나올만큼 듬뿍 주세요. ', 4, '팔손이는 창문이나 커튼을 거친 부드러운 햇빛을 좋아해요. 직접적인 햇빛을 오랜시간 받으면 잎이 탈 수 있으니 주의해주세요.', 22, 15, '서늘한 온도에서 무난하게 잘 자라요. 따뜻한 온도에서 빠르게 성장하지만 온도가 낮아질수록 성장속도가 느려져요. 추위에 강해 -10℃에서도 견딜 수 있어요. 남부 지방에서는 땅에 심은 경우 야외 월동도 가능하지만, 보통의 경우 베란다에서 키우는 것이 좋아요.', 'plant/109.jpg', '초보집사,공기정화', NULL),
	(110, '포인세티아', 'Euphorbia pulcherrima', 'poinsettia, christmas flower, painted leaf, lobster plant', '포인세티아', '멕시코', 100, 50, '거의 없음', '', '경험자', '21~25℃', '13℃ 이상', '40 ~ 70%', '겨울이 가까워지면 꽃집에는 포인세티아가 가득해요. 겨울에 붉은색 꽃잎을 힘차게 내어주는 아이기 때문이에요. 수북하게 나는 진한 초록 잎, 그리고 이와 대비되는 붉은 잎이 한 화분에서 피어나기 때문에 이 아이가 실내에 있으면 크리스마스 분위기가 완성돼요.', '', '추위에 약한 식물로 온도가 낮으면 잎이 덜어진다. 잎에서 나오는 흰색 즙액은 피부나 눈에 염증을 일으킬 수 있으므로 조심한다.', '필요함', '거실 창측 (실내깊이 150~300cm),발코니 내측 (실내깊이 50~150cm),발코니 창측 (실내깊이 0~50cm)', 10, '잎에 물이 닿지 않게 해주세요. 겉흙이 마르면 물을 듬뿍 주세요. 잎에는 물이 닿지 않도록 흙에 물을 주세요. 잎에 분무하면 곰팡이 병이 생길 수 있습니다', 4, '햇빛을 좋아하는 식물이에요. 실내에서는 햇빛이 잘 드는 곳에서 키워주시고 실외일경우 한여름 직사광선을 피해주세요. 꽃을 핀 후에는 충분한 햇빛을 보여주는 것이 좋아요', 25, 21, '건조에 주의해야해요. 통풍이 잘 되는 곳에서 키워야해요. 10도 이상을 유지해주셔야 합니다. 온도가 맞지 않으면 잎이 떨어져요', 'plant/110.jpg', '공기정화,집꾸미기,반려동물', NULL),
	(111, '푸밀라고무나무', 'Ficus pumila', 'creeping fig', '푸미라', '한국, 일본, 중국남부', 20, 30, '거의 없음', '', '', '21~25℃', '10℃', '40 ~ 70%', '푸미라는 작은 잎에 아이보리와 초록의 투톤 매력을 보여줘요. 잎을 만져보면 약간 바스러지는 촉감을 느낄 수 있어요. 그게 특징이에요. 덩굴성으로 주변의 사물을 타고 쭉쭉 뻗어나가요. 그래서 행잉으로 걸어두고 키워도 멋지고 지지대나 와이어로 원하는 모양으로 수형을 유도해도 좋아요.', '덩굴성 관엽식물/실내화단 지피용, 목부작, 석부작 등', '', '필요함', '거실 창측 (실내깊이 150~300cm),발코니 내측 (실내깊이 50~150cm),발코니 창측 (실내깊이 0~50cm)', 10, '다육식물과 비슷  물을 적게 주세요. 약간 목마르게, 건조하게 키우세요. 건조시공중습도를 위해 분무를 자주 해  주세요, 물을 너무 자주주면 안돼요', 5, '직사광선을 피해주세요. 빛을 많이 필요로 하지만 강한직사광선은 피해주세요. 통풍이 잘되는곳에서 키워야해요. 잎이 타지 않도록 직사광선은 피하세요', 27, 16, '겨울에 창을 열어두고 오랜 시간 외출하는 일이 없도록 조심해 주세요. 여름에서 가을 / 가을에서 겨울로 계절이 바뀔 때 창문을 열어두면 갑작스러운 온도 변화에 냉해를 입을 수 있어요. 일교차가 심할 때도 마찬가지로 냉해를 조심해 주세요', 'plant/111.jpg', '초보집사,공기정화', NULL),
	(112, '프테리스', 'Pteris cretica', 'Cretan brake', '프테리스 고사리', '한국, 일본, 중국,동남아시아', 30, 30, '', '', '초보자', '21~25℃', '5℃', '70% 이상', '갈대처럼 길고 하늘하늘한 잎을 가진 푸테리스 고사리는 실내에서 키우기에 더할나위없는 식물 중 하나예요. ', '화분식물, 실내정원의 아랫부분에 색상을 주고 싶을 때 사용', '긴 잎의 중앙에 흰 무늬가 있는 관엽식물이고 잎은 우상복엽으로 1-3쌍이고 길이는 비교적 짧으며 모양과 색깔 무늬가 다양하고 아름답다', '보통 (약간 잘 견딤)', '실내 어두운 곳 (실내깊이 500 이상cm),거실 내측 (실내깊이 300~500cm),거실 창측 (실내깊이 150~300cm),발코니 내측 (실내깊이 50~150cm),발코니 창측 (실내깊이 0~50cm)', 7, '손가락 혹은 나무젓가락을 화분 흙에 2-3cm 찔러넣고  속까지 흙이 완전히 말라있는 지 확인해요.', 3, '햇살이 없지만 밝은 실내', 25, 18, '겨울에 창을 열어두고 오랜 시간 외출하는 일이 없도록 조심해 주세요. 여름에서 가을 / 가을에서 겨울로 계절이 바뀔 때 창문을 열어두면 갑작스러운 온도 변화에 냉해를 입을 수 있어요. 일교차가 심할 때도 마찬가지로 냉해를 조심해 주세요', 'plant/112.jpg', '초보집사,집꾸미기,반려동물', NULL),
	(113, '피토니아 핑크스타', 'Fittonia verschaffeltii \'Pink Star\'', 'Mosaic Plant, Nerve Plant, Painted Net Leaf', '피토니아 핑크스타', '남아메리카, 페루', 20, 20, '거의 없음', '', '경험자', '21~25℃', '13℃ 이상', '40 ~ 70%', '피토니아 핑크스타는 촘촘한 붉은색의 잎맥을 갖고 있는 식물로 굉장히 화려한 모습을 하고 있어요.', '', '고온다습하고 통풍이 원활한 밝은 그늘이나 반그늘에서 잘 자란다. 생장이 느리고 잎 주변에 지속적인 수분과 따뜻함을 요구하고 공중습도 유지가 제일 중요하다.', '특별 관리 요구', '거실 내측 (실내깊이 300~500cm),거실 창측 (실내깊이 150~300cm),발코니 내측 (실내깊이 50~150cm)', 5, '물을 좋아해요. 겉흙이 보슬보슬 말랐을 때 흘러내릴 정도로 흠뻑 물 주세요. 배수가 잘 되는 환경에서 키워주세요. 통풍이 잘 되는 환경을 좋아해요', 4, '반그늘 환경을 좋아해요. 직사광선은 피해주세요,.커튼뒤에서 키워주면 잘 자랄거에요', 25, 21, '따뜻한 지역을 좋아해요. 겨울철에는 실내로 옮겨주세요. 추위에는 냉해 피해를 입을 수 있어요', 'plant/113.jpg', '공기정화,반려동물', NULL),
	(114, '피토니아 화이트스타', 'Fittonia verschaffelti \'White Star\'', 'Mosaic Plant, Nerve Plant, Painted Net Leaf', '피토니아 화이트스타', '남아메리카, 페루', 20, 20, '', '', '경험자', '21~25℃', '13℃ 이상', '40 ~ 70%', '피토니아 화이트스타는 크림색의 잎의 색깔과 촘촘하고 선명한 잎맥의 무늬가 특징인 식물이에요.', '', '고온다습하고 통풍이 원활한 밝은 그늘이나 반그늘에서 잘 자란다. 갑자기 강한 햇빛에 노출되면 잎이 타기 쉽다.', '필요함', '거실 내측 (실내깊이 300~500cm),거실 창측 (실내깊이 150~300cm),발코니 내측 (실내깊이 50~150cm)', 5, '물을 좋아해요. 겉흙이 보슬보슬 말랐을 때 흘러내릴 정도로 흠뻑 물 주세요. 배수가 잘 되는 환경에서 키워주세요. 통풍이 잘 되는 환경을 좋아해요', 4, '반그늘 환경을 좋아해요. 직사광선은 피해주세요,.커튼뒤에서 키워주면 잘 자랄거에요', 25, 21, '따뜻한 지역을 좋아해요. 겨울철에는 실내로 옮겨주세요. 추위에는 냉해 피해를 입을 수 있어요', 'plant/114.jpg', '공기정화,반려동물', NULL),
	(115, '필레아 글라우카(타라, 블루체인)', 'Pilea grauca', 'Friendship Plant', '타라, 블루체인', '남아프리카', 10, 30, '거의 없음', '', '초보자', '21~25℃', '13℃ 이상', '40 ~ 70%', '작은 잎이 오밀조밀 모인 덩굴식물인 타라는 남아메리카에서 온 덩굴식물이예요. ', '덩굴성 관엽식물/실내화단 지피용, 공중걸이, 실내화분 등', '', '보통 (약간 잘 견딤)', '거실 내측 (실내깊이 300~500cm),거실 창측 (실내깊이 150~300cm),발코니 내측 (실내깊이 50~150cm),발코니 창측 (실내깊이 0~50cm)', 7, '물을 좋아해요. 겉흙이 보슬보슬 말랐을 때 흘러내릴 정도로 흠뻑 물 주세요. 배수가 잘 되는 환경에서 키워주세요. 통풍이 잘 되는 환경을 좋아해요', 4, '반그늘 환경을 좋아해요. 직사광선은 피해주세요,.커튼뒤에서 키워주면 잘 자랄거에요', 25, 18, '겨울에 창을 열어두고 오랜 시간 외출하는 일이 없도록 조심해 주세요. 여름에서 가을 / 가을에서 겨울로 계절이 바뀔 때 창문을 열어두면 갑작스러운 온도 변화에 냉해를 입을 수 있어요. 일교차가 심할 때도 마찬가지로 냉해를 조심해 주세요', 'plant/115.jpg', '공기정화,집꾸미기', NULL),
	(116, '필로덴드론 옥시카르디움', 'Philodendron oxycardium', 'sweet heart vine, parlor ivy, heart leaved philodendron vine', '필로델드론 옥시카르디움', '서인도제도, 자마이카, 중앙 아메리카', 50, 30, '거의 없음', '', '경험자', '21~25℃', '13℃ 이상', '40 ~ 70%', '초록색과 라임색이 조화를 이루는 잎을 가지고 있어요. 덩굴성 식물이라 높은 위치에서 가지를 아래로 늘어뜨려 키우면 정글같은 분위기를 연출할 수 있어요. 스킨답서스와 모습도 유사하고 키우기 쉽다는 것도 비슷해요.', '', '', '보통 (약간 잘 견딤)', '실내 어두운 곳 (실내깊이 500 이상cm),거실 내측 (실내깊이 300~500cm),거실 창측 (실내깊이 150~300cm),발코니 내측 (실내깊이 50~150cm)', 7, '물을 좋아하지만 과습주의. 겉흙이 보슬보슬 말랐을 때 흘러내릴 정도로 흠뻑 물 주세요. 배수가 잘되는 흙에서 키워주세요. 통풍이 잘 되는 환경을 좋아해요', 4, '반그늘 환경을 좋아해요. 직사광선은 피해주세요,.커튼뒤에서 키워주면 잘 자랄거에요', 25, 21, '따뜻한 지역을 좋아해요. 겨울철에는 실내로 옮겨주세요. 추위에는 냉해 피해를 입을 수 있어요', 'plant/116.jpg', '초보집사,공기정화', NULL),
	(117, '해마리아', 'Haemaria discolor var. dawsoniana', 'jewel orchid', '보석란', '인도네시아, 버마', 20, 20, '약함', '', '전문가', '21~25℃', '13℃ 이상', '40 ~ 70%', '벨벳 질감의 초록 잎에 연한 핑크빛의 무늬가 있는 해마리아는 보석란이라고도 불려요. 빛이 잘 들지 않는 곳, 반음지에서도 잘 자라서 실내에서 키운다면 추천하는 식물이예요.', '', '아주 낮은 그늘에서 잘 견딘다.', '보통 (약간 잘 견딤)', '실내 어두운 곳 (실내깊이 500 이상cm),거실 내측 (실내깊이 300~500cm),거실 창측 (실내깊이 150~300cm),발코니 내측 (실내깊이 50~150cm),발코니 창측 (실내깊이 0~50cm)', 7, '손가락 혹은 나무젓가락을 화분 흙에 2-3cm 찔러넣고. 속까지 흙이 완전히 말라있는 지 확인해요.', 3, ' 햇살이 없지만 밝은 실내', 25, 21, '겨울에 창을 열어두고 오랜 시간 외출하는 일이 없도록 조심해 주세요. 여름에서 가을 / 가을에서 겨울로 계절이 바뀔 때 창문을 열어두면 갑작스러운 온도 변화에 냉해를 입을 수 있어요. 일교차가 심할 때도 마찬가지로 냉해를 조심해 주세요', 'plant/117.jpg', '초보집사,집꾸미기', NULL),
	(118, '행운목', 'Dracaena fragrans', 'corn plant, fragrant dracaena', '행운목', '아프리카', 200, 50, '강함', '', '초보자', '21~25℃', '13℃ 이상', '40 ~ 70%', '행운목은 10년에 한 번 꽃을 피워요. 꽃을 보기가 정말 어려운 친구인거죠. 정성을 들여 키우다 보면 언젠가 꽃이 피는 날이 올텐데, 그럼 그 해에는 엄청난 행운이 따라온다고 해서 행운목이란 이름이 붙었어요. 줄기를 보면 누가 댕강 잘라 놓은 것 같지 않나요? 원래 이렇게 목대가 자라는 신기한 아이에요. 큰 행운목도 매력적이지만 손바닥만한 행운목을 책상 위에 둬도 충분히 매력적인 식물이에요.', '', '', '낮음 (잘 견딤)', '거실 내측 (실내깊이 300~500cm),거실 창측 (실내깊이 150~300cm),발코니 내측 (실내깊이 50~150cm)', 10, '고온다습한 환경을 좋아하는 식물입니다. 물을 너무 자주 주면 뿌리가 썩을 수도 있으므로 겉흙이 말랐을 때 한번 주세요. 잎에 스프레이로 분무해주어 습도를 높게 유지시켜주면 좋아요', 4, '거실의 창가에서 키우기 좋습니다. 여름에 직사광선을 받게 되면 잎이 탈 수 있어요. 빛을 못 받으면 잎 색이 변합니다', 25, 21, '열대지방 식물로 따뜻한 곳을 좋아합니다. 실내온도는 20~30도 유지. 겨울철에도 따뜻하게 15도 이상에서 키워주세요. 통풍이 잘 되는 곳에서 키워주세요', 'plant/118.jpg', '초보집사,공기정화', NULL),
	(119, '헤미오니티스(하트펀)', 'Hemionitis arifolia', 'heart fern, valentine fern', '하트펀고사리', '서인도, 멕시코', 20, 20, '거의 없음', '', '경험자', '21~25℃', '13℃ 이상', '70% 이상', '하트 모양의 고사리, 보신 적 있으신가요? 하트 모양의 잎이 특징인 하트펀고사리는 잎이 크고 넓어 다른 고사리보다 상대적으로 튼튼한 편이예요.', '하트 모양의 고사리, 보신 적 있으신가요? 하트 모양의 잎이 특징인 하트펀고사리는 잎이 크고 넓어 다른 고사리보다 상대적으로 튼튼한 편이예요.', '하트 모양의 잎이 매력적인 관엽식물이다. Soil Type: Use a GOOD rich potting soil (a soil that retains water yet drains well), such as an African violet mix. If you want to mix your own take: 2 parts garden soil, 2 parts humus (leaf mold), 1 part coarse sand or perlite, 1 part rinsed aquarium charcoal chips and a little fine grade fir bark. Always use a pot with a hole. Growing Ease: Requires extra care', '필요함', '거실 내측 (실내깊이 300~500cm),거실 창측 (실내깊이 150~300cm),발코니 내측 (실내깊이 50~150cm)', 5, '물이 마르기 전에 보충해주세요. 뿌리는 건조하게 해주세요. 환풍이 잘 된다면 습도가 높아도 병충피해를 피할 수 있어요', 3, '고사리과 식물로 반음지를 좋아해요. 통풍이 잘 되는곳에 위치해주세요. 사무실이나 방 안에서 길러도 무던하게 자라요', 25, 18, '따뜻한 환경을 좋아해요. 0도 이상이면 월동할 수 있지만 잎을 유지하려면 10도 이상을 맞춰주세요', 'plant/119.jpg', '초보집사,집꾸미기', NULL),
	(120, '헤테로파낙스 프라그란스 (해피트리)', 'Heteropanax fragrans', 'Fragrant Aralia', '해피트리', '중국, 인도, 인도네시아, 미안마, 네팔, 베트남 등', 150, 50, '거의 없음', '', '경험자', '21~25℃', '13℃ 이상', '40 ~ 70%', '행복한 감정이 몽글몽글 자라는 해피트리예요. 실내에서 키우기에 크기도 적당하면서, 나무의 울창한 모습을 보여줘요. 잎을 푸르고 싱그럽게 내어줘서 공간에 긍정 에너지를 한껏 더해주는 아이에요. 공기정화 능력, 전자파 차단 능력이 탁월한데다 해가 잘 들지 않아도 잘 커주기 때문에 공간 여유가 있다면 해피트리는 선택이 아닌 필수에요.', '', '', '필요함', '거실 창측 (실내깊이 150~300cm),발코니 내측 (실내깊이 50~150cm),발코니 창측 (실내깊이 0~50cm)', 7, '손가락 혹은 나무젓가락을 화분 흙에 2-3cm 찔러넣고, 속까지 흙이 완전히 말라있는 지 확인해요.', 4, '햇살이 드는 창문 앞, 햇살이 드는 실내', 25, 21, '겨울에 창을 열어두고 오랜 시간 외출하는 일이 없도록 조심해 주세요. 또 여름에서 가을, 가을에서 겨울로 계절이 바뀔 때 창문을 열어두면 갑작스러운 온도 변화에 냉해를 입을 수 있어요. 일교차가 심할 때도 마찬가지로 냉해를 조심해 주세요', 'plant/120.jpg', '초보집사,공기정화', NULL),
	(121, '호주매', ' Leptospermum scoparium', 'New Zealand teatree, broom teatree, just tea tree', '호주매, 호주매화', '호주, 뉴질랜드', 50, 30, '약함', '', '경험자', '21~25℃', '13℃ 이상', '40 ~ 70%', '진한 분홍빛의 꽃이 매력적인 호주매화는 사실 매화나무와는 전혀 관련이 없어요. 유칼립투스의 친척뻘에 속하는 식물이랍니다. 유칼립투스처럼 물과, 해, 바람을 좋아해서 실내에서 키우긴 조금 어렵지만, 한번 환경이 맞으면 오래오래 꽃을 보여주는 식물이예요.', '', '', '필요함', '거실 창측 (실내깊이 150~300cm),발코니 내측 (실내깊이 50~150cm),발코니 창측 (실내깊이 0~50cm)', 7, '손가락 혹은 나무젓가락을 화분 흙에 2-3cm 찔러넣고, 속까지 흙이 완전히 말라있는 지 확인해요.', 5, '실외 직사광. 햇살이 드는 창문 앞', 25, 18, '겨울에 창을 열어두고 오랜 시간 외출하는 일이 없도록 조심해 주세요. 또 여름에서 가을, 가을에서 겨울로 계절이 바뀔 때 창문을 열어두면 갑작스러운 온도 변화에 냉해를 입을 수 있어요. 일교차가 심할 때도 마찬가지로 냉해를 조심해 주세요', 'plant/121.jpg', '공기정화,반려식물', NULL),
	(122, '황금죽', 'Dracaena sanderiana', 'belgian evergreen, lucky bamboo', '황금죽', '카메룬', 150, 40, '약함', '', '경험자', '16~20℃', '13℃ 이상', '40 ~ 70%', '황금이 굴러들어온다는 속설을 가진 황금죽은 새로운 잎이 지폐가 늘어나는 것처럼 보여서 개업선물로 많이 추천되는 식물이예요. ', '', 'Soil Type: A GOOD general purpose potting soil (a soil that retains water yet drains well) will suffice. Check purchased soil to see that it is well aerated and add sand or perlite and peat moss if it seems to pack too tightly. Give the plants a chance to settle in before going back to whatever fertilization program has been successful for you. If you want to mix your own take: 1 part garden soil, 1 part coarse sand or perlite, 1 part moist peat or humus (leaf mold) and a light dusting of lime. Always use a pot with a hole. Growing Ease: Will grow for anybody', '필요함', '거실 내측 (실내깊이 300~500cm),거실 창측 (실내깊이 150~300cm),발코니 내측 (실내깊이 50~150cm)', 7, '섬세한 물줄기가 나오는 물뿌리개로 물을 주세요. 두꺼운 물줄기는 흙 속에 물길을 만들어 흙이 고루고루 젖지 못하게 될 수 있어요. 마른 흙이 남지 않도록 고루고루 흙을 적셔주세요.', 4, '햇살이 드는 창문 앞.햇살이 드는 실내', 25, 18, '겨울에 창을 열어두고 오랜 시간 외출하는 일이 없도록 조심해 주세요. 또 여름에서 가을, 가을에서 겨울로 계절이 바뀔 때 창문을 열어두면 갑작스러운 온도 변화에 냉해를 입을 수 있어요. 일교차가 심할 때도 마찬가지로 냉해를 조심해 주세요', 'plant/122.jpg', '초보집사,공기정화,집꾸미기', NULL),
	(123, '히포에스테스', 'Hypoestes phyllostachya (H. sanguinnolenta)', 'hamingo plant, polka dot plant, freckle face, baby\'s tears, spotted dog, measles plant', '히포에스테스', '마다가스카르', 30, 30, '약함', '', '초보자', '21~25℃', '13℃ 이상', '40 ~ 70%', '타원형의 잎에 물감을 흩뿌린듯한 무늬가 특징인 히포에스테스는 다양한 색과 무늬를 가진 종류가 있어요. ', '', 'Uses: Ornamental and Houseplant Soil Type: Moist, rich, well-drained Growing Ease: Will grow for anybody ', '보통 (약간 잘 견딤)', '거실 창측 (실내깊이 150~300cm),발코니 내측 (실내깊이 50~150cm),발코니 창측 (실내깊이 0~50cm)', 7, '잎이나 줄기가 유독 힘을 잃고 축 늘어졌다면 물을 줄 시기예요. 스파티필름, 하이포테스, 콜레우스 등에서 쉽게 볼 수 있어요.', 4, '햇살이 드는 창문 앞.햇살이 드는 실내', 25, 18, '겨울에 창을 열어두고 오랜 시간 외출하는 일이 없도록 조심해 주세요. 또 여름에서 가을, 가을에서 겨울로 계절이 바뀔 때 창문을 열어두면 갑작스러운 온도 변화에 냉해를 입을 수 있어요. 일교차가 심할 때도 마찬가지로 냉해를 조심해 주세요', 'plant/123.jpg', '초보집사,공기정화,집꾸미기', NULL);

-- 테이블 ddokbun.pot 구조 내보내기
CREATE TABLE IF NOT EXISTS `pot` (
  `pot_serial` char(10) COLLATE utf8mb4_unicode_ci NOT NULL,
  `created_time` datetime(6) NOT NULL,
  `humidity` double DEFAULT NULL,
  `is_auto` char(1) COLLATE utf8mb4_unicode_ci DEFAULT NULL,
  `light` double DEFAULT NULL,
  `plant_date` datetime(6) DEFAULT NULL,
  `plant_nickname` varchar(40) COLLATE utf8mb4_unicode_ci DEFAULT NULL,
  `registered_time` datetime(6) DEFAULT NULL,
  `soil_humidity` double DEFAULT NULL,
  `temperature` double DEFAULT NULL,
  `updated_time` datetime(6) DEFAULT NULL,
  `water_height` double DEFAULT NULL,
  `water_supply` datetime(6) DEFAULT NULL,
  `plant_seq` bigint DEFAULT NULL,
  `user_seq` int unsigned DEFAULT NULL,
  `water_period` int DEFAULT NULL,
  `rec_plant` varchar(255) COLLATE utf8mb4_unicode_ci DEFAULT NULL,
  PRIMARY KEY (`pot_serial`),
  KEY `FKh1n2jeor7vxciyldo254hxo6b` (`plant_seq`),
  KEY `FKryycal0ojwvcftwkg4rt5dq80` (`user_seq`),
  CONSTRAINT `FKh1n2jeor7vxciyldo254hxo6b` FOREIGN KEY (`plant_seq`) REFERENCES `plant` (`plant_seq`),
  CONSTRAINT `FKryycal0ojwvcftwkg4rt5dq80` FOREIGN KEY (`user_seq`) REFERENCES `user` (`user_seq`)
) ENGINE=InnoDB DEFAULT CHARSET=utf8mb4 COLLATE=utf8mb4_unicode_ci;

-- 테이블 데이터 ddokbun.pot:~6 rows (대략적) 내보내기
REPLACE INTO `pot` (`pot_serial`, `created_time`, `humidity`, `is_auto`, `light`, `plant_date`, `plant_nickname`, `registered_time`, `soil_humidity`, `temperature`, `updated_time`, `water_height`, `water_supply`, `plant_seq`, `user_seq`, `water_period`, `rec_plant`) VALUES
	('0000000000', '2022-11-02 08:23:10.364061', 39, 'N', 3, NULL, '투키투키', NULL, 5, 23.4, '2022-11-17 06:44:27.709000', 1, '2022-11-17 00:00:00.000000', 1, 145, 0, NULL),
	('hyewon', '2022-11-04 06:19:16.240761', NULL, 'Y', NULL, NULL, 'hyewon', NULL, NULL, NULL, NULL, NULL, '2022-11-15 00:00:00.000000', 1, 145, 30, NULL);

-- 테이블 ddokbun.pot_log 구조 내보내기
CREATE TABLE IF NOT EXISTS `pot_log` (
  `log_seq` int unsigned NOT NULL AUTO_INCREMENT,
  `create_time` datetime(6) NOT NULL,
  `humudity` double NOT NULL,
  `light` double NOT NULL,
  `soil_humidity` double NOT NULL,
  `temperature` double NOT NULL,
  `water_level` double NOT NULL,
  `pot_serial` char(10) COLLATE utf8mb4_unicode_ci NOT NULL,
  PRIMARY KEY (`log_seq`),
  KEY `FK8ptf8yx2x2u0pnipt71857hh9` (`pot_serial`),
  CONSTRAINT `FK8ptf8yx2x2u0pnipt71857hh9` FOREIGN KEY (`pot_serial`) REFERENCES `pot` (`pot_serial`)
) ENGINE=InnoDB AUTO_INCREMENT=1577 DEFAULT CHARSET=utf8mb4 COLLATE=utf8mb4_unicode_ci;

-- 테이블 데이터 ddokbun.pot_log:~132 rows (대략적) 내보내기
REPLACE INTO `pot_log` (`log_seq`, `create_time`, `humudity`, `light`, `soil_humidity`, `temperature`, `water_level`, `pot_serial`) VALUES
	(1, '2022-11-15 01:00:52.508563', 37, 2, 4, 23.5, 3, '0000000000'),
	(2, '2022-11-16 01:30:52.508563', 26, 2, 3, 18, 3, '0000000000'),
	(3, '2022-11-17 02:00:52.508563', 34, 2, 3, 18, 3, '0000000000'),
	(4, '2022-11-15 02:30:52.508563', 30, 2, 4, 25, 3, '0000000000'),
	(5, '2022-11-16 03:00:52.508563', 27, 2, 3, 18, 3, '0000000000'),
	(6, '2022-11-17 03:30:52.508563', 21, 2, 3, 17, 3, '0000000000'),
	(7, '2022-11-15 04:00:52.508563', 31, 2, 4, 25, 3, '0000000000'),
	(8, '2022-11-16 04:30:52.508563', 32, 2, 3, 17, 3, '0000000000'),
	(9, '2022-11-17 05:00:52.508563', 24, 2, 3, 16, 3, '0000000000'),
	(10, '2022-11-15 05:30:52.508563', 32, 2, 4, 25, 3, '0000000000'),
	(11, '2022-11-16 06:00:52.508563', 31, 3, 3, 16, 3, '0000000000'),
	(12, '2022-11-17 06:30:52.508563', 25, 3, 4, 15, 3, '0000000000'),
	(13, '2022-11-15 07:00:52.508563', 34, 3, 4, 24, 3, '0000000000'),
	(14, '2022-11-16 07:30:52.508563', 26, 3, 3, 17, 3, '0000000000'),
	(15, '2022-11-17 08:00:52.508563', 40, 3, 4, 15, 3, '0000000000'),
	(16, '2022-11-15 08:30:52.508563', 30, 3, 4, 25, 3, '0000000000'),
	(17, '2022-11-16 09:00:52.508563', 27, 3, 4, 18, 2, '0000000000'),
	(18, '2022-11-17 09:30:52.508563', 60, 4, 4, 15, 2, '0000000000'),
	(19, '2022-11-15 10:00:52.508563', 31, 4, 1, 24, 2, '0000000000'),
	(20, '2022-11-16 10:30:52.508563', 40, 4, 1, 19, 1, '0000000000'),
	(21, '2022-11-17 11:00:52.508563', 40, 4, 1, 18, 1, '0000000000'),
	(22, '2022-11-15 11:30:52.508563', 25, 4, 2, 25, 1, '0000000000'),
	(23, '2022-11-16 12:00:52.508563', 32, 5, 1, 22, 1, '0000000000'),
	(24, '2022-11-17 12:30:52.508563', 40, 5, 1, 20, 1, '0000000000'),
	(25, '2022-11-15 13:00:52.656534', 26, 4, 2, 27, 1, '0000000000'),
	(26, '2022-11-16 13:30:52.508563', 28, 4, 2, 24, 1, '0000000000'),
	(29, '2022-11-17 14:00:52.656534', 50, 5, 2, 23, 1, '0000000000'),
	(30, '2022-11-15 14:30:52.508563', 27, 5, 2, 27, 1, '0000000000'),
	(31, '2022-11-16 15:00:52.656534', 35, 5, 2, 25, 1, '0000000000'),
	(33, '2022-11-15 16:00:52.656534', 28, 4, 2, 26, 1, '0000000000'),
	(34, '2022-11-16 16:30:52.508563', 22, 4, 2, 24, 1, '0000000000'),
	(36, '2022-11-15 17:30:52.508563', 24, 3, 2, 26, 3, '0000000000'),
	(37, '2022-11-16 18:00:52.656534', 22, 3, 2, 26, 1, '0000000000'),
	(39, '2022-11-15 19:00:52.656534', 23, 3, 2, 26, 3, '0000000000'),
	(40, '2022-11-16 19:30:52.508563', 22, 2, 2, 24, 3, '0000000000'),
	(42, '2022-11-15 20:30:52.508563', 21, 2, 3, 23, 3, '0000000000'),
	(43, '2022-11-16 21:00:52.656534', 23, 2, 2, 23, 3, '0000000000'),
	(45, '2022-11-15 22:00:52.656534', 22, 2, 3, 23, 3, '0000000000'),
	(46, '2022-11-16 22:30:52.508563', 23, 1, 3, 23, 3, '0000000000'),
	(48, '2022-11-15 23:30:52.508563', 23, 2, 3, 22, 3, '0000000000'),
	(49, '2022-11-16 00:00:52.656534', 24, 2, 3, 20, 3, '0000000000'),
	(50, '2022-11-17 00:30:52.656534', 24, 1, 3, 20, 3, '0000000000'),
	(1576, '2022-11-17 06:00:02.185000', 36, 3, 4, 15, 3, '0000000000');

-- 테이블 ddokbun.survey 구조 내보내기
CREATE TABLE IF NOT EXISTS `survey` (
  `survey_seq` int NOT NULL,
  `survey_content` varchar(255) COLLATE utf8mb4_unicode_ci DEFAULT NULL,
  PRIMARY KEY (`survey_seq`)
) ENGINE=InnoDB DEFAULT CHARSET=utf8mb4 COLLATE=utf8mb4_unicode_ci;

-- 테이블 데이터 ddokbun.survey:~4 rows (대략적) 내보내기
REPLACE INTO `survey` (`survey_seq`, `survey_content`) VALUES
	(0, '식물을 키운 경험이 있나요?'),
	(1, '사용자는 성실한 편입니까?'),
	(2, '식물을 키울 장소는 어디인가요?'),
	(3, '식물을 키우는 이유는?');

-- 테이블 ddokbun.survey_select 구조 내보내기
CREATE TABLE IF NOT EXISTS `survey_select` (
  `survey_select_seq` int NOT NULL,
  `survey_select_content` varchar(100) COLLATE utf8mb4_unicode_ci DEFAULT NULL,
  `survey_select_number` int NOT NULL,
  `survey_seq` int NOT NULL,
  PRIMARY KEY (`survey_select_seq`),
  KEY `FKbexhgqufb402i10r61odhhge7` (`survey_seq`),
  CONSTRAINT `FKbexhgqufb402i10r61odhhge7` FOREIGN KEY (`survey_seq`) REFERENCES `survey` (`survey_seq`)
) ENGINE=InnoDB DEFAULT CHARSET=utf8mb4 COLLATE=utf8mb4_unicode_ci;

-- 테이블 데이터 ddokbun.survey_select:~12 rows (대략적) 내보내기
REPLACE INTO `survey_select` (`survey_select_seq`, `survey_select_content`, `survey_select_number`, `survey_seq`) VALUES
	(0, '초보자', 1, 0),
	(1, '중급자', 2, 0),
	(2, '경험자', 3, 0),
	(3, '네', 1, 1),
	(4, '중간', 2, 1),
	(5, '아니요', 3, 1),
	(6, '발코니', 1, 2),
	(7, '창측', 2, 2),
	(8, '실내', 3, 2),
	(9, '집 꾸미기', 1, 3),
	(10, '공기 정화', 2, 3),
	(11, '집꾸미기와 공기정화', 3, 3);

-- 테이블 ddokbun.tb_order 구조 내보내기
CREATE TABLE IF NOT EXISTS `tb_order` (
  `order_seq` int unsigned NOT NULL AUTO_INCREMENT,
  `order_name` varchar(255) COLLATE utf8mb4_unicode_ci NOT NULL,
  `order_address` varchar(255) CHARACTER SET utf8mb4 COLLATE utf8mb4_unicode_ci NOT NULL,
  `order_email` varchar(100) COLLATE utf8mb4_unicode_ci NOT NULL,
  `order_method` varchar(50) COLLATE utf8mb4_unicode_ci NOT NULL,
  `order_phone` varchar(20) COLLATE utf8mb4_unicode_ci NOT NULL,
  `order_price` int NOT NULL,
  `order_quantity` int NOT NULL,
  `order_reciver` varchar(50) CHARACTER SET utf8mb3 COLLATE utf8mb3_general_ci NOT NULL,
  `order_status` varchar(255) COLLATE utf8mb4_unicode_ci NOT NULL,
  `order_time` timestamp NOT NULL,
  `order_user_name` varchar(10) CHARACTER SET utf8mb3 COLLATE utf8mb3_general_ci NOT NULL,
  `order_waybill_number` varchar(255) COLLATE utf8mb4_unicode_ci NOT NULL,
  `user_seq` int unsigned NOT NULL,
  `item_seq_list` varchar(50) CHARACTER SET utf8mb4 COLLATE utf8mb4_unicode_ci NOT NULL,
  `item_seq` int unsigned DEFAULT NULL,
  PRIMARY KEY (`order_seq`),
  KEY `FKq2yn1nrns04a4yi6c44mpolye` (`user_seq`),
  CONSTRAINT `FKq2yn1nrns04a4yi6c44mpolye` FOREIGN KEY (`user_seq`) REFERENCES `user` (`user_seq`)
) ENGINE=InnoDB AUTO_INCREMENT=17 DEFAULT CHARSET=utf8mb4 COLLATE=utf8mb4_unicode_ci;

-- 테이블 데이터 ddokbun.tb_order:~54 rows (대략적) 내보내기
REPLACE INTO `tb_order` (`order_seq`, `order_name`, `order_address`, `order_email`, `order_method`, `order_phone`, `order_price`, `order_quantity`, `order_reciver`, `order_status`, `order_time`, `order_user_name`, `order_waybill_number`, `user_seq`, `item_seq_list`, `item_seq`) VALUES
	(5, '나한송 외 1개', '39397 경북 구미시 삼일로 12 (진평동) 진평동 521-4', 'heo3793naver.com', 'KAKAO', '01050532696', 200000, 1, '39397 경북 구미시 삼일로 12 (진평동) 진평동 521-4', 'DELIVERY', '2022-11-15 08:40:11', '허건녕', '111-23-12-31-2-1', 143, '399,416,', NULL),
	(6, '나한송 외 1개', '39397 경북 구미시 삼일로 12 (진평동) 123', 'heo3793naver.com', 'KAKAO', '01050542696', 100000, 1, '39397 경북 구미시 삼일로 12 (진평동) 123', 'PAYCOMPLETE', '2022-11-15 02:24:42', '허건녕', '111-23-12-31-2-1', 143, '399,472,', NULL),
	(7, '대만고무나무', '39397 경북 구미시 삼일로 12 (진평동) 1234', 'heo3793naver.com', 'KAKAO', '01050532696', 50000, 1, '39397 경북 구미시 삼일로 12 (진평동) 1234', 'READY', '2022-11-15 15:34:33', '허건녕', '111-23-12-31-2-1', 143, '403,', NULL),
	(9, '대만고무나무', '39397 경북 구미시 삼일로 12 (진평동) 1234', 'heo3793naver.com', 'KAKAO', '01012341234', 50000, 1, '39397 경북 구미시 삼일로 12 (진평동) 1234', 'READY', '2022-11-15 15:37:09', '123', '111-23-12-31-2-1', 143, '403,', NULL),
	(10, '스투키 외 1개', '39397 경북 구미시 삼일로 12 (진평동) 1234', 'heo3793naver.com', 'KAKAO', '01050532696', 20000, 1, '39397 경북 구미시 삼일로 12 (진평동) 1234', 'READY', '2022-11-15 18:11:25', '허건녕', '111-23-12-31-2-1', 514, '388,444,', NULL),
	(11, '대만고무나무', '39397 경북 구미시 삼일로 12 (진평동) 1234', 'heo3793naver.com', 'KAKAO', '01050532696', 50000, 1, '39397 경북 구미시 삼일로 12 (진평동) 1234', 'READY', '2022-11-15 22:19:41', '허건녕', '111-23-12-31-2-1', 143, '403,', NULL),
	(12, '대만고무나무', '39397 경북 구미시 삼일로 12 (진평동) 1234', 'heo3793naver.com', 'KAKAO', '01050532792', 50000, 1, '39397 경북 구미시 삼일로 12 (진평동) 1234', 'PAYCOMPLETE', '2022-11-15 22:20:51', '허건녕', '111-23-12-31-2-1', 143, '403,', NULL),
	(13, '나도풍란', '01030 서울 강북구 삼양로123길 1 (수유동, 삼원빌딩) 1234', 'heo3793naver.com', 'KAKAO', '01012314123', 30000, 1, '01030 서울 강북구 삼양로123길 1 (수유동, 삼원빌딩) 1234', 'PAYCOMPLETE', '2022-11-15 22:27:48', '허건녕', '111-23-12-31-2-1', 143, '398,', NULL),
	(14, '스투키 외 2개', '01067 서울 강북구 한천로123길 5 (번동) 1234', 'heo3793naver.com', 'KAKAO', '01012341234', 70000, 1, '01067 서울 강북구 한천로123길 5 (번동) 1234', 'READY', '2022-11-15 22:29:28', '허건녕', '111-23-12-31-2-1', 514, '388,393,444,', NULL),
	(15, '스투키 외 2개', '01067 서울 강북구 한천로123길 5 (번동) 1234', 'heo3793naver.com', 'KAKAO', '01012341234', 70000, 1, '01067 서울 강북구 한천로123길 5 (번동) 1234', 'READY', '2022-11-15 22:29:35', '허건녕', '111-23-12-31-2-1', 514, '388,393,444,', NULL),
	(16, '금전수', '05315 서울 강동구 양재대로123길 7 (천호동, 강동그랑시아) 1234', 'heo3793naver.com', 'KAKAO', '01012341234', 10000, 1, '05315 서울 강동구 양재대로123길 7 (천호동, 강동그랑시아) 1234', 'READY', '2022-11-15 22:30:23', '허건녕', '111-23-12-31-2-1', 143, '397,', NULL),
	(787, '개운죽 외 2개', '39397 경북 구미시 삼일로 12 (진평동) 641-4', 'heo3793naver.com', 'KAKAO', '01050532696', 200000, 1, '39397 경북 구미시 삼일로 12 (진평동) 641-4', 'PAYCOMPLETE', '2022-11-07 07:16:53', '허건녕', '111-23-12-31-2-1', 143, '389,392,399,', 0),
	(788, '개운죽 외 2개', '55546 전북 무주군 설천면 진평길 7-6 (청량리) 1234', 'heo3793naver.com', 'KAKAO', '01050532696', 200000, 1, '55546 전북 무주군 설천면 진평길 7-6 (청량리) 1234', 'PAYCOMPLETE', '2022-11-07 07:18:02', '허건녕', '111-23-12-31-2-1', 143, '389,392,399,', 0),
	(789, '개운죽 외 2개', '39397 경북 구미시 삼일로 12 (진평동) 황금하우스 302호', 'heo3793naver.com', 'KAKAO', '01050532696', 200000, 1, '39397 경북 구미시 삼일로 12 (진평동) 황금하우스 302호', 'PAYCOMPLETE', '2022-11-07 07:20:10', '허건녕', '111-23-12-31-2-1', 143, '389,392,399,', 0),
	(921, '개운죽 외 2개', '41463 대구 북구 구암로 136 (구암동) 황금동', 'heo3793naver.com', 'KAKAO', '01050532595', 120000, 1, '41463 대구 북구 구암로 136 (구암동) 황금동', 'PAYCOMPLETE', '2022-11-08 08:34:50', '허건녕', '111-23-12-31-2-1', 143, '389,392,399,', NULL),
	(956, '마삭줄', '34175 대전 유성구 계룡로 3 (구암동) 1234', 'heo3793naver.com', 'KAKAO', '01050532696', 90000, 1, '34175 대전 유성구 계룡로 3 (구암동) 1234', 'PAYCOMPLETE', '2022-11-10 06:29:01', '허건녕', '111-23-12-31-2-1', 143, '418,', NULL),
	(965, 'undefined 외 1개', '08724 서울 관악구 구암5가길 47 (봉천동, 만남의교회) 1234', 'heo3793naver.com', 'KAKAO', '01050532696', 40000, 1, '08724 서울 관악구 구암5가길 47 (봉천동, 만남의교회) 1234', 'PAYCOMPLETE', '2022-11-10 07:45:58', '허건녕', '111-23-12-31-2-1', 143, '424,502,', NULL),
	(966, '몬스테라 델리시오사 외 1개', '07049 서울 동작구 양녕로 153-9 (상도동, 약수선원) 123', 'heo3793naver.com', 'KAKAO', '010505321', 110000, 1, '07049 서울 동작구 양녕로 153-9 (상도동, 약수선원) 123', 'PAYCOMPLETE', '2022-11-10 07:57:13', '허건녕', '111-23-12-31-2-1', 143, '422,423,', NULL),
	(971, '스투키', '25527 강원 강릉시 홍제로 76 (홍제동, DS빌딩) 12', 'heo3793naver.com', 'KAKAO', '01012ㅂㅈ', 10000, 1, '25527 강원 강릉시 홍제로 76 (홍제동, DS빌딩) 12', 'READY', '2022-11-10 08:41:05', '허건녕', '111-23-12-31-2-1', 514, '388,', NULL),
	(972, '개운죽 외 1개', '46556 부산 북구 남문길 15 (만덕동) 1234', 'heo3793naver.com', 'KAKAO', '01050532696', 170000, 1, '46556 부산 북구 남문길 15 (만덕동) 1234', 'PAYCOMPLETE', '2022-11-10 15:25:22', '허건녕', '111-23-12-31-2-1', 143, '389,412,', NULL);

-- 테이블 ddokbun.today_item 구조 내보내기
CREATE TABLE IF NOT EXISTS `today_item` (
  `item_seq` int unsigned NOT NULL AUTO_INCREMENT,
  PRIMARY KEY (`item_seq`),
  CONSTRAINT `FK6pl8ltsd96gsm1sxf2uhx6uxh` FOREIGN KEY (`item_seq`) REFERENCES `item` (`item_seq`)
) ENGINE=InnoDB AUTO_INCREMENT=495 DEFAULT CHARSET=utf8mb4 COLLATE=utf8mb4_unicode_ci;

-- 테이블 데이터 ddokbun.today_item:~5 rows (대략적) 내보내기
REPLACE INTO `today_item` (`item_seq`) VALUES
	(439),
	(454),
	(467),
	(485),
	(494);

-- 테이블 ddokbun.user 구조 내보내기
CREATE TABLE IF NOT EXISTS `user` (
  `user_seq` int unsigned NOT NULL AUTO_INCREMENT,
  `user_created_at` timestamp NULL DEFAULT NULL,
  `user_updated_at` timestamp NULL DEFAULT NULL,
  `user_email` varchar(100) COLLATE utf8mb4_unicode_ci NOT NULL,
  `user_nickname` varchar(50) COLLATE utf8mb4_unicode_ci NOT NULL,
  `user_role` varchar(20) COLLATE utf8mb4_unicode_ci NOT NULL,
  `alarm_token` varchar(255) COLLATE utf8mb4_unicode_ci DEFAULT NULL,
  PRIMARY KEY (`user_seq`),
  UNIQUE KEY `UK_j09k2v8lxofv2vecxu2hde9so` (`user_email`),
  UNIQUE KEY `user_nickname` (`user_nickname`)
) ENGINE=InnoDB AUTO_INCREMENT=519 DEFAULT CHARSET=utf8mb4 COLLATE=utf8mb4_unicode_ci;

-- 테이블 데이터 ddokbun.user:~10 rows (대략적) 내보내기
REPLACE INTO `user` (`user_seq`, `user_created_at`, `user_updated_at`, `user_email`, `user_nickname`, `user_role`, `alarm_token`) VALUES
	(1, '2022-10-31 04:44:34', '2022-11-16 08:48:37', 'kcr7812@naver.com', '이웃집 원숭이', 'ROLE_ADMIN', 'testToken'),
	(2, '2022-10-29 21:24:29', '2022-11-04 15:03:15', 'jaaeehwaan@gmail.com', '관리자 - JH(kakao)', 'ROLE_ADMIN', NULL),
	(3, '2022-10-29 12:00:00', '2022-10-29 12:00:00', 'test@test.com', '테스터', 'ROLE_ADMIN', NULL),
	(4, '2022-10-30 06:26:20', '2022-11-04 15:03:01', 'eejh22@gmail.com', '사용자 - JH(google)', 'ROLE_ADMIN', NULL),
	(30, '2022-10-31 04:19:22', '2022-11-16 15:03:21', 'kcr7812@gmail.com', 'Master 관리자 계정', 'ROLE_ADMIN', 'caJC3tBxfvWDyXoS4S8ZDE:APA91bHIdc2llF_CE7J179i1eGHNHR0CTejEh-xKdV-VAoi1xTuyfGQqVnaASjG7IyC-viaY1s12_PdeU--NrVmWLy1_nHYiw-g4SU5hjV9c8Eiu62vSLAnDTgK7UuCx0OBE47_pVYXW'),
	(143, '2022-11-02 07:51:10', '2022-11-08 08:15:56', 'heo3793@gmail.com', '이웃집 사자', 'ROLE_ADMIN', NULL),
	(144, '2022-11-02 07:52:26', '2022-11-02 07:52:26', 'skj2393@daum.net', '기분 좋은 꿀벌', 'ROLE_USER', NULL),
	(145, '2022-11-02 08:09:07', '2022-11-16 16:35:22', 'hehe2you@gmail.com', '즐거운 원숭이', 'ROLE_USER', 'c05gvN8hZSWZMmG2u4WrgL:APA91bEtLijsUV-HxhEnUnuEK7FTxSCgHAPLi6Z1UphJwJKlhiNz9gRozxEPdCyYAC1DrtAgWjaGL44PswJY2eVJ6CH2wxtjB6i7s2pdh4wHCTLCIBqZLvYzkwoBD0G2_I1lIrKm6gzW'),
	(514, '2022-11-03 00:38:39', '2022-11-16 03:14:18', 'heo3793@naver.com', '즐거운 코끼리', 'ROLE_USER', 'dLRc1odWnj-VTvR3Pwwxb2:APA91bF1tl00xnDs1KGFCGHzE7JVEPpPcNkjOF4miXrJmvTmA9lL8R2SSgWaXS4Wx_pM6DGfxqF9P_nAspQCdprS8G_ptOVDNYkN_qCL1bon3J0esxAloptYnpHtsqR3Jdi27sTgr9XW'),
	(516, '2022-11-03 00:38:39', '2022-11-03 00:38:39', 'heo37ㅂㅈㄷ93@naver.com', '테스트', 'ROLE_USER', NULL),
	(517, '2022-11-15 04:25:58', '2022-11-15 04:25:58', 'gogwang123@gmail.com', '즐거운 사자', 'ROLE_USER', NULL),
	(518, '2022-11-15 22:42:59', '2022-11-15 23:56:48', 'haha2you@nate.com', '커피장인 꿀벌', 'ROLE_USER', 'd0KJjMYOpybnoddMDoTpLy:APA91bEfvUVZ9AzjXjI0_mcRq1jXjoDjbb0tOxS2UBGixOL7ZoBWInC6Ie7MQKtr5BHrnLp26GEFngKXs-gK-dyYQAgJ_hZeWZsFamPlpjngn1mMfd18Ys1syPsqWmkvGgx3kkACWXdQ');

-- 테이블 ddokbun.water_apply 구조 내보내기
CREATE TABLE IF NOT EXISTS `water_apply` (
  `water_supply_seq` int unsigned NOT NULL AUTO_INCREMENT,
  `water_supply_date` timestamp NOT NULL,
  `pot_serial` char(10) COLLATE utf8mb4_unicode_ci NOT NULL,
  PRIMARY KEY (`water_supply_seq`),
  KEY `FKmemxqh1wgcusu7eqd27bfgcyy` (`pot_serial`),
  CONSTRAINT `FKmemxqh1wgcusu7eqd27bfgcyy` FOREIGN KEY (`pot_serial`) REFERENCES `pot` (`pot_serial`)
) ENGINE=InnoDB AUTO_INCREMENT=11 DEFAULT CHARSET=utf8mb4 COLLATE=utf8mb4_unicode_ci;

-- 테이블 데이터 ddokbun.water_apply:~125 rows (대략적) 내보내기
REPLACE INTO `water_apply` (`water_supply_seq`, `water_supply_date`, `pot_serial`) VALUES
	(1, '2022-11-16 15:00:00', '0000000000'),
	(2, '2022-11-16 15:00:00', '0000000000'),
	(3, '2022-11-16 15:00:00', '0000000000'),
	(4, '2022-11-16 15:00:00', '0000000000'),
	(5, '2022-11-16 15:00:00', '0000000000'),
	(6, '2022-11-16 15:00:00', '0000000000'),
	(7, '2022-11-16 15:00:00', '0000000000'),
	(8, '2022-11-16 15:00:00', '0000000000'),
	(9, '2022-11-16 15:00:00', '0000000000'),
	(10, '2022-11-16 15:00:00', '0000000000');

-- 테이블 ddokbun.water_log 구조 내보내기
CREATE TABLE IF NOT EXISTS `water_log` (
  `water_supply_seq` int unsigned NOT NULL AUTO_INCREMENT,
  `water_supply_date` datetime(6) NOT NULL,
  `pot_serial` char(10) COLLATE utf8mb4_unicode_ci NOT NULL,
  PRIMARY KEY (`water_supply_seq`),
  KEY `FK4f3mdbo7xnalbkqsgtgahpw2l` (`pot_serial`),
  CONSTRAINT `FK4f3mdbo7xnalbkqsgtgahpw2l` FOREIGN KEY (`pot_serial`) REFERENCES `pot` (`pot_serial`)
) ENGINE=InnoDB DEFAULT CHARSET=utf8mb4 COLLATE=utf8mb4_unicode_ci;

-- 테이블 데이터 ddokbun.water_log:~0 rows (대략적) 내보내기

-- 트리거 ddokbun.given_userSeq_when_delete_user_then_delete_alarm_log 구조 내보내기
SET @OLDTMP_SQL_MODE=@@SQL_MODE, SQL_MODE='ONLY_FULL_GROUP_BY,STRICT_TRANS_TABLES,NO_ZERO_IN_DATE,NO_ZERO_DATE,ERROR_FOR_DIVISION_BY_ZERO,NO_ENGINE_SUBSTITUTION';
DELIMITER //
CREATE TRIGGER `given_userSeq_when_delete_user_then_delete_alarm_log` BEFORE DELETE ON `user` FOR EACH ROW begin
	declare deleted_userSeq int unsigned;
    SET deleted_userSeq = OLD.user_seq;
    DELETE FROM alarm_log WHERE user_seq = deleted_userSeq;
end//
DELIMITER ;
SET SQL_MODE=@OLDTMP_SQL_MODE;

/*!40103 SET TIME_ZONE=IFNULL(@OLD_TIME_ZONE, 'system') */;
/*!40101 SET SQL_MODE=IFNULL(@OLD_SQL_MODE, '') */;
/*!40014 SET FOREIGN_KEY_CHECKS=IFNULL(@OLD_FOREIGN_KEY_CHECKS, 1) */;
/*!40101 SET CHARACTER_SET_CLIENT=@OLD_CHARACTER_SET_CLIENT */;
/*!40111 SET SQL_NOTES=IFNULL(@OLD_SQL_NOTES, 1) */;
